Класс,Подкласс 1,Подкласс 2,Тип (%%),Наименование,Определение,Источник,Критерии определения подклассов,Управленческая группа,Примеры,Примечание
A,,,,Управление проектом,"Предметная группа процессов управления, охватывающая процессы, необходимые для соответствующей координации между различными элементами проекта и включающая процессы, необходимые для выявления, определения, комбинирования, объединения, координации, контроля и завершения различных процессов и работ, связанных с проектом","ГОСТ Р ИСО 21500-2014
ГОСТ Р ИСО 9000-2015
ГОСТ Р ИСО/МЭК ТО 16326-2002
ГОСТ Р 54869-2011",По виду процесса,,,Сформулировано на основании результата анализа источников
,AA,,,Разработка Устава проекта,"Процесс разработки документа, который формально авторизует существование проекта и определяет его ключевые параметры",ГОСТ Р ИСО 21500-2014,По предметной группе,Инициирование,,Сформулировано на основании результата анализа источников
,,AAA,,Определение задач проекта,"Процесс определения, согласования и документирования ключевых результатов, которые должны быть достигнуты в ходе реализации проекта",ГОСТ Р ИСО 9001-2015,,Инициирование,,Сформулировано на основании результата анализа источников
,,AAB,,Определение верхнеуровневой организационной структуры проекта,"Процесс определения, согласования и документирования верхнеуровневой организационной структуры проекта, адаптированной к его потребностям, включающий определение ключевых ролей персонала проекта, их прав и обязанностей",ГОСТ Р ИСО/МЭК ТО 16326-2002,,Инициирование,,Сформулировано на основании результата анализа источников
,,AAC,,Определение требований и целей проекта,"Процесс определения, согласования и документирования ключевых и верхнеуровневых требований и целей проекта, ради которых проект инициируется","ГОСТ Р 54869-2011
ГОСТ Р ИСО 9001-2015",,Инициирование,,Сформулировано на основании результата анализа источников
,,AAD,,Определение рисков проекта,"Процесс определения, согласования и документирования ключевых и верхнеуровневых рисков и преимуществ проекта",ГОСТ Р ИСО 9001-2015,,Инициирование,,Сформулировано на основании результата анализа источников
,,AAE,,Определение политики и методов управления проектом,"Процесс определения, согласования и документирования политики и методов управления проектом",ГОСТ Р ИСО 9000-2015,,Инициирование,,Сформулировано на основании результата анализа источников
,AB,,,Разработка модели управления жизненным циклом проекта,"Процесс разработки структурной основы процессов и действий, относящихся к жизненному циклу, которая также служит в качестве общего эталона для установления связей и понимания элементов проекта","ГОСТ Р 57193-2016
ГОСТ Р ИСО/МЭК ТО 16326-2002
ГОСТ Р ИСО 21500-2014",По предметной группе,Инициирование,,Сформулировано на основании результата анализа источников
,,ABA,,Определение политики управления жизненным циклом проекта,"Процесс определения, согласования и документирования политики управления жизненным циклом проекта",ГОСТ Р 57193-2016,,Инициирование,,Сформулировано на основании результата анализа источников
,,ABB,,Определение процедур в жизненном цикле проекта,"Процесс определения, согласования и документирования типов и видов процедур в жизненном цикле проекта",ГОСТ Р 57193-2016,,Инициирование,,Сформулировано на основании результата анализа источников
,,ABC,,Разработка модели жизненного цикла проекта,Процесс создания модели жизненного цикла проекта,ГОСТ Р 57193-2016,,Инициирование,,Сформулировано на основании результата анализа источников
,,ABD,,Определение способов оценки процессов жизненного цикла проекта,"Процесс определения, согласования и документирования способов оценки процессов жизненного цикла проекта",ГОСТ Р 57193-2016,,Инициирование,,Сформулировано на основании результата анализа источников
,,ABE,,Определение политики улучшения процессов жизненного цикла проекта,"Процесс определения, согласования и документирования политики улучшения процессов жизненного цикла проекта",ГОСТ Р 57193-2016,,Инициирование,,Сформулировано на основании результата анализа источников
,AC,,,Разработка планов проекта,"Процесс разработки ключевых и верхнеуровневых планов проекта, определяющих основные работы по проекту, ресурсы и сроки выполнения работ, их стоимость и ограничения","ГОСТ Р ИСО 21500-2014
ГОСТ Р ИСО/МЭК ТО 16326-2002",По предметной группе,Планирование,,Сформулировано на основании результата анализа источников
,,ACA,,Определение основных видов работ проекта,"Процесс определения, согласования и документирования перечня основных видов работ проекта, необходимых для достижения целей проекта",ГОСТ Р ИСО 21500-2014,,Планирование,,Сформулировано на основании результата анализа источников
,,ACB,,Определение сроков выполнения основных видов работ проекта,"Процесс определения, согласования и документирования сроков выполнения основных видов работ проекта, необходимых для достижения целей проекта",ГОСТ Р ИСО 21500-2014,,Планирование,,Сформулировано на основании результата анализа источников
,,ACC,,Определение основных ресурсов для выполнения работ проекта,"Процесс определения, согласования и документирования ресурсов для выполнения основных видов работ проекта, необходимых для достижения целей проекта",ГОСТ Р ИСО 21500-2014,,Планирование,,Сформулировано на основании результата анализа источников
,AD,,,Руководство проектной деятельностью,"Процесс руководства проектной деятельностью и исполнением работ в соответствии с тем, как это определено в планах, для получения утвержденных результатов проекта","ГОСТ Р ИСО 21500-2014
ГОСТ Р ИСО/МЭК ТО 16326-2002
ГОСТ Р 57193-2016",По предметной группе,Исполнение,,Сформулировано на основании результата анализа источников
,,ADA,,Применение соответствующей инфраструктуры и среды в проекте,Процесс использования соответствующей инфраструктуры и среды в проекте для получения утвержденных результатов проекта,ГОСТ Р ИСО 9001-2015,,Исполнение,,Сформулировано на основании результата анализа источников
,,ADB,,Назначение компетентного персонала проекта,Процесс назначения компетентного персонала проекта для получения утвержденных результатов проекта,ГОСТ Р ИСО 9001-2015,,Исполнение,,Сформулировано на основании результата анализа источников
,AE,,,Заключение договора по проекту,Процесс заключения договорных отношений на реализацию проекта,ГОСТ Р ИСО/МЭК ТО 16326-2002,По предметной группе,Исполнение,,Сформулировано на основании результата анализа источников
,,AEA,,Оценка условий договора по проекту,Процесс оценки условий договора по проекту,ГОСТ Р ИСО/МЭК ТО 16326-2002,,Исполнение,,Сформулировано на основании результата анализа источников
,,AEB,,Заключение договорных отношений по проекту,Процесс формализации договорных отношений на реализацию проекта,ГОСТ Р ИСО/МЭК ТО 16326-2002,,Исполнение,,Сформулировано на основании результата анализа источников
,AF,,,Бенчмаркинг при управлении проектом,Процесс изучения практик и результатов других проектов и организаций на основе сравнения в критических точках с целью выявления основополагающих характеристик для повышения своей конкурентоспособности,ГОСТ Р 54147-2010,По предметной группе,Исполнение,,Сформулировано на основании результата анализа источников
,,AFA,,Совершенствование процессов проекта,"Процесс применения лучших практик других проектов и организаций для совершенствования процессов проекта в отношении производительности, эффективности, результативности и качества","ГОСТ Р ИСО 21500-2014
ГОСТ Р ИСО 21504-2016
ГОСТ Р ИСО/МЭК ТО 16326-2002",,Исполнение,,Сформулировано на основании результата анализа источников
,,AFB,,Улучшение результатов работ проекта,Процесс применения лучших практик и результатов других проектов и организаций для совершенствования результатов работ проекта в отношении качества и достижения целей проекта и организации,"ГОСТ Р ИСО 21500-2014
ГОСТ Р ИСО 21504-2016
ГОСТ Р ИСО/МЭК ТО 16326-2002",,Исполнение,,Сформулировано на основании результата анализа источников
,AG,,,Контроль проектной деятельности,Процесс контроля проектной деятельности для обеспечения интегрированного выполнения работ проекта в соответствии с планами и требованиями проекта,"ГОСТ Р ИСО 21500-2014
ГОСТ Р ИСО/МЭК ТО 16326-2002
ГОСТ Р ИСО 9001-2015",По предметной группе,Контроль,,Сформулировано на основании результата анализа источников
,,AGA,,Назначение персонала для осуществления мониторинга и измерений работ по проекту,Процесс назначения персонала для осуществления мониторинга и измерений параметров работ по проекту,ГОСТ Р ИСО 9001-2015,,Контроль,,Сформулировано на основании результата анализа источников
,,AGB,,Измерение производительности работ по проекту,Процесс измерения производительности работ по проекту относительно утвержденных планов,ГОСТ Р ИСО 21500-2014,,Контроль,,Сформулировано на основании результата анализа источников
,,AGC,,Оценка полученных результатов работ по проекту,"Процесс оценки полученных результатов работ по проекту относительно утвержденных ключевых целей, задач и требований","ГОСТ Р ИСО 21500-2014
ГОСТ Р ИСО 9001-2015",,Контроль,,Сформулировано на основании результата анализа источников
,,AGD,,"Определение тенденций, которые могут повлиять на реализацию проекта","Процесс выявления тенденций и критических ситуаций, которые могут негативно повлиять на реализацию проекта","ГОСТ Р ИСО 21500-2014
ГОСТ Р ИСО/МЭК ТО 16326-2002",,Контроль,,Сформулировано на основании результата анализа источников
,,AGE,,Проведение мероприятий по предотвращению ошибок и устранению проблем по проекту,Процесс реализации мероприятий по предотвращению ошибок и устранению проблем по проекту,ГОСТ Р ИСО 9001-2015,,Контроль,,Сформулировано на основании результата анализа источников
,AH,,,Контроль изменений проекта,"Процесс контроля изменений проекта для обеспечения контроля над всеми ключевыми изменениями в проекте и в его результатах, а также формальное утверждение или отклонение изменений до их фактического осуществления",ГОСТ Р ИСО 21500-2014,По предметной группе,Контроль,,Сформулировано на основании результата анализа источников
,,AHA,,Регистрация запросов на осуществление изменений в проекте,Процесс документирования и регистрации запросов на осуществление изменений в проекте,ГОСТ Р ИСО 21500-2014,,Контроль,,Сформулировано на основании результата анализа источников
,,AHB,,Оценка изменений по проекту,"Процесс оценки ключевых изменений по проекту с точки зрения потенциальных выгод, содержания, необходимых ресурсов, сроков и затрат, а также влияния на качество и риски",ГОСТ Р ИСО 21500-2014,,Контроль,,Сформулировано на основании результата анализа источников
,,AHC,,Определение последствий и выгод по проекту,Процесс выявления возможных последствий и выгод по проекту в результате выявленных изменений,ГОСТ Р ИСО 21500-2014,,Контроль,,Сформулировано на основании результата анализа источников
,,AHD,,Утверждение изменений по проекту,Процесс формализованного принятия решения о внедрении изменений по проекту,"ГОСТ Р ИСО 21500-2014
ГОСТ Р ИСО 9001-2015",,Контроль,,Сформулировано на основании результата анализа источников
,,AHE,,Информирование участников проекта об изменениях в проекте,Процесс доведения информации об изменениях по проекту до всех заинтересованных сторон,ГОСТ Р ИСО 21500-2014,,Контроль,,Сформулировано на основании результата анализа источников
,AJ,,,"Осуществление выпуска, поставки и сопровождения результатов проекта","Процесс выпуска, поставки и сопровождения результатов проекта в соответствии с условиями договора по проекту","ГОСТ Р ИСО 9001-2015
ГОСТ Р ИСО/МЭК ТО 16326-2002",По предметной группе,Завершение,,Сформулировано на основании результата анализа источников
,,AJA,,Выпуск результатов работ по проекту,Процесс документирования результатов работ по проекту в виде документов в соответствии с условиями договора по проекту,"ГОСТ Р ИСО 9000-2015
ГОСТ Р ИСО 9001-2015",,Завершение,,Сформулировано на основании результата анализа источников
,,AJB,,Поставка результатов работ по проекту,Процесс передачи документированных результатов работ по проекту заказчику и заинтересованным сторонам в соответствии с условиями договора по проекту,ЕСККАЭ.1,,Завершение,,Сформулировано на основании результата анализа источников
,,AJC,,Сопровождение результатов работ по проекту,"Процесс технического, экспертного или иного сопровождения заказчика по проекту в соответствии с условиями договора по проекту",ГОСТ Р 57193-2016,,Завершение,,Сформулировано на основании результата анализа источников
,AK,,,Завершение проекта или фазы проекта,"Процесс завершения проекта или фазы проекта для подтверждения того, что все процессы и работы проекта или фазы завершены с тем, чтобы закрыть проект или фазу проекта",ГОСТ Р ИСО 21500-2014,По предметной группе,Завершение,,Сформулировано на основании результата анализа источников
,,AKA,,Проверка завершения всех процессов и работ по проекту,"Процесс проверки всех процессов и работ с тем, чтобы гарантировать, что были получены все ожидаемые результаты фазы или проекта, а все заданные процессы проектного менеджмента были соответствующим образом завершены, или официально остановлены до завершения","ГОСТ Р ИСО 21500-2014
ГОСТ Р ИСО/МЭК ТО 16326-2002
ГОСТ Р ИСО 9001-2015",,Завершение,,Сформулировано на основании результата анализа источников
,,AKB,,Сбор и сдача в архив всех проектных документов,Процесс сбора и передачи в архив всех проектных документов в соответствии с принятыми стандартами качества и условиями договора по проекту,"ГОСТ Р ИСО 21500-2014
ГОСТ Р ИСО/МЭК ТО 16326-2002",,Завершение,,Сформулировано на основании результата анализа источников
,,AKC,,Высвобождение персонала проекта и привлеченных ресурсов,Процесс высвобождения от работ по проекту персонала проекта и привлеченных ресурсов в связи с завершением проекта или фазы проекта,ГОСТ Р ИСО 21500-2014,,Завершение,,Сформулировано на основании результата анализа источников
,AL,,,Сохранение накопленного опыта по проекту,Процесс сохранения накопленного опыта по проекту в целях дальнейшей оценки проекта и сбора накопленной информации (опыта) для совершенствования реализации текущих и будущих проектов,"ГОСТ Р ИСО 21500-2014
ГОСТ Р ИСО 10005-2019",По предметной группе,Завершение,,Сформулировано на основании результата анализа источников
,,ALA,,Фиксация результатов работ по проекту,Процесс документирования всех ключевых результатов работ по проекту,ГОСТ Р ИСО 21500-2014,,Завершение,,Сформулировано на основании результата анализа источников
,,ALB,,Обобщение результатов работ по проекту,Процесс обобщения и группировки всех ключевых результатов работ по проекту,ГОСТ Р ИСО 21500-2014,,Завершение,,Сформулировано на основании результата анализа источников
,,ALC,,Хранение результатов работ по проекту,Процесс обеспечения рационального размещения и сохранности всех документированных результатов работ по проекту,"ГОСТ Р ИСО 21500-2014
ГОСТ Р ИСО 10005-2019
ГОСТ Р ИСО 9001-2015",,Завершение,,Сформулировано на основании результата анализа источников
,,ALD,,Распространение результатов работ по проекту,Процесс обеспечения доступа и информирования заинтересованных сторон о ключевых результатах работ и достижениях по проекту,"ГОСТ Р ИСО 21500-2014
ГОСТ Р ИСО 10005-2019",,Завершение,,Сформулировано на основании результата анализа источников
,,ALE,,Патентование результатов работ по проекту,"Процесс регистрации и получения патента с учетом требований договора по проекту на объект интеллектуальной собственности, полученный в результате работ по проекту",ГОСТ Р ИСО/МЭК ТО 16326-2002,,Завершение,,Сформулировано на основании результата анализа источников
B,,,,Управление содержанием проекта,"Предметная группа процессов управления содержанием проекта, охватывающая процессы, обеспечивающие определение и включение в проект только тех работ и результатов, которые необходимы для успешного выполнения проекта","ГОСТ Р ИСО 21500-2014
ГОСТ Р 54869-2011
ГОСТ Р ИСО/МЭК ТО 16326-2002
ГОСТ Р ИСО 9000-2015",По виду процесса,,,Сформулировано на основании результата анализа источников
,BA,,,Определение структуры декомпозиции работ по проекту,"Процесс определения структуры декомпозиции работ для разработки иерархической структуры декомпозиции работ, используемой для представления деятельности, необходимой для достижения целей проекта","ГОСТ Р ИСО 21500-2014
ГОСТ Р ИСО/МЭК ТО 16326-2002",По предметной группе,Планирование,,Сформулировано на основании результата анализа источников
,,BAA,,Определение принципов декомпозиции работ по проекту,"Процесс определения, согласования и документирования принципов и правил разработки структуры декомпозиции работ по проекту","ГОСТ Р ИСО 21500-2014
ГОСТ Р ИСО/МЭК ТО 16326-2002",,Планирование,,Сформулировано на основании результата анализа источников
,,BAB,,Разработка структуры декомпозиции работ по проекту,Процесс разработки и формализации структуры декомпозиции работ по проекту,"ГОСТ Р ИСО 21500-2014
ГОСТ Р ИСО/МЭК ТО 16326-2002",,Планирование,,Сформулировано на основании результата анализа источников
,BB,,,Определение перечня работ и исходных данных по проекту,"Процесс определения перечня работ и исходных данных по проекту для выявления, описания и документирования конкретных работ, которые необходимо выполнить для достижения целей проекта, и всех исходных данных для выполнения этих работ",ГОСТ Р ИСО 21500-2014,По предметной группе,Планирование,,Сформулировано на основании результата анализа источников
,,BBA,,Сбор требований по проекту,Процесс сбора всех применимых к проекту требований,ГОСТ Р ИСО 9001-2015,,Планирование,,Сформулировано на основании результата анализа источников
,,BBB,,Анализ требований проекта,"Процесс установления адекватности всех выявленных требований к проекту, их систематизации и установлении взаимосвязей",ГОСТ Р ИСО 9001-2015,,Планирование,,Сформулировано на основании результата анализа источников
,,BBC,,Оценка требований проекта,"Процесс установления достаточности, пригодности всех выявленных требований к проекту для достижения утвержденных целей и задач",ГОСТ Р ИСО/МЭК ТО 16326-2002,,Планирование,,Сформулировано на основании результата анализа источников
,,BBD,,Формирование перечня требований проекта,"Процесс формирования, согласования и документирования перечня требований проекта",ГОСТ Р ИСО/МЭК ТО 16326-2002,,Планирование,,Сформулировано на основании результата анализа источников
,,BBE,,Определение перечня работ по проекту,"Процесс определения, согласования и документирования перечня необходимых и достаточных работ по проекту на основании сформированного перечня требований, целей и задач проекта",ГОСТ Р ИСО/МЭК ТО 16326-2002,,Планирование,,Сформулировано на основании результата анализа источников
,,BBF,,Определение требуемых исходных данных и ожидаемых результатов работ по проекту,"Процесс определения, согласования и документирования всех необходимых исходных данных для выполнения для выполнения работ по проекту и соответствующих им ожидаемых результатов работ",ГОСТ Р ИСО 9001-2015,,Планирование,,Сформулировано на основании результата анализа источников
,BC,,,Планирование управления изменениями содержания проекта,Процесс планирования управления изменениями содержания для определения порядка работы с изменениями в проекте,ГОСТ Р 54869-2011,По предметной группе,Планирование,,Сформулировано на основании результата анализа источников
,,BCA,,Определение процесса выявления изменений содержания проекта,"Процесс определения, согласования и документирования правил и порядка выявления изменений содержания проекта",ГОСТ Р 54869-2011,,Планирование,,Сформулировано на основании результата анализа источников
,,BCB,,Определение процесса согласования и утверждения изменений содержания проекта,"Процесс определения, согласования и документирования правил и порядка согласования и утверждения изменений содержания проекта",ГОСТ Р 54869-2011,,Планирование,,Сформулировано на основании результата анализа источников
,,BCC,,Определение процесса организации учета версий документов и результатов проекта,"Процесс определения, согласования и документирования правил и порядка организации учета версий документов и результатов проекта",ГОСТ Р 54869-2011,,Планирование,,Сформулировано на основании результата анализа источников
,,BCD,,Определение процесса доведения информации об изменениях содержания проекта до заинтересованных сторон,"Процесс определения, согласования и документирования правил и порядка доведения информации об изменениях содержания проекта до заинтересованных сторон",ГОСТ Р 54869-2011,,Планирование,,Сформулировано на основании результата анализа источников
,BD,,,Изменение содержания проекта,Процесс внесения изменений в содержание проекта,ГОСТ Р ИСО 10006-2019,По предметной группе,Исполнение,,Сформулировано на основании результата анализа источников
,,BDA,,Изменение требований проекта,Процесс внесения утвержденных изменений в состав и содержание требований проекта,ГОСТ Р ИСО 9001-2015,,Исполнение,,Сформулировано на основании результата анализа источников
,,BDB,,Изменение состава и содержания работ проекта,Процесс внесения утвержденных изменений в состав и содержание работ проекта,"ГОСТ Р ИСО 10006-2019
ГОСТ Р 54869-2011",,Исполнение,,Сформулировано на основании результата анализа источников
,BE,,,Управление составом содержания проекта,"Процесс управления составом содержания проекта для выявления, оценки, описания и документирования отклонений содержания проекта от утвержденных целевых показателей","ГОСТ Р ИСО 21500-2014
ГОСТ Р ИСО 9000-2015
ГОСТ Р ИСО 10006-2019
ГОСТ Р ИСО/МЭК ТО 16326-2002",По предметной группе,Контроль,,Сформулировано на основании результата анализа источников
,,BEA,,Определение текущего состояния содержания проекта,Процесс определения состояния содержания проекта на момент времени в соответствии с утвержденными правилами,ГОСТ Р ИСО 21500-2014,,Контроль,,Сформулировано на основании результата анализа источников
,,BEB,,Сравнение текущего состояния содержания проекта с утвержденными целевыми показателями,Процесс сопоставления и документирования утвержденных целевых показателей содержания проекта с состоянием содержания проекта на момент времени в соответствии с утвержденными правилами,ГОСТ Р ИСО 21500-2014,,Контроль,,Сформулировано на основании результата анализа источников
,,BEC,,Выявление отклонений содержания проекта,Процесс выявления и документирования отклонений от утвержденных целевых показателей содержания проекта состояния содержания проекта на момент времени в соответствии с утвержденными правилами,"ГОСТ Р ИСО 21500-2014
ГОСТ Р ИСО 10006-2019",,Контроль,,Сформулировано на основании результата анализа источников
,,BED,,Прогнозирование содержания проекта по его завершении,Процесс формирования и документирования прогноза содержания проекта по его завершении на основании выявленных отклонений,"ГОСТ Р ИСО 21500-2014
ГОСТ Р ИСО 10006-2019
ГОСТ Р ИСО/МЭК ТО 16326-2002",,Контроль,,Сформулировано на основании результата анализа источников
,,BEE,,Формировании запросов на изменение содержания проекта,"Процесс документирования и регистрации запросов на изменение содержания проекта, направленных на устранение отрицательных и обеспечение положительных последствий для содержания проекта","ГОСТ Р ИСО 21500-2014
ГОСТ Р ИСО 10006-2019",,Контроль,,Сформулировано на основании результата анализа источников
,,BEF,,Фиксация изменений содержания проекта,Процесс документирования и регистрации утвержденных изменений содержания проекта,ГОСТ Р ИСО 10006-2019,,Контроль,,Сформулировано на основании результата анализа источников
C,,,,Управление сроками проекта,"Предметная группа процессов управления сроками проекта, охватывающая процессы, необходимые для создания календарного графика проекта, отслеживания его выполнения и обеспечения своевременного завершения работ по проекту","ГОСТ Р ИСО 21500-2014
ГОСТ Р 54869-2011
ГОСТ Р ИСО 10006-2019
ГОСТ Р ИСО/МЭК ТО 16326-2002",По виду процесса,,,Сформулировано на основании результата анализа источников
,CA,,,Определение последовательности работ проекта,Процесс определения последовательности работ проекта для выявления и документирования зависимостей между работами проекта,"ГОСТ Р ИСО 21500-2014
ГОСТ Р ИСО 9001-2015
ГОСТ Р ИСО/МЭК ТО 16326-2002",По предметной группе,Планирование,,Сформулировано на основании результата анализа источников
,,CAA,,Определение взаимосвязей между работами проекта,"Процесс определения, согласования и документирования взаимосвязей между работами проекта","ГОСТ Р ИСО 21500-2014
ГОСТ Р 54869-2011
ГОСТ Р ИСО 10006-2019
ГОСТ Р ИСО/МЭК ТО 16326-2002",,Планирование,,Сформулировано на основании результата анализа источников
,,CAB,,Построение работ проекта в логическом порядке,"Процесс определения, согласования и документирования логической последовательности работ проекта",ГОСТ Р ИСО 21500-2014,,Планирование,,Сформулировано на основании результата анализа источников
,CB,,,Оценка длительности работ проекта,"Процесс определения, оценки и документирования длительности работ проекта","ГОСТ Р ИСО 21500-2014
ГОСТ Р 54869-2011
ГОСТ Р 54869-2011",По предметной группе,Планирование,,Сформулировано на основании результата анализа источников
,,CBA,,Определение длительности работ по проекту,"Процесс определения, согласования и документирования времени, необходимом для выполнения работ по проекту",ГОСТ Р ИСО 21500-2014,,Планирование,,Сформулировано на основании результата анализа источников
,,CBB,,Оценка длительности работ по проекту,"Процесс установления достаточности, пригодности и корректности всех длительностей работ по проекту для достижения утвержденных целей и задач",ГОСТ Р ИСО 10006-2019,,Планирование,,Сформулировано на основании результата анализа источников
,CC,,,Разработка графика работ по проекту,"Процесс расчета дат начала и окончания работ по проекту, разработки и формализации графика работ проекта","ГОСТ Р ИСО 21500-2014
ГОСТ Р 54869-2011
ГОСТ Р ИСО/МЭК ТО 16326-2002
ГОСТ Р ИСО 10006-2019",По предметной группе,Планирование,,Сформулировано на основании результата анализа источников
,,CCA,,Расчет дат начала и окончания работ по проекту,"Процесс определения, согласования и документирования дат начала и окончания работ по проекту",ГОСТ Р ИСО 21500-2014,,Планирование,,Сформулировано на основании результата анализа источников
,,CCB,,Разработка детального графика работ по проекту,"Процесс разработки детального графика работ по проекту на основании утвержденного логического порядка работ, их длительности, дат начала и окончания",ГОСТ Р ИСО 21500-2014,,Планирование,,Сформулировано на основании результата анализа источников
,,CCC,,Определение критического пути проекта,"Процесс определения, согласования и документирования наиболее длительной последовательности работ от начала проекта до его окончания с учетом их взаимосвязи",ГОСТ Р ИСО 10006-2019,,Планирование,,Сформулировано на основании результата анализа источников
,,CCD,,Обоснование сроков реализации работ по проекту,Процесс обоснования сроков реализации работ по проекту на основании утвержденных правил,"ГОСТ Р 54869-2011
ГОСТ Р ИСО/МЭК ТО 16326-2002",,Планирование,,Сформулировано на основании результата анализа источников
,CD,,,Изменение графика работ по проекту,Процесс внесения изменений в график работ по проекту,ГОСТ Р ИСО 10006-2019,По предметной группе,Исполнение,,Сформулировано на основании результата анализа источников
,,CDA,,Изменение дат начала и окончания работ по проекту,Процесс внесения утвержденных изменений дат начала и окончания работ по проекту,ГОСТ Р ИСО 10006-2019,,Исполнение,,Сформулировано на основании результата анализа источников
,,CDB,,Изменение последовательности работ по проекту,Процесс внесения утвержденных изменений последовательности работ по проекту,ГОСТ Р ИСО 10006-2019,,Исполнение,,Сформулировано на основании результата анализа источников
,CE,,,Контроль исполнения графика работ по проекту,Процесс контроля исполнения графика работ по проекту для отслеживания отклонений от расписания и осуществления надлежащих корректирующих действий,"ГОСТ Р ИСО 21500-2014
ГОСТ Р ИСО/МЭК ТО 16326-2002
ГОСТ Р ИСО 10006-2019",По предметной группе,Контроль,,Сформулировано на основании результата анализа источников
,,CEA,,Определение текущего состояния исполнения работ по проекту,Процесс определения состояния исполнения работ по проекту на момент времени в соответствии с утвержденными правилами,"ГОСТ Р ИСО 21500-2014
ГОСТ Р ИСО 10006-2019",,Контроль,,Сформулировано на основании результата анализа источников
,,CEB,,Сравнение текущего состояния исполнения работ по проекту с утвержденным графиком работ,Процесс сопоставления и документирования утвержденного графика работ по проекту с состоянием исполнения работ по проекту на момент времени в соответствии с утвержденными правилами,"ГОСТ Р ИСО 21500-2014
ГОСТ Р ИСО 10006-2019",,Контроль,,Сформулировано на основании результата анализа источников
,,CEC,,Выявление отклонений сроков исполнения работ по проекту,Процесс выявления и документирования отклонений от утвержденного графика работ по проекту состояния исполнения работ по проекту на момент времени в соответствии с утвержденными правилами,"ГОСТ Р ИСО 21500-2014
ГОСТ Р ИСО 10006-2019",,Контроль,,Сформулировано на основании результата анализа источников
,,CED,,Прогнозирование сроков завершения работ по проекту,Процесс формирования и документирования прогноза сроков завершения работ по проекту на основании выявленных отклонений,"ГОСТ Р ИСО 21500-2014
ГОСТ Р ИСО 10006-2019",,Контроль,,Сформулировано на основании результата анализа источников
,,CEE,,Предотвращение негативных воздействий на график работ по проекту,Процесс реализации рутинных мероприятий по предотвращению негативных воздействий на график работ по проекту,"ГОСТ Р ИСО 21500-2014
ГОСТ Р ИСО 10006-2019",,Контроль,,Сформулировано на основании результата анализа источников
D,,,,Управление стоимостью проекта,"Предметная группа процессов управления стоимостью проекта, охватывающая процессы формирования бюджета, отслеживания его выполнения и контроля затрат","ГОСТ Р ИСО 21500-2014
ГОСТ Р 54869-2011
ГОСТ Р ИСО 10006-2019
ГОСТ Р ИСО/МЭК ТО 16326-2002",По виду процесса,,,Сформулировано на основании результата анализа источников
,DA,,,Оценка стоимости проекта,"Процесс определения и оценки и документирования стоимости проекта для получения затрат, необходимых для завершения каждой работы проекта и проекта в целом","ГОСТ Р ИСО 21500-2014
ГОСТ Р ИСО 10006-2019",По предметной группе,Планирование,,Сформулировано на основании результата анализа источников
,,DAA,,Определение затрат по проекту,"Процесс определения, согласования и документирования затрат, необходимых для завершения каждой работы проекта и проекта в целом","ГОСТ Р 54869-2011
ГОСТ Р ИСО/МЭК ТО 16326-2002",,Планирование,,Сформулировано на основании результата анализа источников
,,DAB,,Оценка затрат по проекту,"Процесс установления достаточности, пригодности и корректности всех затрат проекта для достижения утвержденных целей и задач",ГОСТ Р ИСО/МЭК ТО 16326-2002,,Планирование,,Сформулировано на основании результата анализа источников
D,,DAC,,Сравнительный анализ альтернативных решений,,ГОСТ Р ИСО 22263–2017 ,,Планирование,,
D,,DAD,,Оценка экономической целесообразности,,ГОСТ Р ИСО 22263–2017 ,,Планирование,,
,DB,,,Составление бюджета проекта,"Процесс определения и документирования бюджета проекта для распределения бюджета проекта между отдельными работами или пакетами работ, в соответствие с уровнями структуры декомпозиции работ","ГОСТ Р ИСО 21500-2014
ГОСТ Р 54869-2011
ГОСТ Р ИСО 10006-2019
ГОСТ Р ИСО/МЭК ТО 16326-2002",По предметной группе,Планирование,,Сформулировано на основании результата анализа источников
,,DBA,,Описание критериев оценки эффективности затрат,"Процесс определения, согласования и документирования критериев оценки эффективности затрат по проекту","ГОСТ Р ИСО 21500-2014
ГОСТ Р 54869-2011",,Планирование,,Сформулировано на основании результата анализа источников
,,DBB,,Определение реалистичных бюджетов по проекту,"Процесс определения, согласования и документирования реалистичных бюджетов по проекту","ГОСТ Р ИСО 21500-2014
ГОСТ Р 54869-2011",,Планирование,,Сформулировано на основании результата анализа источников
,,DBC,,Распределение бюджета по проекту,"Процесс определения, согласования и документирования распределения бюджета по проекту","ГОСТ Р ИСО 21500-2014
ГОСТ Р 54869-2011",,Планирование,,Сформулировано на основании результата анализа источников
,DC,,,Контроль стоимости проекта,Процесс контроля стоимости проекта для отслеживания отклонений затрат проекта и осуществления корректирующих действий,"ГОСТ Р ИСО 21500-2014
ГОСТ Р ИСО 10006-2019
ГОСТ Р ИСО/МЭК ТО 16326-2002",По предметной группе,Контроль,,Сформулировано на основании результата анализа источников
,,DCA,,Накопление данных о затратах по проекту,Процесс сбора и хранения всех данных о затратах по проекту,"ГОСТ Р ИСО 21500-2014
ГОСТ Р ИСО 10006-2019",,Контроль,,Сформулировано на основании результата анализа источников
,,DCB,,Определение текущего состояния затрат по проекту,Процесс определения состояния затрат по проекту на момент времени в соответствии с утвержденными правилами,"ГОСТ Р ИСО 21500-2014
ГОСТ Р ИСО 10006-2019",,Контроль,,Сформулировано на основании результата анализа источников
,,DCC,,Сравнение текущего состояния затрат по проекту с утвержденным распределением бюджета,Процесс сопоставления и документирования утвержденного распределения бюджета по проекту с состоянием затрат по проекту на момент времени в соответствии с утвержденными правилами,"ГОСТ Р ИСО 21500-2014
ГОСТ Р ИСО 10006-2019",,Контроль,,Сформулировано на основании результата анализа источников
,,DCD,,Выявление отклонений затрат по проекту,Процесс выявления и документирования отклонений от распределения бюджета по проекту состояния затрат по проекту на момент времени в соответствии с утвержденными правилами,"ГОСТ Р ИСО 21500-2014
ГОСТ Р ИСО 10006-2019",,Контроль,,Сформулировано на основании результата анализа источников
,,DCE,,Прогнозирование стоимости проекта по его завершении,Процесс формирования и документирования прогноза стоимости проекта по его завершении на основании выявленных отклонений,ГОСТ Р ИСО 21500-2014,,Контроль,,Сформулировано на основании результата анализа источников
,,DCF,,Предотвращение негативных воздействий на стоимость проекта,Процесс реализации рутинных мероприятий по предотвращению негативных воздействий на стоимость проекта,ГОСТ Р ИСО 21500-2014,,Контроль,,Сформулировано на основании результата анализа источников
E,,,,Управление ресурсами проекта (трудовыми),"Предметная группа процессов управления ресурсами проекта, охватывающая процессы, позволяющие обеспечить проект трудовыми ресурсами, достаточными для достижения поставленных целей и задач проекта","ГОСТ Р ИСО 21500-2014
ГОСТ Р 54869-2011
ГОСТ Р ИСО 10006-2019
ГОСТ Р ИСО/МЭК ТО 16326-2002",По виду процесса,,,Сформулировано на основании результата анализа источников
,EA,,,Формирование команды проекта,Процесс формирования команды проекта для обеспечения проекта трудовыми ресурсами,"ГОСТ Р ИСО 21500-2014
ГОСТ Р ИСО 9001-2015
ГОСТ Р ИСО/МЭК ТО 16326-2002",По предметной группе,Инициирование,,Сформулировано на основании результата анализа источников
,,EAA,,Определение принципов вовлечения и освобождения от работы членов команды проекта,"Процесс определения, согласования и документирования правил и порядка, как и когда члены команды проекта будут вовлечены в работу или освобождены от нее",ГОСТ Р ИСО 21500-2014,,Инициирование,,Сформулировано на основании результата анализа источников
,,EAB,,Отбор команды проекта,Процесс выбора членов команды проекта из существующего объема доступных трудовых ресурсов,ГОСТ Р ИСО 21500-2014,,Инициирование,,Сформулировано на основании результата анализа источников
,,EAC,,Контроль отбора команды проекта,"Процесс осуществления проверки того, что назначаемые трудовые ресурсы соответствуют требованиям по компетенциям проекта и способны обеспечить достижение целей и задач проекта",ГОСТ Р ИСО 21500-2014,,Инициирование,,Сформулировано на основании результата анализа источников
,,EAD,,Найм дополнительных сотрудников,Прием на работу дополнительных трудовых ресурсов для обеспечения достижения целей и задач проекта,"ГОСТ Р ИСО 21500-2014
ГОСТ Р ИСО 9000-2015",,Инициирование,,Сформулировано на основании результата анализа источников
,,EAE,,Передача работ по проекту на субподряд другой организации,Найм субподрядной организации на выполнение определенных работ по проекту для обеспечения достижения целей и задач проекта,"ГОСТ Р ИСО 21500-2014
ГОСТ Р ИСО 9000-2015",,Инициирование,,Сформулировано на основании результата анализа источников
,,EAF,,Определение мест выполнения работ по проекту,Процесс определения мест наиболее эффективного выполнения работ по проекту для каждого члена команды,ГОСТ Р ИСО 21500-2014,,Инициирование,,Сформулировано на основании результата анализа источников
,,EAG,,Определение обязательств в команде проекта,Процесс определения видов обязанностей в команде проекта,"ГОСТ Р ИСО 21500-2014
ГОСТ Р ИСО/МЭК ТО 16326-2002",,Инициирование,,Сформулировано на основании результата анализа источников
,,EAH,,Определение ролей в команде проекта,Процесс определения видов ролей в команде проекта,ГОСТ Р ИСО 21500-2014,,Инициирование,,Сформулировано на основании результата анализа источников
,,EAJ,,Определение ответственности в команде проекта,Процесс определения вида ответственности и границ полномочий в команде проекта,"ГОСТ Р ИСО 21500-2014
ГОСТ Р ИСО 21504-2016",,Инициирование,,Сформулировано на основании результата анализа источников
,,EAK,,Определение требований к отчетности о выполнении работ по проекту,Процесс определения требований к отчетности о выполнении работ по проекту,ГОСТ Р ИСО 21500-2014,,Инициирование,,Сформулировано на основании результата анализа источников
,,EAL,,Определение требований к организации взаимодействия в команде проекта,"Процесс определения требований к организации взаимодействия в команде проекта, таких как применяемых руководящих установок, процессов и методов, способов эскалации проблем и рисков",ГОСТ Р ИСО 21500-2014,,Инициирование,,Сформулировано на основании результата анализа источников
,EB,,,Оценка ресурсов проекта (трудовых),"Процесс оценки трудовых ресурсов проекта для определения того, какие ресурсы необходимы для каждой работы из списка работ","ГОСТ Р ИСО 21500-2014
ГОСТ Р ИСО/МЭК ТО 16326-2002",По предметной группе,Планирование,,Сформулировано на основании результата анализа источников
,,EBA,,Оценка трудозатрат для выполнения работ по проекту,Процесс определения трудозатрат для выполнения работ по проекту,"ГОСТ Р ИСО 10006-2019
ГОСТ Р ИСО/МЭК ТО 16326-2002",,Планирование,,Сформулировано на основании результата анализа источников
,,EBB,,"Определение трудовых ресурсов, необходимых для выполнения работ по проекту",Процесс определения необходимого количества и качества трудовых ресурсов для выполнения работ по проекту,"ГОСТ Р ИСО 10006-2019
ГОСТ Р ИСО 9001-2015",,Планирование,,Сформулировано на основании результата анализа источников
,EC,,,Определение организационной структуры проекта,"Процесс определения организационной структуры проекта для фиксации всех необходимых обязательств, ролей, ответственности, полномочий от всех сторон, задействованных в проекте","ГОСТ Р ИСО 21500-2014
ГОСТ Р ИСО 10006-2019",По предметной группе,Планирование,,Сформулировано на основании результата анализа источников
,,ECA,,"Фиксация поименного, численного и квалификационного состава команды проекта","Процесс определения, согласования и документирования поименного, численного и квалификационного состава команды проекта","ГОСТ Р ИСО 21500-2014
ГОСТ Р 54869-2011",,Планирование,,Сформулировано на основании результата анализа источников
,,ECB,,"Распределение задач, ответственности и полномочий между членами команды проекта","Процесс распределения задач, ответственности и полномочий между всеми членами команды проекта","ГОСТ Р ИСО 21500-2014
ГОСТ Р ИСО 9001-2015
ГОСТ Р ИСО/МЭК ТО 16326-2002
ГОСТ Р 54869-2011",,Планирование,,Сформулировано на основании результата анализа источников
,ED,,,Развитие команды проекта,"Процесс развития компетенций команды проекта для обеспечения непрерывного роста профессионализма и улучшения взаимодействия между членами команды, направленных на повышение уровня мотивации и результативности совместной работы по проекту","ГОСТ Р ИСО 21500-2014
ГОСТ Р ИСО 10006-2019
ГОСТ Р ИСО/МЭК ТО 16326-2002",По предметной группе,Исполнение,,Сформулировано на основании результата анализа источников
,,EDA,,Обучение команды проекта,"Процесс, направленный на приобретение и усвоение знаний, умений, навыков, формирование мировоззрения, развитие умственных сил и потенциальных возможностей обучаемых, закрепление навыков самообразования в соответствии с поставленными целями и задачами проекта","ГОСТ Р ИСО 9000-2015
ГОСТ Р ИСО 10005-2019",,Исполнение,,Сформулировано на основании результата анализа источников
,EE,,,Контроль ресурсов проекта (трудовых),"Процесс контроля трудовых ресурсов проекта для обеспечения непрерывного роста компетенций и выполнения работ по проекту в соответствии с утвержденными целями, задачами и ограничениями","ГОСТ Р ИСО 21500-2014
ГОСТ Р ИСО 9001-2015
ГОСТ Р ИСО 21504-2016",По предметной группе,Контроль,,Сформулировано на основании результата анализа источников
,,EEA,,Оценка трудовых ресурсов по проекту,"Процесс установления достаточности, пригодности и корректности назначения трудовых ресурсов на работы проекта для достижения утвержденных целей и задач",ГОСТ Р ИСО 10006-2019,,Контроль,,Сформулировано на основании результата анализа источников
,,EEB,,Обеспечение членов команды проекта заданиями,Процесс обеспечения членов команды проекта заданиями по проекту для эффективного использования трудовых ресурсов,ГОСТ Р ИСО/МЭК ТО 16326-2002,,Контроль,,Сформулировано на основании результата анализа источников
,,EEC,,Обеспечение доступности трудовых ресурсов,Процесс обеспечения и поддержки ресурсного обеспечение проекта на необходимом уровне для поддержания проекта и организации в их текущем состоянии,"ГОСТ Р ИСО 10005-2019
ГОСТ Р ИСО 9001-2015
ГОСТ Р ИСО 21504-2016",,Контроль,,Сформулировано на основании результата анализа источников
,EF,,,Управление командой проекта,"Процесс управления командой проекта для оптимизации деятельности команды, обеспечения обратной связи, разрешения проблем, содействию налаживанию коммуникаций и координации работ по осуществлению изменений в интересах успешного завершения проекта",ГОСТ Р ИСО 21500-2014,По предметной группе,Контроль,,Сформулировано на основании результата анализа источников
,,EFA,,Анализ деятельности команды проекта,"Процесс анализа результативности, эффективности и продуктивности деятельности членов и групп команды и команды в целом",ГОСТ Р ИСО/МЭК ТО 16326-2002,,Контроль,,Сформулировано на основании результата анализа источников
,,EFB,,Оптимизация деятельности команды проекта,"Процесс оптимизации деятельности команды проекта для повышения результативности, эффективности и продуктивности выполнения работ по проекту",ГОСТ Р ИСО 21500-2014,,Контроль,,Сформулировано на основании результата анализа источников
,,EFC,,Обеспечение обратной связи между руководителями проекта и членами команды проекта,"Процесс обеспечения обмена необходимой информацией, включающей эскалацию проблем, между руководителями проекта и членами команды проекта",ГОСТ Р ИСО 21500-2014,,Контроль,,Сформулировано на основании результата анализа источников
,,EFD,,Разрешение проблем между членами команды проекта,"Процесс разрешения проблем, включая коммуникационные, между членами команды проекта","ГОСТ Р ИСО 21500-2014
ГОСТ Р ИСО 21504-2016",,Контроль,,Сформулировано на основании результата анализа источников
,,EFE,,Содействие налаживанию коммуникаций между членами команды проекта,"Процесс содействия налаживанию эффективных коммуникаций между членами команды проекта для повышения результативности, эффективности и продуктивности выполнения работ по проекту",ГОСТ Р ИСО 21500-2014,,Контроль,,Сформулировано на основании результата анализа источников
,,EFF,,Координация работ членов команды проекта по реализации изменений в проекте,Процесс информирования и координации работ членов команды проекта по внедрению изменений в проекте,"ГОСТ Р ИСО 21500-2014
ГОСТ Р ИСО 21504-2016",,Контроль,,Сформулировано на основании результата анализа источников
F,,,,Управление коммуникациями проекта,"Предметная группа процессов управления коммуникациями проекта, охватывающая процессы, необходимые для планирования и управления коммуникациями, а также для распространения информации, относящейся к проекту","ГОСТ Р ИСО 21500-2014
ГОСТ Р 54869-2011
ГОСТ Р ИСО/МЭК ТО 16326-2002
ГОСТ Р ИСО 10006-2019",По виду процесса,,,Сформулировано на основании результата анализа источников
,FA,,,Планирование коммуникаций по проекту,Процесс планирования коммуникаций по проекту для выявления информационных и коммуникационных потребностей заинтересованных лиц проекта,"ГОСТ Р ИСО 21500-2014
ГОСТ Р ИСО/МЭК ТО 16326-2002
ГОСТ Р 54869-2011
ГОСТ Р ИСО 10006-2019",По предметной группе,Планирование,,Сформулировано на основании результата анализа источников
,,FAA,,Определение участников информационного обмена в проекте,"Процесс определения, согласования и документирования перечня участников информационного обмена в проекте",ГОСТ Р 54869-2011,,Планирование,,Сформулировано на основании результата анализа источников
,,FAB,,Определение информационных потребностей участников проекта,"Процесс определения, согласования и документирования информационных потребностей участников проекта в соответствии с целями, задачами и ограничениями проекта","ГОСТ Р ИСО 21500-2014
ГОСТ Р 54869-2011
ГОСТ Р ИСО 10006-2019",,Планирование,,Сформулировано на основании результата анализа источников
,,FAC,,Определение методов удовлетворения информационных потребностей участников проекта,"Процесс определения, согласования и документирования правил и порядка удовлетворения информационных потребностей участников проекта","ГОСТ Р ИСО 21500-2014
ГОСТ Р 54869-2011
ГОСТ Р ИСО 10006-2019",,Планирование,,Сформулировано на основании результата анализа источников
,FB,,,Распространение информации по проекту,"Процесс распространения информации по проекту для предоставления необходимой информации заинтересованным лицам в соответствии с планом коммуникаций, а также при реагировании на неожиданно возникающие запросы информации","ГОСТ Р ИСО 21500-2014
ГОСТ Р ИСО 10005-2019",По предметной группе,Исполнение,,Сформулировано на основании результата анализа источников
,,FBA,,Обмен информацией по проекту,Процесс обмена информацией по проекту между участниками информационного обмена в проекте в соответствии с принятыми в проекте требованиями и правилами,"ГОСТ Р ИСО 10005-2019
ГОСТ Р ИСО 9001-2015
ГОСТ Р ИСО 9000-2015
ГОСТ Р ИСО 10006-2019",,Исполнение,,Сформулировано на основании результата анализа источников
,,FBB,,Защита информации по проекту,"Процесс обеспечения защиты информации по проекту в соответствии с принятыми в проекте и организации требованиями по классификации, защите и обращению с информацией",ГОСТ Р ИСО 10006-2019,,Исполнение,,Сформулировано на основании результата анализа источников
,FC,,,Управление взаимодействием участников проекта,"Процесс управления взаимодействием участников проекта для удовлетворения информационных потребностей заинтересованных лиц проекта, а также разрешения вопросов, касающихся информационного взаимодействия в рамках проекта, в случае их возникновения","ГОСТ Р ИСО 21500-2014
ГОСТ Р 57193-2016
ГОСТ Р ИСО 10006-2019",По предметной группе,Контроль,,Сформулировано на основании результата анализа источников
,,FCA,,Обеспечение эффективных коммуникативных связей между участниками проекта,Процесс улучшение понимания между различными участниками проекта путем налаживания эффективных коммуникативных связей,"ГОСТ Р ИСО 21500-2014
ГОСТ Р ИСО 9000-2015
ГОСТ Р ИСО 10006-2019",,Контроль,,Сформулировано на основании результата анализа источников
,,FCB,,"Предоставление участникам проекта своевременной, достоверной и объективной информации","Процесс предоставления участникам проекта своевременной, достоверной и объективной информации в соответствии с их информационными потребностями, требованиями и правилами проекта и организации",ГОСТ Р ИСО 21500-2014,,Контроль,,Сформулировано на основании результата анализа источников
,,FCC,,Предотвращение и разрешение коммуникационных проблем между участниками проекта,"Процесс разрешения вопросов, касающихся информационного взаимодействия, с целью предотвращения неблагоприятных воздействий на проект, возникших вследствие неразрешенных коммуникационных проблем или недопонимания между участниками проекта","ГОСТ Р ИСО 21500-2014
ГОСТ Р ИСО/МЭК ТО 16326-2002
ГОСТ Р ИСО 10006-2019",,Контроль,,Сформулировано на основании результата анализа источников
,,FCD,,Оценка эффективности коммуникаций между участниками проекта,"Процесс установления достаточности, пригодности и корректности выбранных способов и методов взаимодействия между участниками проекта для повышения результативности, эффективности и продуктивности выполнения работ по проекту",ГОСТ Р ИСО 10006-2019,,Контроль,,Сформулировано на основании результата анализа источников
G,,,,Управление заинтересованными сторонами проекта,"Предметная группа процессов управления, связанных с заинтересованными лицами, охватывающая процессы по выявлению всех заинтересованных лиц проекта и взаимодействию с ними, в том числе с куратором, заказчиком и другими участниками проекта","ГОСТ Р ИСО 21500-2014
ГОСТ Р 54869-2011
ГОСТ Р ИСО 9001-2015",По виду процесса,,,Сформулировано на основании результата анализа источников
,GA,,,Определение состава заинтересованных сторон по проекту,"Процесс определения, согласования и документирования состава заинтересованных сторон по проекту для выявления всех физических лиц, групп или организаций, которые влияют на проект или подвержены его влиянию",ГОСТ Р ИСО 21500-2014,,Инициирование,,Сформулировано на основании результата анализа источников
,GB,,,Определение правил управления заинтересованными сторонами по проекту,"Процесс определения, согласования и документирования правил и порядка управления заинтересованными сторонами по проекту",ГОСТ Р 57193-2016,,Инициирование,,Сформулировано на основании результата анализа источников
,GC,,,Определение обязанностей заинтересованных сторон по проекту,"Процесс определения, согласования и документирования обязанностей заинтересованных сторон по проекту",ГОСТ Р ИСО/МЭК ТО 16326-2002,,Инициирование,,Сформулировано на основании результата анализа источников
,GD,,,Разработка матрицы взаимодействия заинтересованных сторон в проекте,"Процесс разработки, согласования и формализации матрицы взаимодействия заинтересованных сторон в проекте",ГОСТ Р 57193-2016,,Инициирование,,Сформулировано на основании результата анализа источников
,GE,,,Руководство заинтересованными сторонами в проекте,Процесс руководства заинтересованными сторонами в проекте для корректной идентификации потребностей и ожиданий заинтересованных сторон и соответствующего реагирования на их потребности и ожидания,"ГОСТ Р ИСО 21500-2014
ГОСТ Р ИСО 21504-2016",По предметной группе,Исполнение,,Сформулировано на основании результата анализа источников
,,GEA,,Идентификация важных для заинтересованных сторон вопросов по проекту,Процесс определения и фиксации потребностей и требований заинтересованных сторон в проекте,"ГОСТ Р ИСО 21500-2014
ГОСТ Р 57193-2016
ГОСТ Р ИСО 10006-2019
ГОСТ Р ИСО 9001-2015",,Исполнение,,Сформулировано на основании результата анализа источников
,,GEB,,Анализ важных для заинтересованных сторон вопросов по проекту,"Процесс установления достаточности, пригодности и корректности потребностей и требований заинтересованных сторон в проекте для обеспечения достижения целей и задач проекта",ГОСТ Р ИСО 21500-2014,,Исполнение,,Сформулировано на основании результата анализа источников
,,GEC,,Разрешение важных для заинтересованных сторон проблем и вопросов по проекту,Процесс разрешения важных для заинтересованных сторон проблем и вопросов по проекту,"ГОСТ Р ИСО 21500-2014
ГОСТ Р 57193-2016
ГОСТ Р ИСО 10006-2019
ГОСТ Р ИСО 9000-2015",,Исполнение,,Сформулировано на основании результата анализа источников
,,GED,,Информирование заинтересованных сторон в соответствии с их потребностями,Процесс информирования заинтересованных сторон в соответствии с их требованиями и потребностями и в соответствии с требованиями и правилами проекта и организации,ГОСТ Р ИСО 9001-2015,,Исполнение,,Сформулировано на основании результата анализа источников
H,,,,Управление рисками проекта,"Предметная группа процессов управления рисками проекта, охватывающая процессы, необходимые для идентификации и управления угрозами и возможностями в проекте","ГОСТ Р ИСО 21500-2014
ГОСТ Р 54869-2011
ГОСТ Р ИСО/МЭК ТО 16326-2002
ГОСТ Р ИСО 9001-2015
ГОСТ Р ИСО 10006-2019",По виду процесса,,,Сформулировано на основании результата анализа источников
,HA,,,Идентификация рисков и преимуществ по проекту,"Процесс идентификации рисков и преимуществ по проекту для выявления возможных рисковых событий и их характеристик, которые, в случае возникновения, могут оказать положительное или отрицательное влияние на достижение целей и задач проекта","ГОСТ Р ИСО 21500-2014
ГОСТ Р ИСО 9001-2015
ГОСТ Р 54869-2011
ГОСТ Р ИСО/МЭК ТО 16326-2002",По предметной группе,Планирование,,Сформулировано на основании результата анализа источников
,,HAA,,Выявление рисков и преимуществ по проекту,"Процесс определения, согласования и документирования возможных рисковых событий, которые, в случае возникновения, могут оказать положительное или отрицательное влияние на достижение целей и задач проекта","ГОСТ Р ИСО 21500-2014
ГОСТ Р ИСО/МЭК ТО 16326-2002",,Планирование,,Сформулировано на основании результата анализа источников
,,HAB,,Определение областей влияния рисков и преимуществ по проекту,"Процесс определения, согласования и документирования областей влияния на проект возможных рисковых событий, которые, в случае возникновения, могут оказать положительное или отрицательное влияние на достижение целей и задач проекта",ГОСТ Р ИСО/МЭК ТО 16326-2002,,Планирование,,Сформулировано на основании результата анализа источников
,HB,,,Оценка рисков и преимуществ по проекту,"Процесс оценки рисков и преимуществ по проекту для измерения идентифицированных рисков и их классификации по значимости для осуществления дальнейших действий, в частности для подготовки плана реагирования на риски","ГОСТ Р ИСО 21500-2014
ГОСТ Р ИСО/МЭК ТО 16326-2002
ГОСТ Р 54869-2011
ГОСТ Р ИСО 10006-2019",По предметной группе,Планирование,,Сформулировано на основании результата анализа источников
,,HBA,,Определение методов и критериев оценки рисков и преимуществ по проекту,"Процесс определения, согласования и документирования методов и критериев оценки рисков и преимуществ по проекту",ГОСТ Р ИСО 10006-2019,,Планирование,,Сформулировано на основании результата анализа источников
,,HBB,,Определение вероятности возникновения рисков и преимуществ по проекту,"Процесс определения, согласования и документирования вероятности возникновения рисков и преимуществ по проекту в соответствии с утвержденными методами и критериями их оценки","ГОСТ Р ИСО 21500-2014
ГОСТ Р 54869-2011",,Планирование,,Сформулировано на основании результата анализа источников
,,HBC,,Определение вероятного влияния рисков и преимуществ на проект,"Процесс определения, согласования и документирования вероятных областей влияния рисков и преимуществ на проект","ГОСТ Р ИСО 21500-2014
ГОСТ Р 54869-2011
ГОСТ Р ИСО/МЭК ТО 16326-2002",,Планирование,,Сформулировано на основании результата анализа источников
,,HBD,,Анализ рисков и преимуществ по проекту,"Процесс установления достаточности, пригодности и корректности установленных характеристик рисковых событий",ГОСТ Р ИСО 21500-2014,,Планирование,,Сформулировано на основании результата анализа источников
,,HBE,,Классификация рисков и преимуществ по проекту,"Процесс определения, согласования и документирования категорий и приоритетов рисков в соответствии с утвержденными методами и критериями их оценки","ГОСТ Р ИСО 21500-2014
ГОСТ Р 54869-2011
ГОСТ Р ИСО 21504-2016",,Планирование,,Сформулировано на основании результата анализа источников
,,HBF,,Определение владельцев рисков и преимуществ по проекту,"Процесс определения, согласования и документирования владельцев рисков и преимуществ по проекту для дальнейшего контроля, анализа и управления рисковыми событиями",ГОСТ Р ИСО 21500-2014,,Планирование,,Сформулировано на основании результата анализа источников
,HC,,,Реагирование на риски и преимущества по проекту,"Процесс реагирования на риски и преимущества по проекту, включающий анализ вариантов и разработку действий по максимизации возможностей и минимизации угроз с точки зрения целей, задач и ограничений проекта","ГОСТ Р ИСО 21500-2014
ГОСТ Р ИСО 21504-2016
ГОСТ Р ИСО 10006-2019",По предметной группе,Исполнение,,Сформулировано на основании результата анализа источников
,,HCA,,Анализ вариантов мер реагирования на риски и преимущества по проекту,"Процесс определения возможных вариантов мер реагирования на риски и преимущества по проекту и установления достаточности, пригодности и корректности вариантов мер реагирования",ГОСТ Р ИСО 21500-2014,,Исполнение,,Сформулировано на основании результата анализа источников
,,HCB,,Определение мер реагирования на риски и преимущества в проекте,"Процесс определения, согласования и документирования мер реагирования на риски и преимущества в проекте на основании анализа их вариантов","ГОСТ Р ИСО 21500-2014
ГОСТ Р ИСО/МЭК ТО 16326-2002
ГОСТ Р 54869-2011",,Исполнение,,Сформулировано на основании результата анализа источников
,,HCC,,Формирование планов действий на случай наступления опасных или благоприятных ситуаций,"Процесс формирования, согласования и формализации планов действий на случай наступления рисковых событий","ГОСТ Р ИСО 21500-2014
ГОСТ Р 54869-2011
ГОСТ Р 57193-2016",,Исполнение,,Сформулировано на основании результата анализа источников
,HD,,,Контроль рисков и преимуществ по проекту,Процесс контроля рисков и преимуществ по проекту для минимизации неблагоприятных последствий или содействию благоприятным событиям наступления рисков путем контроля реализации мер реагирования на риски и оценки эффективности этих мер,"ГОСТ Р ИСО 21500-2014
ГОСТ Р ИСО/МЭК ТО 16326-2002",По предметной группе,Контроль,,Сформулировано на основании результата анализа источников
,,HDA,,Отслеживание идентифицированных рисков и преимуществ по проекту,"Процесс отслеживания, включая документирование результатов, идентифицированных рисков и преимуществ по проекту путём анализа их характеристик и областей влияния",ГОСТ Р ИСО 21500-2014,,Контроль,,Сформулировано на основании результата анализа источников
,,HDB,,Выявление новых рисков и преимуществ в проекте,"Процесс выявления, согласования и документирования новых рисков и преимуществ, ранее не зафиксированных в проекте",ГОСТ Р ИСО 21500-2014,,Контроль,,Сформулировано на основании результата анализа источников
,,HDC,,Анализ вновь возникающих рисков и преимуществ в проекте,"Процесс анализа, включая документирование результатов, вновь возникающих, но ранее зафиксированных, рисков и преимуществ в проекте","ГОСТ Р ИСО 21500-2014
ГОСТ Р ИСО 21504-2016",,Контроль,,Сформулировано на основании результата анализа источников
,,HDD,,Принятие решений по реализации планов действий в непредвиденных ситуациях,Процесс принятия решений по реализации планов действий в непредвиденных ситуациях,"ГОСТ Р ИСО 21500-2014
ГОСТ Р ИСО/МЭК ТО 16326-2002",,Контроль,,Сформулировано на основании результата анализа источников
,,HDE,,Оценка эффективности реализации мер по реагированию на риски и преимущества в проекте,"Процесс установления достаточности, пригодности, эффективности и корректности результатов реализации мер по реагированию на риски и преимущества в проекте","ГОСТ Р ИСО 21500-2014
ГОСТ Р 57193-2016",,Контроль,,Сформулировано на основании результата анализа источников
J,,,,Управление качеством проекта,"Предметная группа процессов управления качеством проекта, охватывающая процессы, необходимые для планирования и обеспечения и контроля качества в проекте","ГОСТ Р ИСО 21500-2014
ГОСТ Р 54869-2011
ГОСТ Р ИСО/МЭК ТО 16326-2002
ГОСТ Р ИСО 9000-2015",По виду процесса,,,Сформулировано на основании результата анализа источников
,JA,,,Планирование качества по проекту,"Процесс планирования качества по проекту для определения требований и стандартов качества, которые будут применяться по отношению к проекту и результатам работ проекта, а также способа обеспечения соответствия этим требованиям и стандартам исходя из целей, задач и ограничений проекта","ГОСТ Р ИСО 21500-2014
ГОСТ Р ИСО 9000-2015
ГОСТ Р ИСО 9001-2015
ГОСТ Р 57193-2016",По предметной группе,Планирование,,Сформулировано на основании результата анализа источников
,,JAA,,Определение целей качества проекта и перечня стандартов,"Процесс определения, согласования и документирования требований и целей качества проекта и соответствующего перечня стандартов","ГОСТ Р ИСО 21500-2014
ГОСТ Р ИСО/МЭК ТО 16326-2002",,Планирование,,Сформулировано на основании результата анализа источников
,,JAB,,"Определение инструментов, процедур, методов и ресурсов, необходимых для обеспечения соответствия принятым в проекте стандартам","Процесс определения, согласования и документирования инструментов, процедур, методов и ресурсов, необходимых для обеспечения соответствия принятым в проекте стандартам и требованиям",ГОСТ Р ИСО 21500-2014,,Планирование,,Сформулировано на основании результата анализа источников
,,JAC,,"Определение методологии, методов и ресурсов, необходимых для исполнения процедур обеспечения качества","Процесс определения, согласования и формализации методологии, методов и ресурсов, необходимых для исполнения процедур обеспечения качества в проекте",ГОСТ Р ИСО 21500-2014,,Планирование,,Сформулировано на основании результата анализа источников
,,JAD,,Разработка программы и плана обеспечения качества,"Процесс разработки, согласования и формализации программы и плана(-ов) обеспечения качества в проекте","ГОСТ Р ИСО 21500-2014
ГОСТ Р ИСО 10005-2019
ГОСТ Р ИСО/МЭК ТО 16326-2002",,Планирование,,Сформулировано на основании результата анализа источников
,JB,,,Обеспечение качества по проекту,"Процесс обеспечения качества по проекту для гарантирования соблюдения требований к качеству результатов, процессов и проекта в целом","ГОСТ Р ИСО 21500-2014
ГОСТ Р ИСО/МЭК ТО 16326-2002
ГОСТ Р ИСО 9000-2015
ГОСТ Р ИСО 10006-2019",По предметной группе,Исполнение,,Сформулировано на основании результата анализа источников
,,JBA,,Обеспечение доведения всей информации по качеству до участников проекта,"Процесс обеспечения того, что основные цели проекта и стандарты качества, требования которых должны быть соблюдены, доведены до сведения соответствующих сотрудников, правильно поняты, приняты ими к исполнению и неукоснительно соблюдаются",ГОСТ Р ИСО 21500-2014,,Исполнение,,Сформулировано на основании результата анализа источников
,,JBB,,Исполнение программы и плана качества в ходе реализации проекта,Процесс непосредственного исполнения задач и требований программы и плана качества в ходе реализации проекта,ГОСТ Р ИСО 21500-2014,,Исполнение,,Сформулировано на основании результата анализа источников
,,JBC,,"Обеспечение применения выбранных инструментов, процедур, методов и ресурсов в ходе реализации проекта","Процесс обеспечения того, что выбранные инструменты, процедуры, методы и ресурсы фактически применяются в проекте","ГОСТ Р ИСО 21500-2014
ГОСТ Р ИСО 9001-2015",,Исполнение,,Сформулировано на основании результата анализа источников
,,JBD,,Повышение качества процессов и результатов работ по проекту,"Процесс внесения изменений в требования, цели, задачи качества и в систему качества в целом с целью повышения качества процессов и результатов работ по проекту","ГОСТ Р ИСО 9000-2015
ГОСТ Р ИСО 9001-2015",,Исполнение,,Сформулировано на основании результата анализа источников
,JC,,,Контроль качества по проекту,"Процесс контроля качества по проекту для определения того, достигнуты ли результаты проекта, соблюдены ли требования в области качества и обеспечено ли соответствие принятым стандартам и для выявления случаев несоответствия требованиям и разработки методов устранения выявленных несоответствий","ГОСТ Р ИСО 21500-2014
ГОСТ Р ИСО/МЭК ТО 16326-2002
ГОСТ Р ИСО 9000-2015
ГОСТ Р ИСО 9001-2015",По предметной группе,Контроль,,Сформулировано на основании результата анализа источников
,,JCA,,Мониторинг и оценка состояния выполнения требований по качеству,"Процесс мониторинга и установления достаточности, пригодности и корректности результатов выполнения требований по качеству для процессов и результатов работ по проекту","ГОСТ Р ИСО 21500-2014
ГОСТ Р ИСО/МЭК ТО 16326-2002
ГОСТ Р 57193-2016",,Контроль,,Сформулировано на основании результата анализа источников
,,JCB,,Выявление отклонений от требований по качеству,"Процесс выявления и документирования отклонений от требований по качеству для процессов и результатов работ по проекту с использованием установленных инструментов, процедур и методов",ГОСТ Р ИСО 21500-2014,,Контроль,,Сформулировано на основании результата анализа источников
,,JCC,,Выявление возможных причин возникновения отклонений от требований по качеству,Процесс выявления и документирования возможных причин возникновения отклонений от требований по качеству для процессов и результатов работ по проекту,ГОСТ Р ИСО 21500-2014,,Контроль,,Сформулировано на основании результата анализа источников
,,JCD,,Определение мер реагирования на отклонения от требований по качеству,"Процесс определения, согласования и документирования мер реагирования на отклонения от требований по качеству для процессов и результатов работ по проекту","ГОСТ Р ИСО 21500-2014
ГОСТ Р ИСО 9001-2015",,Контроль,,Сформулировано на основании результата анализа источников
,,JCE,,Оценка результатов исполнения мер реагирования на отклонения от требований по качеству,"Процесс установления достаточности, пригодности и корректности результатов исполнения мер реагирования на отклонения от требований по качеству для процессов и результатов работ по проекту",ГОСТ Р ИСО 9001-2015,,Контроль,,Сформулировано на основании результата анализа источников
,,JCF,,Информирование участников проекта об изменениях требований по качеству и результатах исполнения мер реагирования на отклонения от требований по качеству,Процесс информирования участников проекта об изменениях требований по качеству и результатах исполнения мер реагирования на отклонения от требований по качеству для процессов и результатов работ по проекту,"ГОСТ Р ИСО 21500-2014
ГОСТ Р ИСО 9001-2015",,Контроль,,Сформулировано на основании результата анализа источников
K,,,,Управление закупками проекта,"Предметная группа процессов управления закупками проекта, охватывающая процессы, требуемые для планирования снабжения, приобретения или получения необходимых для завершения проекта продуктов, услуг или результатов, а также процессы управления взаимоотношениями с поставщиками по проекту","ГОСТ Р ИСО 21500-2014
ГОСТ Р 54869-2011
ГОСТ Р ИСО/МЭК ТО 16326-2002
ГОСТ Р ИСО 10006-2019",По виду процесса,,,Сформулировано на основании результата анализа источников
,KA,,,Планирование закупок по проекту,Процесс планирования закупок по проекту для обеспечения планирования и документирования стратегии и общей процедуры осуществления закупок до момента начала закупочной деятельности по проекту,"ГОСТ Р ИСО 21500-2014
ГОСТ Р ИСО 10006-2019
ГОСТ Р 54869-2011",По предметной группе,Планирование,,Сформулировано на основании результата анализа источников
,,KAA,,Определение потребностей в закупках по проекту,"Процесс определения, согласования и документирования потребностей в закупках по проекту",ГОСТ Р 54869-2011,,Планирование,,Сформулировано на основании результата анализа источников
,,KAB,,Определение требований к закупкам в проекте,"Процесс определения, согласования и документирования правил и требований к закупкам в проекте","ГОСТ Р 54869-2011
ГОСТ Р ИСО 10006-2019",,Планирование,,Сформулировано на основании результата анализа источников
,,KAC,,Подготовка плана закупок по проекту,"Процесс разработки, согласования и формализации плана закупок по проекту в соответствии с выявленными потребностями, правилами и требованиями к закупкам в проекте","ГОСТ Р 54869-2011
ГОСТ Р ИСО 10006-2019",,Планирование,,Сформулировано на основании результата анализа источников
,,KAD,,Подготовка графика закупок по проекту,"Процесс разработки, согласования и формализации графика закупок по проекту в соответствии с планом закупок по проекту",ГОСТ Р ИСО 10006-2019,,Планирование,,Сформулировано на основании результата анализа источников
,KB,,,Выбор поставщиков по проекту,"Процесс выбора поставщиков по проекту, включающий сбор информации от потенциальных поставщиков для проведения всесторонней оценки предложений в сравнении с заявленными требованиями, рассмотрение и анализ полученной информации, а также выбор поставщика или поставщиков","ГОСТ Р ИСО 21500-2014
ГОСТ Р 57193-2016",По предметной группе,Исполнение,,Сформулировано на основании результата анализа источников
,,KBA,,Сбор информации о потенциальных поставщиках по проекту,"Процесс сбора информации о потенциальных поставщиках по проекту и установления достаточности, пригодности и корректности возможностей потенциальных поставщиков обеспечить достижение целей и задач проекта с учетом установленных ограничений",ГОСТ Р ИСО 21500-2014,,Исполнение,,Сформулировано на основании результата анализа источников
,,KBB,,Формирование предложения потенциальным поставщикам,Процесс формирования и направления потенциальным поставщикам запроса на выполнение работ по проекту на договорной основе,"ГОСТ Р ИСО 21500-2014
ГОСТ Р 57193-2016",,Исполнение,,Сформулировано на основании результата анализа источников
,,KBC,,Рассмотрение предложений от потенциальных поставщиков по проекту,Процесс рассмотрения и установления соответствия предложений потенциальных поставщиков заявленным требованиям,ГОСТ Р ИСО 21500-2014,,Исполнение,,Сформулировано на основании результата анализа источников
,,KBD,,Оценка предложений от потенциальных поставщиков по проекту,"Процесс рассмотрения и установления достаточности, пригодности и корректности предложений потенциальных поставщиков заявленным требованиям, а также выявления предложений с наилучшими условиями","ГОСТ Р ИСО 21500-2014
ГОСТ Р ИСО 10006-2019",,Исполнение,,Сформулировано на основании результата анализа источников
,,KBE,,Проведение переговоров с потенциальными поставщиками по проекту,"Процесс проведения переговоров с потенциальными поставщиками по проекту с целью уточнения, подтверждения или изменения условий предложения на исполнение работ по проекту","ГОСТ Р ИСО 21500-2014
ГОСТ Р 57193-2016",,Исполнение,,Сформулировано на основании результата анализа источников
,,KBF,,Определение поставщиков и заключение договорных отношений по проекту,Процесс выбора поставщиков по проекту и заключения с ними договорных отношений,"ГОСТ Р ИСО 21500-2014
ГОСТ Р ИСО/МЭК ТО 16326-2002
ГОСТ Р ИСО 10006-2019
ГОСТ Р 57193-2016",,Исполнение,,Сформулировано на основании результата анализа источников
,,KBG,,Приемка результатов работ поставщиков по проекту,"Процесс приемки результатов работ поставщиков по проекту, включающий определение и оценку соответствия принимаемого объекта или работ установленным требованиям и формальное закрытие этапа договора или договора в целом в соответствии с условиями договора",ГОСТ Р 57193-2016,,Исполнение,,Сформулировано на основании результата анализа источников
,,KBH,,Изменений условий договоров с поставщиками по проекту,Процесс внесения изменений в договоры с поставщиками по проекту,ГОСТ Р ИСО 10006-2019,,Исполнение,,Сформулировано на основании результата анализа источников
,KC,,,Управление контрактами с поставщиками по проекту,Процесс управления взаимодействием заказчика с поставщиками по проекту,"ГОСТ Р ИСО 21500-2014
ГОСТ Р ИСО/МЭК ТО 16326-2002
ГОСТ Р ИСО 10006-2019",По предметной группе,Контроль,,Сформулировано на основании результата анализа источников
,,KCA,,Отслеживание и оценка качества исполнения обязательств поставщиков по проекту,"Процесс отслеживания и установления соответствия установленным требованиям, достаточности, пригодности и корректности результатов исполнения обязательств поставщиков по проекту","ГОСТ Р ИСО 21500-2014
ГОСТ Р ИСО/МЭК ТО 16326-2002
ГОСТ Р ИСО 10006-2019",,Контроль,,Сформулировано на основании результата анализа источников
,,KCB,,Контроль исполнения обязательств поставщиков по проекту,Процесс установления соответствия графику проекта исполнения обязательств поставщиков по проекту,"ГОСТ Р ИСО 21500-2014
ГОСТ Р ИСО 10006-2019
ГОСТ Р 57193-2016",,Контроль,,Сформулировано на основании результата анализа источников
,,KCC,,Обеспечение соответствия результатов работ поставщиков требованиям проекта,"Процесс реализации всех необходимых мер для обеспечения соответствия результатов работ поставщиков всем требованиям, существующим в проекте относительно типа контракта, качества, исполнения, сроков и безопасности","ГОСТ Р ИСО 21500-2014
ГОСТ Р 57193-2016",,Контроль,,Сформулировано на основании результата анализа источников
L,,,,Управление поддерживающими процессами,"Предметная группа процессов управления поддерживающими процессами организации, охватывающая процессы повседневной деятельности организации и являющаяся неотъемлемой частью деятельности организации во всех секторах деятельности",ГОСТ Р 10.0.05-2019/ИСО 12006-2:2015,По виду процесса,,,Сформулировано на основании результата анализа источников
,LA,,,Управление инфраструктурой процессов,"Процесс управления инфраструктурой процессов, охватывающих вопросы обеспечения организации и проекта всеми ресурсами, достаточными для достижения поставленных целей и задач организации и проекта, за исключением трудовых",ГОСТ Р 57193-2016,По предметной группе,,,Сформулировано на основании результата анализа источников
,,LAA,,Определение требований к инфраструктуре процессов,"Процесс определения, согласования и документирования требований для технического и организационного обеспечения деятельности проекта и организации",ГОСТ Р 57193-2016,,Планирование,,Сформулировано на основании результата анализа источников
,,LAB,,Определение элементов инфраструктуры процессов,"Процесс определения, согласования и документирования перечня технических и организационных элементов инфраструктуры в соответствии с установленными требованиями",ГОСТ Р 57193-2016,,Планирование,"Определение перечня строительной техники и механизмов
Определение перечня вычислительной техники
Определение перечня аппаратных и программных средств
Определение перечня помещений для работы
Определение перечня средств для обеспечения переписки и оформления бумажной документации
Определение перечня средств связи
Определение перечня транспортных средств",Сформулировано на основании результата анализа источников
,,LAC,,Анализ и оценка инфраструктуры процессов,"Процесс установления достаточности, пригодности и корректности обеспечения процессов необходимыми ресурсами (за исключением трудовых)","ГОСТ Р 57193-2016
ГОСТ Р ИСО 10006-2019",,Контроль,,Сформулировано на основании результата анализа источников
,,LAD,,Изменение инфраструктуры процессов,Процесс внесения изменений в инфраструктуру проекта и организации,ГОСТ Р 57193-2016,,Исполнение,,Сформулировано на основании результата анализа источников
,LB,,,Управление финансовыми процессами,Процесс управления финансовыми процессами организации для обеспечения её функционирования,ГОСТ Р 10.0.05-2019/ИСО 12006-2:2015,По предметной группе,,,Сформулировано на основании результата анализа источников
,,LBA,,Управление страхованием,"Процесс управления страховыми операциями в сфере обеспечения безопасности деятельности, связанной с различными видами подверженности риску ущерба",ЕСККАЭ.1,,,,Сформулировано на основании результата анализа источников
,,LBB,,Управление банковскими услугами,Процесс управления банковскими операциями,,,,,Сформулировано на основании результата анализа источников
,,LBC,,Управление бухгалтерией,Процесс управления бухгалтерскими услугами,,,,,Сформулировано на основании результата анализа источников
,,LBD,,Управление инвестициями,"Процесс управления инвестициями проекта и организации для увеличения конкурентоспособности организации, экономического роста и их развития",,,,,Сформулировано на основании результата анализа источников
,,LBE,,Управление маркетингом и сбытом,"Процесс управления маркетингом и сбытом, включающий анализ рыночной среды и внутренних возможностей организации, планирование, реализацию и контроль за проведением мероприятий для достижения целей и задач организации","ГОСТ Р 10.0.05-2019/ИСО 12006-2:2015
ГОСТ Р 54147-2010",,,,Сформулировано на основании результата анализа источников
,,LBF,,Управление компенсациями и льготами,Процесс управления компенсациями и льготами,Градостроительный кодекс Российской Федерации от 29.12.2004 N 190-ФЗ,,,,Сформулировано на основании результата анализа источников
,,LBG,,Управление поступлением денежных средств,Процесс управления поступлением дополнительных денежных средств для обеспечения деятельности организации и проекта и обеспечения достижения их целей и задач,,,,"Управление займами
Управление кредитами
Управление ссудами
Управление арендой
Управление пожертвованиями
Управление субсидиями
Управление субвенциями
Управление дотациями
Управление грантами",Сформулировано на основании результата анализа источников
,,LBH,,Управление командированием,Процесс управления командированием сотрудников организации и членов команды проекта,ЕСККАЭ.1,,,,Сформулировано на основании результата анализа источников
,LC,,,Управление государственными услугами,Процесс управления государственными услугами,Градостроительный кодекс Российской Федерации от 29.12.2004 N 190-ФЗ,По предметной группе,,,Сформулировано на основании результата анализа источников
,,LCB,,Управление аккредитацией,Процесс управления аккредитацией,Приказ Госстроя России от 30.06.2000 N 152,,,,Сформулировано на основании результата анализа источников
,,LCC,,Управление сертификацией,Процесс управления сертификацией,Федеральный закон от 27.12.2002 N 184-ФЗ,,,,Сформулировано на основании результата анализа источников
,,LCD,,Управление государственным регулированием и законодательной деятельностью,Процесс управления государственным регулированием и законодательной деятельностью,Градостроительный кодекс Российской Федерации от 29.12.2004 N 190-ФЗ,,,,Сформулировано на основании результата анализа источников
,,LCE,,Управление экспертизой,Процесс управления экспертизой,Градостроительный кодекс Российской Федерации от 29.12.2004 N 190-ФЗ,,,,Сформулировано на основании результата анализа источников
,LD,,,Управление юридическими услугами,Процесс управления юридическими услугами,,По предметной группе,,,Сформулировано на основании результата анализа источников
,,LDA,,Подготовка к судебным разбирательствам и слушаниям,Процесс подготовки к судебным разбирательствам и слушаниям,,,,,Сформулировано на основании результата анализа источников
,,LDB,,Проведение судебных разбирательств и слушаний,Процесс проведения судебных разбирательств и слушаний,,,,,Сформулировано на основании результата анализа источников
,,LDC,,Юридическая консультация,Процесс оказания юридических консультаций,,,,,Сформулировано на основании результата анализа источников
,,LDD,,Юридическое регулирование деятельности организации,Процесс юридического регулирования деятельности организации,,,,,Сформулировано на основании результата анализа источников
,LE,,,Управление связями с общественностью,Процесс управления связями с общественностью,,,,,Сформулировано на основании результата анализа источников
,LF,,,Управление услугами по устному и письменному переводу,Процесс управления услугами по устному и письменному переводу,,,,,Сформулировано на основании результата анализа источников
,LG,,,Управление почтовой деятельностью,Процесс управления почтовой деятельностью,,,,,Сформулировано на основании результата анализа источников
,LH,,,"Управление имуществом, недвижимостью и общественными объединениями","Процесс управления имуществом, недвижимостью и общественными объединениями",Гражданский кодекс Российской Федерации (часть первая) от 30.11.1994 N 51-ФЗ,,,,Сформулировано на основании результата анализа источников