Класс,Подкласс 1,Подкласс 2,Подкласс 3,Тип (%%),Наименование,Определение,Источник,Критерии определения подклассов,Примеры,Код класса по ГЭСН,Примечания,Синонимы,УИН
A,,,,,Усиление конструкций,"Комплекс конструктивных мероприятий и технологических работ, направленных на повышение несущей способности и эксплуатационных свойств конструкции",ГЭСН 81-02-46-2022 ,По виду работ,,,,,KSI130000002
,AA,,,,Усиление конструкций монолитным железобетоном,,ГЭСН 81-02-46-2022 ,По виду работ,,ГЭСН 46-01-001,,,KSI130000003
,,AAA,,,Устройство ограждения деревянными щитами при усилении конструкций монолитным железобетоном,,ГЭСН 81-02-46-2022,,,,,,KSI130000004
,,AAB,,,Заготовка временных креплений при усилении конструкций монолитным железобетоном,,ГЭСН 81-02-46-2022,,,,,,KSI130000005
,,AAC,,,Установка временных креплений при усилении конструкций монолитным железобетоном,,ГЭСН 81-02-46-2022,,,,,,KSI130000006
,,AAD,,,Очистка поверхности усиливаемых конструкций при усилении конструкций монолитным железобетоном,,ГЭСН 81-02-46-2022,,,,,,KSI130000007
,,AAE,,,Подготовка поверхности усиливаемых конструкций при усилении конструкций монолитным железобетоном,,ГЭСН 81-02-46-2022,,,,,,KSI130000008
,,AAF,,,Установка опалубки при усилении конструкций монолитным железобетоном,,ГЭСН 81-02-46-2022,,,,,,KSI130000009
,,AAG,,,Разборка опалубки при усилении конструкций монолитным железобетоном,,ГЭСН 81-02-46-2022,,,,,,KSI130000010
,,AAH,,,Установка арматуры при усилении конструкций монолитным железобетоном,,ГЭСН 81-02-46-2022,,,,,,KSI130000011
,,AAJ,,,Укладка бетона при усилении конструкций монолитным железобетоном,,ГЭСН 81-02-46-2022,,,,,,KSI130000012
,AB,,,,Усиление существующих железобетонных балок монолитными железобетонными обоймами набрызгом,,ГЭСН 81-02-46-2022,По виду работ,,"ГЭСН 46-01-002
",,,KSI130000013
,,ABA,,,Установка инвентарных лесов и подмостей для усиления существующих железобетонных балок монолитными железобетонными обоймами набрызгом,,ГЭСН 81-02-46-2022,,,,,,KSI130000014
,,ABB,,,Установка защитного металлического листа при усилении существующих железобетонных балок монолитными железобетонными обоймами набрызгом,,ГЭСН 81-02-46-2022,,,,,,KSI130000015
,,ABC,,,Очистка поверхности балки от пыли и грязи при усилении существующих железобетонных балок монолитными железобетонными обоймами набрызгом,,ГЭСН 81-02-46-2022,,,,,,KSI130000016
,,ABD,,,Расчистка дефектных участков бетона при усилении существующих железобетонных балок монолитными железобетонными обоймами набрызгом,,ГЭСН 81-02-46-2022,,,,,,KSI130000017
,,ABE,,,Удаление дефектных участков бетона при усилении существующих железобетонных балок монолитными железобетонными обоймами набрызгом,,ГЭСН 81-02-46-2022,,,,,,KSI130000018
,,ABF,,,Очистка и промывка водой усиляемых поверхностей балки при усилении существующих железобетонных балок монолитными железобетонными обоймами набрызгом,,ГЭСН 81-02-46-2022,,,,,,KSI130000019
,,ABG,,,Насечка бетона при усилении существующих железобетонных балок монолитными железобетонными обоймами набрызгом,"Обработка каменных бетонных и штукатурных поверхностей специальными инструментами - бучардами, скарпелями и т.д. - для получения рельефной фактуры",ГЭСН 81-02-46-2022,,,,,,KSI130000020
,,ABH,,,Установка арматуры при усилении существующих железобетонных балок монолитными железобетонными обоймами набрызгом,,ГЭСН 81-02-46-2022,,,,,,KSI130000021
,,ABJ,,,Усиление балки цементно-песчаным раствором при усилении существующих железобетонных балок монолитными железобетонными обоймами набрызгом,,ГЭСН 81-02-46-2022,,,,,,KSI130000022
,,ABK,,,Разборка лесов и подмостей после усиления существующих железобетонных балок монолитными железобетонными обоймами набрызгом,,ГЭСН 81-02-46-2022,,,,,,KSI130000023
,AC,,,,Усиление существующих железобетонных подкрановых балок металлическими стяжками,,ГЭСН 81-02-46-2022,По виду работ,,"ГЭСН 46-01-003
",,,KSI130000024
,,ACA,,,Установка инвентарных лесов для усиления существующих железобетонных подкрановых балок металлическими стяжками,,ГЭСН 81-02-46-2022,,,,,,KSI130000025
,,ACB,,,Установка тупиков на подкрановых балках для усиления существующих железобетонных подкрановых балок металлическими стяжками,,ГЭСН 81-02-46-2022,,,,,,KSI130000026
,,ACC,,,Очистка балки от пыли и грязи при усилении существующих железобетонных подкрановых балок металлическими стяжками,,ГЭСН 81-02-46-2022,,,,,,KSI130000027
,,ACD,,,Изготовление металлоконструкций для усиления существующих железобетонных подкрановых балок металлическими стяжками,,ГЭСН 81-02-46-2022,,,,,,KSI130000028
,,ACE,,,Подъем металлоконструкций для усиления существующих железобетонных подкрановых балок металлическими стяжками,,ГЭСН 81-02-46-2022,,,,,,KSI130000029
,,ACF,,,Установка металлоконструкций для усиления существующих железобетонных подкрановых балок металлическими стяжками,,ГЭСН 81-02-46-2022,,,,,,KSI130000030
,,ACG,,,Разборка лесов после усиления существующих железобетонных подкрановых балок металлическими стяжками,,ГЭСН 81-02-46-2022,,,,,,KSI130000031
,,ACH,,,Очистка рабочей площадки после усиления существующих железобетонных подкрановых балок металлическими стяжками,,ГЭСН 81-02-46-2022,,,,,,KSI130000032
,AD,,,,Усиление конструктивных элементов,,ГЭСН 81-02-46-2022,По виду работ,,"ГЭСН 46-01-004
",,,KSI130000033
,,ADA,,,"Пробивка гнезд, борозд, отверстий для усиления конструктивных элементов",,ГЭСН 81-02-46-2022,,,,,,KSI130000034
,,ADB,,,Заготовка для усиления конструктивных элементов,,ГЭСН 81-02-46-2022,,,,,,KSI130000035
,,ADC,,,Установка металлических элементов для усиления конструктивных элементов,,ГЭСН 81-02-46-2022,,,,,,KSI130000036
,,ADD,,,Резка металлических элементов для усиления конструктивных элементов,,ГЭСН 81-02-46-2022,,,,,,KSI130000037
,,ADE,,,Сварка металлических элементов для усиления конструктивных элементов,,ГЭСН 81-02-46-2022,,,,,,KSI130000038
,,ADF,,,Заделка гнезд и борозд после усиления конструктивных элементов,,ГЭСН 81-02-46-2022,,,,,,KSI130000039
,AE,,,,Наращивание железобетонных фундаментов под оборудование,,ГЭСН 81-02-46-2022,По виду работ,,"ГЭСН 46-01-005
",,,KSI130000040
,,AEA,,,Очистка поверхностей в местах наращивания для наращивания железобетонных фундаментов под оборудование,,ГЭСН 81-02-46-2022,,,,,,KSI130000041
,,AEB,,,Установка опалубки для наращивания железобетонных фундаментов под оборудование,,ГЭСН 81-02-46-2022,,,,,,KSI130000042
,,AEC,,,Разборка опалубки после наращивания железобетонных фундаментов под оборудование,,ГЭСН 81-02-46-2022,,,,,,KSI130000043
,,AED,,,Установка арматуры для наращивания железобетонных фундаментов под оборудование,,ГЭСН 81-02-46-2022,,,,,,KSI130000044
,,AEE,,,Укладка бетона для наращивания железобетонных фундаментов под оборудование,,ГЭСН 81-02-46-2022,,,,,,KSI130000045
,AF,,,,Усиление конструкций в проходных тоннелях,,ГЭСН 81-02-46-2022,По виду работ,,"ГЭСН 46-01-006
",,,KSI130000046
,,AFA,,,"Укладка дренажной трубы с установкой распорок, пробивка проемов в железобетонном перекрытии для подачи бетона",,ГЭСН 81-02-46-2022,,,,,,KSI130000047
,,AFB,,,Замоноличивание при усилении конструкций в проходных туннелях,,ГЭСН 81-02-46-2022,,,,,,KSI130000048
,,AFC,,,Устройство временных глиняных перемычек,,ГЭСН 81-02-46-2022,,,,,,KSI130000049
,,AFD,,,Разборка временных глиняных перемычек,,ГЭСН 81-02-46-2022,,,,,,KSI130000050
,,AFE,,,Установка арматуры для усиления конструкций в проходных тоннелях,,ГЭСН 81-02-46-2022,,,,,,KSI130000051
,,AFF,,,Устройство набетонок для усиления конструкций в проходных тоннелях,,ГЭСН 81-02-46-2022,,,,,,KSI130000052
,,AFG,,,Насечка бетонных поверхностей в местах укладки бетонной смеси с очисткой поверхности для усиления конструкций в проходных тоннелях,"Обработка каменных бетонных и штукатурных поверхностей специальными инструментами - бучардами, скарпелями и т.д. - для получения рельефной фактуры",ГЭСН 81-02-46-2022,,,,,,KSI130000053
,,AFH,,,Установка опалубки для усиления конструкций в проходных тоннелях,,ГЭСН 81-02-46-2022,,,,,,KSI130000054
,,AFJ,,,Разборка опалубки после усиления конструкций в проходных тоннелях,,ГЭСН 81-02-46-2022,,,,,,KSI130000055
,,AFK,,,Укладка бетона для усиления конструкций в проходных тоннелях,,ГЭСН 81-02-46-2022,,,,,,KSI130000056
,AG,,,,Усиление железобетонных колонн эстакад стальными обоймами,,ГЭСН 81-02-46-2022,По виду работ,,"ГЭСН 46-01-007
",,,KSI130000057
,,AGA,,,Подача конструкций для усиления железобетонных колонн эстакад стальными обоймами к месту производства работ с сортировкой и комплектованием,,ГЭСН 81-02-46-2022,,,,,,KSI130000058
,,AGB,,,Установка деталей и узлов усиления со сваркой элементов в различных пространственных положениях для усиления железобетонных колонн эстакад стальными обоймами,,ГЭСН 81-02-46-2022,,,,,,KSI130000059
,AH,,,,"Обетонирование металлических элементов, заполнение бетоном отдельных мест в перекрытиях",,ГЭСН 81-02-46-2022,По виду работ,,"ГЭСН 46-01-008
",,,KSI130000060
,,AHA,,,"Очистка открытых поверхностей колонн, балок и прогонов для обетонирования металлических элементов, заполнения бетоном отдельных мест в перекрытиях",,ГЭСН 81-02-46-2022,,,,,,KSI130000061
,,AHB,,,"Устройство опалубки для обетонирования металлических элементов, заполнения бетоном отдельных мест в перекрытиях",,ГЭСН 81-02-46-2022,,,,,,KSI130000062
,,AHC,,,"Разборка опалубки после обетонирования металлических элементов, заполнения бетоном отдельных мест в перекрытиях",,ГЭСН 81-02-46-2022,,,,,,KSI130000063
,,AHD,,,"Обмотка балок проволокой для обетонирования металлических элементов, заполнения бетоном отдельных мест в перекрытиях",,ГЭСН 81-02-46-2022,,,,,,KSI130000064
,,AHE,,,Обетонирование конструкций металлических элементов,,ГЭСН 81-02-46-2022,,,,,,KSI130000065
,AJ,,,,"Усиление металлических конструкций стропильных и подстропильных ферм, решетчатых ригелей",,ГЭСН 81-02-46-2022,По виду работ,,"ГЭСН 46-01-009
",,,KSI130000066
,,AJA,,,"Подъем на подмости элементов металлических конструкций стропильных и подстропильных ферм, решетчатых ригелей",,ГЭСН 81-02-46-2022,,,,,,KSI130000067
,,AJB,,,"Установка элементов металлических конструкций стропильных и подстропильных ферм, решетчатых ригелей",,ГЭСН 81-02-46-2022,,,,,,KSI130000068
,,AJC,,,Прикрепление элементов усиления,,ГЭСН 81-02-46-2022,,,,,,KSI130000069
,,AJD,,,"Выверка, подгонка элементов металлических конструкций стропильных и подстропильных ферм, решетчатых ригелей",,ГЭСН 81-02-46-2022,,,,,,KSI130000070
,,AJE,,,Электроприхватка и окончательное закрепление при помощи электросварки и постановки болтов,,ГЭСН 81-02-46-2022,,,,,,KSI130000071
,,AJF,,,"Срезка сборочных приспособлений и зачистка мест среза после усиления металлических конструкций стропильных и подстропильных ферм, решетчатых ригелей",,ГЭСН 81-02-46-2022,,,,,,KSI130000072
,AK,,,,Усиление металлических конструкций подкрановых балок и ригелей сплошного сечения,,ГЭСН 81-02-46-2022,По виду работ,,"ГЭСН 46-01-010
",,,KSI130000073
,,AKA,,,Демонтаж тормозного настила для усиления конструкций,,ГЭСН 81-02-46-2022,,,,,,KSI130000074
,,AKB,,,Демонтаж ограждения для усиления конструкций,,ГЭСН 81-02-46-2022,,,,,,KSI130000075
,,AKC,,,Демонтаж рельсов для усиления конструкций,,ГЭСН 81-02-46-2022,,,,,,KSI130000076
,,AKD,,,"Монтаж тормозного настила, ограждения, рельсов после усиления конструкций",,ГЭСН 81-02-46-2022,,,,,,KSI130000077
,,AKE,,,Подъем на подмости элементов усиления металлических конструкций подкрановых балок и ригелей сплошного сечения,,ГЭСН 81-02-46-2022,,,,,,KSI130000078
,,AKF,,,Установка и прикрепление элементов усиления металлических конструкций подкрановых балок и ригелей сплошного сечения,,ГЭСН 81-02-46-2022,,,,,,KSI130000079
,,AKG,,,"Выверка, подгонка элементов усиления металлических конструкций подкрановых балок и ригелей сплошного сечения",,ГЭСН 81-02-46-2022,,,,,,KSI130000080
,,AKH,,,Электроприхватка и окончательное закрепление при помощи электросварки элементов усиления металлических конструкций подкрановых балок и ригелей сплошного сечения,,ГЭСН 81-02-46-2022,,,,,,KSI130000081
,,AKJ,,,Срезка сборочных приспособлений после усиления металлических конструкций подкрановых балок и ригелей сплошного сечения,,ГЭСН 81-02-46-2022,,,,,,KSI130000082
,,AKK,,,Сверление и постановка болтов для усиления металлических конструкций подкрановых балок и ригелей сплошного сечения,,ГЭСН 81-02-46-2022,,,,,,KSI130000083
,AL,,,,"Усиление колонн, стоек, рамных конструкций различного назначения",,ГЭСН 81-02-46-2022,По виду работ,,"ГЭСН 46-01-012
",,,KSI130000084
,,ALA,,,"Подъем на подмости элементов усиления колонн, стоек, рамных конструкций различного назначения",,ГЭСН 81-02-46-2022,,,,,,KSI130000085
,,ALB,,,"Установка и прикрепление элементов усиления колонн, стоек, рамных конструкций различного назначения",,ГЭСН 81-02-46-2022,,,,,,KSI130000086
,,ALC,,,"Выверка, подгонка элементов усиления колонн, стоек, рамных конструкций различного назначения",,ГЭСН 81-02-46-2022,,,,,,KSI130000087
,,ALD,,,"Электроприхватка и окончательное закрепление при помощи электросварки элементов усиления колонн, стоек, рамных конструкций различного назначения",,ГЭСН 81-02-46-2022,,,,,,KSI130000088
,,ALE,,,"Срезка сборочных приспособлений и зачистка мест среза элементов усиления колонн, стоек, рамных конструкций различного назначения",,ГЭСН 81-02-46-2022,,,,,,KSI130000089
,,ALF,,,"Постановка высокопрочных болтов для элементов усиления колонн, стоек, рамных конструкций различного назначения",,ГЭСН 81-02-46-2022,,,,,,KSI130000090
,AM,,,,Усиление элементов металлоконструкций,,ГЭСН 81-02-46-2022,По виду работ,,"ГЭСН 46-01-013
",,,KSI130000091
,,AMA,,,Зачистка с помощью шлифмашинки элементов металлоконструкций для усиления,,ГЭСН 81-02-46-2022,,,,,,KSI130000092
,,AMB,,,Наплавка усиливаемых сварных швов,,ГЭСН 81-02-46-2022,,,,,,KSI130000093
,,AMC,,,"Разделка трещин, разметка отверстий, рассверловка для усиления элементов металлоконструкций",,ГЭСН 81-02-46-2022,,,,,,KSI130000094
,,AMD,,,Заварка трещин для усиления элементов металлоконструкций,,ГЭСН 81-02-46-2022,,,,,,KSI130000095
,,AME,,,Установка ребер жесткости для усиления элементов металлоконструкций,,ГЭСН 81-02-46-2022,,,,,,KSI130000096
,AN,,,,Устройство въездов в металлических каркасах стен при установке в цехах негабаритного оборудования,,ГЭСН 81-02-46-2022,По условию производства работ,,ГЭСН 46-01-014,,,KSI130000097
,,ANA,,,Демонтаж колонн при помощи крана и приварка столиков к колоннам,,ГЭСН 81-02-46-2022,,,,,,KSI130000098
,,ANB,,,Установка домкратов для устройства въездов,,ГЭСН 81-02-46-2022,,,,,,KSI130000099
,,ANC,,,Снятие домкратов после устройства въездов,,ГЭСН 81-02-46-2022,,,,,,KSI130000100
,,AND,,,"Демонтаж подкрановых балок, связей и тормозного настила с резкой швов демонтируемых конструкций",,ГЭСН 81-02-46-2022,,,,,,KSI130000101
,,ANE,,,Установка инвентарных лестниц для устройства въездов,,ГЭСН 81-02-46-2022,,,,,,KSI130000102
,,ANF,,,Снятие инвентарных лестниц после устройства въездов,,ГЭСН 81-02-46-2022,,,,,,KSI130000103
,,ANG,,,Сортировка конструкций для устройства въездов,,ГЭСН 81-02-46-2022,,,,,,KSI130000104
,,ANH,,,"Укрупнительная сборка подкрановых балок, укладка подкрановых балок, связей, тормозного настила, крановых рельсов для устройства въездов",,ГЭСН 81-02-46-2022,,,,,,KSI130000105
,AP,,,,Рихтовка подкрановых балок,,ГЭСН 81-02-46-2022,По месту работ,,ГЭСН 46-01-015,,,KSI130000106
,,APA,,,Установка инвентарных подмостей для рихтовки подкрановых балок,,ГЭСН 81-02-46-2022,,,,,,KSI130000107
,,APB,,,Разборка инвентарных подмостей после рихтовки подкрановых балок,,ГЭСН 81-02-46-2022,,,,,,KSI130000108
,,APC,,,Установка тупиковых упоров для рихтовки подкрановых балок,,ГЭСН 81-02-46-2022,,,,,,KSI130000109
,,APD,,,Снятие тупиковых упоров после рихтовки подкрановых балок,,ГЭСН 81-02-46-2022,,,,,,KSI130000110
,,APE,,,Установка столиков под домкраты для рихтовки подкрановых балок,,ГЭСН 81-02-46-2022,,,,,,KSI130000111
,,APF,,,Подъем подкрановых балок с предварительным снятием болтов крепления и последующей их установкой для рихтовки подкрановых балок,,ГЭСН 81-02-46-2022,,,,,,KSI130000112
,,APG,,,Опускание подкрановых балок с предварительным снятием болтов крепления и последующей их установкой после рихтовки подкрановых балок,,ГЭСН 81-02-46-2022,,,,,,KSI130000113
B,,,,,Замена конструкций,,ГЭСН 81-02-46-2022,По виду работ,,,,,KSI130000114
,BA,,,,Замена деревянных междуэтажных и чердачных перекрытий на железобетонные монолитные ребристые,,ГЭСН 81-02-46-2022,По виду работ,,ГЭСН 46-02-001,,,KSI130000115
,,BAA,,,Временное ограждение междуэтажных и чердачных помещений,,ГЭСН 81-02-46-2022,,,,,,KSI130000116
,,BAB,,,Временное раскрепление существующих колонн междуэтажных и чердачных помещений,,ГЭСН 81-02-46-2022,,,,,,KSI130000117
,,BAC,,,Установка подмостей для замены деревянных междуэтажных и чердачных перекрытий на железобетонные монолитные ребристые,,ГЭСН 81-02-46-2022,,,,,,KSI130000118
,,BAD,,,"Разборка элементов деревянных междуэтажных и чердачных перекрытий (прогоны, балки, настилы, подшивки, смазки, утеплители)",,ГЭСН 81-02-46-2022,,,,,,KSI130000119
,,BAE,,,Пробивка и заделка гнезд и борозд для замены деревянных междуэтажных и чердачных перекрытий на железобетонные монолитные ребристые,,ГЭСН 81-02-46-2022,,,,,,KSI130000120
,,BAF,,,Установка опалубки для замены деревянных междуэтажных и чердачных перекрытий на железобетонные монолитные ребристые,,ГЭСН 81-02-46-2022,,,,,,KSI130000121
,,BAG,,,Установка арматуры для замены деревянных междуэтажных и чердачных перекрытий на железобетонные монолитные ребристые,,ГЭСН 81-02-46-2022,,,,,,KSI130000122
,,BAH,,,Укладка бетона для замены деревянных междуэтажных и чердачных перекрытий на железобетонные монолитные ребристые,,ГЭСН 81-02-46-2022,,,,,,KSI130000123
,BB,,,,Замена перекрытий на монолитные железобетонные,,ГЭСН 81-02-46-2022,По виду работ,,ГЭСН 46-02-002,,,KSI130000124
,,BBA,,,Разборка кирпичных сводов при замене перекрытий на монолитные железобетонные,,ГЭСН 81-02-46-2022,,,,,,KSI130000125
,,BBB,,,Разборка утеплителей при замене перекрытий на монолитные железобетонные,,ГЭСН 81-02-46-2022,,,,,,KSI130000126
,,BBC,,,Пробивка гнезд и борозд при замене перекрытий на монолитные железобетонные,,ГЭСН 81-02-46-2022,,,,,,KSI130000127
,,BBD,,,Установка опалубки при замене перекрытий на монолитные железобетонные,,ГЭСН 81-02-46-2022,,,,,,KSI130000128
,,BBE,,,Установка арматуры при замене перекрытий на монолитные железобетонные,,ГЭСН 81-02-46-2022,,,,,,KSI130000129
,,BBF,,,Укладка бетона для замены перекрытий на монолитные железобетонные,,ГЭСН 81-02-46-2022,,,,,,KSI130000130
,,BBG,,,Временное раскрепление существующих колонн при замене перекрытий на монолитные железобетонные.,,ГЭСН 81-02-46-2022,,,,,,KSI130000131
,,BBH,,,Установка подмостей для замены перекрытий на монолитные железобетонные,,ГЭСН 81-02-46-2022,,,,,,KSI130000132
,,BBJ,,,"Разборка настила из гофрированной стали, кирпичной забутки и бетона, уложенного по гофрированной стали",,ГЭСН 81-02-46-2022,,,,,,KSI130000133
,BC,,,,Демонтаж металлоконструкций покрытий,"Снятие с места эксплуатации машин, разборка машин, оборудования, сооружений или их частей",ГЭСН 81-02-46-2022,По виду работ,,ГЭСН 46-02-004,,,KSI130000134
,,BCA,,,"Демонтаж заменяемых конструкций покрытий (кровли из волнистого железа, прогонов, фонаря и связей) с резкой фасонок, фиксаторов, срезкой болтов",,ГЭСН 81-02-46-2022,,,,,,KSI130000135
,,BCB,,,Перемещение по кровле и опускание вниз демонтированных конструкций,,ГЭСН 81-02-46-2022,,,,,,KSI130000136
,BD,,,,"Монтаж металлоконструкций покрытия, зенитных фонарей, прогонов профилированного настила, светоаэрационной стенки",,ГЭСН 81-02-46-2022,По виду работ,,ГЭСН 46-02-005,,,KSI130000137
,,BDA,,,"Подъем и перемещение по кровле монтируемых конструкций, закрепление их сборочными приспособлениями, электроприхватка и проектное закрепление",,ГЭСН 81-02-46-2022,,,,,,KSI130000138
,,BDB,,,Укрупнение зенитных фонарей и светоаэрационной стенки,,ГЭСН 81-02-46-2022,,,,,,KSI130000139
,BE,,,,Замена бутовых фундаментов под существующими стенами,,ГЭСН 81-02-46-2022,По виду работ,,ГЭСН 46-02-006,,,KSI130000140
,,BEA,,,Установка с креплением временных подкосов и опорных подушек для разгрузки фундаментов,,ГЭСН 81-02-46-2022,,,,,,KSI130000141
,,BEB,,,Разборка фундаментов отдельными участками,,ГЭСН 81-02-46-2022,,,,,,KSI130000142
,,BEC,,,Подготовка основания и кладка бутовых фундаментов отдельными участками с устройством гидроизоляции,,ГЭСН 81-02-46-2022,,,,,,KSI130000143
,,BED,,,Разборка временных подкосов и опорных подушек,,ГЭСН 81-02-46-2022,,,,,,KSI130000144
,BF,,,,Кладка отдельных участков кирпичных стен и заделка проемов в кирпичных стенах,,ГЭСН 81-02-46-2022,По виду работ,,ГЭСН 46-02-007,,,KSI130000145
,,BFA,,,Кладка отдельных участков стен или заделка проемов кирпичом с перевязкой новой кладки со старой,,ГЭСН 81-02-46-2022,,,,,,KSI130000146
,BG,,,,Замена ступеней,,ГЭСН 81-02-46-2022,По виду работ,,ГЭСН 46-02-008,,,KSI130000147
,,BGA,,,Снятие негодных ступеней с пробивкой в стене гнезд и борозд,,ГЭСН 81-02-46-2022,,,,,,KSI130000148
,,BGB,,,Установка ступеней на месте с подгонкой,,ГЭСН 81-02-46-2022,,,,,,KSI130000149
,,BGC,,,Заделка раствором щелей между ступенями,,ГЭСН 81-02-46-2022,,,,,,KSI130000150
,,BGD,,,Заделка концов ступеней в стенах,,ГЭСН 81-02-46-2022,,,,,,KSI130000151
,BH,,,,Отбивка штукатурки,,ГЭСН 81-02-46-2022,,,ГЭСН 46-02-009,,,KSI130000152
,,BHA,,,Простукивание поверхности,,ГЭСН 81-02-46-2022,,,,,,KSI130000153
,,BHB,,,Отбивка отставшей штукатурки,,ГЭСН 81-02-46-2022,,,,,,KSI130000154
C,,,,,Разборка конструкций,,ГЭСН 81-02-46-2022,По виду работ,,,,,KSI130000155
,CA,,,,Разборка фундаментов и стен,,ГЭСН 81-02-46-2022,По виду работ,,ГЭСН 46-04-001,,,KSI130000156
,,CAA,,,Разборка конструкций фундаментов и стен,,ГЭСН 81-02-46-2022,,,,,,KSI130000157
,,CAB,,,Резка арматуры фундаментов и стен,,ГЭСН 81-02-46-2022,,,,,,KSI130000158
,CB,,,,Разборка монолитных перекрытий,,ГЭСН 81-02-46-2022,По виду работ,,ГЭСН 46-04-002,,,KSI130000159
,,CBA,,,Разборка бетонных и железобетонных перекрытий,,ГЭСН 81-02-46-2022,,,,,,KSI130000160
,,CBB,,,Резка арматуры бетонных и железобетонных перекрытий,,ГЭСН 81-02-46-2022,,,,,,KSI130000161
,CC,,,,Разборка бетонных и железобетонных конструкций при помощи отбойных молотков,,ГЭСН 81-02-46-2022,По виду работ,,ГЭСН 46-04-003,,,KSI130000162
,,CCA,,,Разборка бетонных конструкций,,ГЭСН 81-02-46-2022,,,,,,KSI130000163
,,CCB,,,Разборка железобетонных конструкций,,ГЭСН 81-02-46-2022,,,,,,KSI130000164
,,CCC,,,Резка арматуры бетонных и железобетонных конструкций,,ГЭСН 81-02-46-2022,,,,,,KSI130000165
,CD,,,,Выбивка сборных железобетонных колонн при увеличении шага колонн в действующих цехах промышленных зданий,,ГЭСН 81-02-46-2022,По виду работ,,ГЭСН 46-04-004,,,KSI130000166
,,CDA,,,Установка тупиков на подкрановых путях при выбивке сборных железобетонных колонн при увеличении шага колонн в действующих цехах промышленных зданий,,ГЭСН 81-02-46-2022,,,,,,KSI130000167
,,CDB,,,Установка направляющих металлоконструкций,,ГЭСН 81-02-46-2022,,,,,,KSI130000168
,,CDC,,,Установка временных приспособлений для демонтажа,,ГЭСН 81-02-46-2022,,,,,,KSI130000169
,,CDD,,,Выбивка бетона на всех ветвях колонны,,ГЭСН 81-02-46-2022,,,,,,KSI130000170
,,CDE,,,Резка арматуры при выбивке сборных железобетонных колонн при увеличении шага колонн в действующих цехах промышленных зданий,,ГЭСН 81-02-46-2022,,,,,,KSI130000171
,,CDF,,,Демонтаж временных приспособлений после выбивки сборных железобетонных колонн при увеличении шага колонн в действующих цехах промышленных зданий,,ГЭСН 81-02-46-2022,,,,,,KSI130000172
,CE,,,,Разборка монолитных перегородок,,ГЭСН 81-02-46-2022,По виду работ,,ГЭСН 46-04-005,,,KSI130000173
,,CEA,,,Разборка монолитных перегородок общая,,ГЭСН 81-02-46-2022,,,,,,KSI130000174
,,CEB,,,Резка арматуры монолитных перегородок,,ГЭСН 81-02-46-2022,,,,,,KSI130000175
,CF,,,,Разборка деревянных перегородок,,ГЭСН 81-02-46-2022,По виду работ,,ГЭСН 46-04-006,,,KSI130000176
,,CFA,,,Разборка деревянных перегородок со снятием креплений,,ГЭСН 81-02-46-2022,,,,,,KSI130000177
,,CFB,,,Отбивка штукатурки деревянных перегородок,,ГЭСН 81-02-46-2022,,,,,,KSI130000178
,CG,,,,Разборка деревянных элементов перекрытий и покрытий,,ГЭСН 81-02-46-2022,По виду работ,,ГЭСН 46-04-007,,,KSI130000179
,,CGA,,,"Разборка засыпок, смазок и изоляционных прокладок деревянных элементов перекрытий и покрытий",,ГЭСН 81-02-46-2022,,,,,,KSI130000180
,,CGB,,,Отбивка штукатурки деревянных элементов перекрытий и покрытий,,ГЭСН 81-02-46-2022,,,,,,KSI130000181
,,CGC,,,"Разборка балок, накатов и подшивок деревянных элементов перекрытий и покрытий",,ГЭСН 81-02-46-2022,,,,,,KSI130000182
,,CGD,,,"Разборка прогонов, защитного и рабочего настилов при разборке деревянных элементов перекрытий и покрытий",,ГЭСН 81-02-46-2022,,,,,,KSI130000183
,,CGE,,,Разборка потолка с отвинчиванием шурупов и снятием болтов с несущих балок и деревянных направляющих брусков,,ГЭСН 81-02-46-2022,,,,,,KSI130000184
,,CGF,,,Разборка плит со сдвижкой их по направляющим и срезка алюминиевых гребенок с направляющими,,ГЭСН 81-02-46-2022,,,,,,KSI130000185
,,CGG,,,Снятие подвесок со скобами с резкой несущих уголков и разбалчиванием,,ГЭСН 81-02-46-2022,,,,,,KSI130000186
,CH,,,,Разборка покрытий кровель,,ГЭСН 81-02-46-2022,По виду работ,,ГЭСН 46-04-008,,,KSI130000187
,,CHA,,,Снятие материала покрытия кровли,,ГЭСН 81-02-46-2022,,,,,,KSI130000188
,,CHB,,,"Скатывание рулонных материалов, полученных от разборки покрытий кровель",,ГЭСН 81-02-46-2022,,,,,,KSI130000189
,CJ,,,,Разборка бетонных оснований под полы,,ГЭСН 81-02-46-2022,,,ГЭСН 46-04-009,,,KSI130000190
,CK,,,,Разборка покрытий полов,,ГЭСН 81-02-46-2022,,,ГЭСН 46-04-010,,,KSI130000191
,CL,,,,Разборка покрытий полов в зданиях и сооружениях с агрессивными средами,,ГЭСН 81-02-46-2022,По способу производства работ ,,ГЭСН 46-04-011,,,KSI130000192
,,CLA,,,Разборка покрытия полов с очисткой годных плиток и кирпича от раствора,,ГЭСН 81-02-46-2022,,,,,,KSI130000193
,CM,,,,Разборка деревянных заполнений проемов,,ГЭСН 81-02-46-2022,По виду работ,,ГЭСН 46-04-012,,,KSI130000194
,,CMA,,,Снятие оконных деревянных переплетов,,ГЭСН 81-02-46-2022,,,,,,KSI130000195
,,CMB,,,"Выемка коробок со снятием наличников, отбивкой откосов и четвертей в проемах",,ГЭСН 81-02-46-2022,,,,,,KSI130000196
,CN,,,,Разборка лестничных маршей и площадок,,ГЭСН 81-02-46-2022,По виду работ,,ГЭСН 46-04-013,,,KSI130000197
,,CNA,,,Установка лесов и подмостей для разборки лестничных маршей и площадок,,ГЭСН 81-02-46-2022,,,,,,KSI130000198
,,CNB,,,Разборка лесов и подмостей после разборки лестничных маршей и площадок,,ГЭСН 81-02-46-2022,,,,,,KSI130000199
,,CNC,,,"Пробивка борозд и гнезд в местах заделки ступеней, площадок, балок для разборки лестничных маршей и площадок",,ГЭСН 81-02-46-2022,,,,,,KSI130000200
,,CND,,,Разборка поручней и лестничных решеток,,ГЭСН 81-02-46-2022,,,,,,KSI130000201
,,CNE,,,Разборка косоуров и балок площадок,,ГЭСН 81-02-46-2022,,,,,,KSI130000202
,CP,,,,Разборка ступеней,,ГЭСН 81-02-46-2022,По виду работ,,ГЭСН 46-04-014,,,KSI130000203
,,CPA,,,Разборка каменных ступеней,,ГЭСН 81-02-46-2022,,,,,,KSI130000204
,,CPB,,,Разборка железобетонных ступеней,,ГЭСН 81-02-46-2022,,,,,,KSI130000205
,CQ,,,,Разборка облицовки из тесаного камня,,ГЭСН 81-02-46-2022,По виду работ,,ГЭСН 46-04-015,,,KSI130000206
,,CQA,,,Разборка облицовки с очисткой от раствора,,ГЭСН 81-02-46-2022,,,,,,KSI130000207
,CR,,,,"Резка бетонных и железобетонных конструкций стен, перегородок и перекрытий дисковыми стенорезными машинами",,ГЭСН 81-02-46-2022,По виду работ,,ГЭСН 46-04-016,,,KSI130000208
,,CRA,,,"Разметка линии резания, мест крепления направляющей шины",,ГЭСН 81-02-46-2022,,,,,,KSI130000209
,,CRB,,,"Установка направляющей шины в готовые отверстия, включая затяжку болтовых соединений до проектного усилия",,ГЭСН 81-02-46-2022,,,,,,KSI130000210
,,CRC,,,"Сборка стенорезной машины, включая установку режущего диска на поворотную стрелу",,ГЭСН 81-02-46-2022,,,,,,KSI130000211
,,CRD,,,"Подключение электропитания, проверка направления вращения режущего диска, фазировка, сборка системы охлаждения и промывки",,ГЭСН 81-02-46-2022,,,,,,KSI130000212
,,CRE,,,Сборка гидравлической схемы стенорезной машины,,ГЭСН 81-02-46-2022,,,,,,KSI130000213
,,CRF,,,"Проверка уровня масла, проведение необходимых регулировок и отладки системы гидравлического привода, проверка работоспособности стенорезной машины на холостом ходу",,ГЭСН 81-02-46-2022,,,,,,KSI130000214
,,CRG,,,"Подача воды на маслостанцию и стенорезную машину, пробная резка при малых оборотах",,ГЭСН 81-02-46-2022,,,,,,KSI130000215
,,CRH,,,"Резка бетонной конструкции, контроль процесса резки",,ГЭСН 81-02-46-2022,,,,,,KSI130000216
,,CRJ,,,Демонтаж стенорезной машины,,ГЭСН 81-02-46-2022,,,,,,KSI130000217
,,CRK,,,Смена режущего диска,,ГЭСН 81-02-46-2022,,,,,,KSI130000218
D,,,,,"Сверление и пробивка отверстий, проемов в конструкциях. Заделка отверстий, гнезд и борозд при реконструкции",,ГЭСН 81-02-46-2022,По виду работ,,,,,KSI130000219
,DA,,,,Сверление отверстий,,ГЭСН 81-02-46-2022,По типу конструкции,,,,,KSI130000220
,,DAA,,,Сверление установками алмазного бурения вертикальных отверстий в железобетонных конструкциях,,ГЭСН 81-02-46-2022,По способу производства работ ,,"ГЭСН 46-03-001
",,,KSI130000221
,,,DAAA,,Разметка мест сверления вертикальных отверстий установками алмазного бурения в железобетонных конструкциях,,ГЭСН 81-02-46-2022,,,,,,KSI130000222
,,,DAAB,,"Установка, выверка и крепление станка с присоединением к электро- и водопроводным сетям установок алмазного бурения вертикальных отверстий в железобетонных конструкциях",,ГЭСН 81-02-46-2022,,,,,,KSI130000223
,,,DAAC,,Опускание привода со сверлом установок алмазного бурения к месту сверления вертикальных отверстий в железобетонных конструкциях,,ГЭСН 81-02-46-2022,,,,,,KSI130000224
,,,DAAD,,Сверление вертикальных отверстий установками алмазного бурения в железобетонных конструкциях,,ГЭСН 81-02-46-2022,,,,,,KSI130000225
,,,DAAE,,Подъем привода со сверлом установок алмазного бурения вертикальных отверстий в железобетонных конструкциях,,ГЭСН 81-02-46-2022,,,,,,KSI130000226
,,,DAAF,,Удаление и уборка керна после сверления установками алмазного бурения вертикальных отверстий в железобетонных конструкциях,,ГЭСН 81-02-46-2022,,,,,,KSI130000227
,,,DAAG,,Установка удлинителей установок алмазного бурения при сверлении отверстий на глубину свыше 500 мм,,ГЭСН 81-02-46-2022,,,,,,KSI130000228
,,,DAAH,,Смена сверл установок алмазного бурения,,ГЭСН 81-02-46-2022,,,,,,KSI130000229
,,,DAAJ,,Перестановка станка после сверления установками алмазного бурения вертикальных отверстий в железобетонных конструкциях,,ГЭСН 81-02-46-2022,,,,,,KSI130000230
,,DAB,,,Сверление установками алмазного бурения горизонтальных отверстий в железобетонных конструкциях,,ГЭСН 81-02-46-2022,По способу производства работ ,,ГЭСН 46-03-002,,,KSI130000231
,,,DABA,,Разметка мест сверления горизонтальных отверстий установками алмазного бурения в железобетонных конструкциях,,ГЭСН 81-02-46-2022,,,,,,KSI130000232
,,,DABB,,"Установка, выверка и крепление станка с присоединением к электро- и водопроводным сетям установок алмазного бурения горизонтальных отверстий в железобетонных конструкциях",,ГЭСН 81-02-46-2022,,,,,,KSI130000233
,,,DABC,,Опускание привода со сверлом установками алмазного бурения к месту сверления горизонтальных отверстий в железобетонных конструкциях,,ГЭСН 81-02-46-2022,,,,,,KSI130000234
,,,DABD,,Сверление горизонтальных отверстий установками алмазного бурения в железобетонных конструкциях,,ГЭСН 81-02-46-2022,,,,,,KSI130000235
,,,DABE,,Подъем привода со сверлом установок алмазного бурения горизонтальных отверстий в железобетонных конструкциях,,ГЭСН 81-02-46-2022,,,,,,KSI130000236
,,,DABF,,Удаление и уборка керна поле сверления установками алмазного бурения горизонтальных отверстий в железобетонных конструкциях,,ГЭСН 81-02-46-2022,,,,,,KSI130000237
,,,DABG,,Установка удлинителей установок алмазного бурения горизонтальных отверстий в железобетонных конструкциях при сверлении отверстий на глубину свыше 350 мм,,ГЭСН 81-02-46-2022,,,,,,KSI130000238
,,,DABH,,Смена сверл установок алмазного бурения горизонтальных отверстий в железобетонных конструкциях,,ГЭСН 81-02-46-2022,,,,,,KSI130000239
,,,DABJ,,Перестановка станка после сверления установками алмазного бурения горизонтальных отверстий в железобетонных конструкциях,,ГЭСН 81-02-46-2022,,,,,,KSI130000240
,,,DABK,,Перестановка подмостей после сверления установками алмазного бурения горизонтальных отверстий в железобетонных конструкциях,,ГЭСН 81-02-46-2022,,,,,,KSI130000241
,,DAC,,,Бурение скважин в железобетонных конструкциях установками алмазного бурения,,ГЭСН 81-02-46-2022,По способу производства работ ,,ГЭСН 46-03-005,,,KSI130000242
,,,DACA,,Монтаж установки для бурения скважин в железобетонных конструкциях установками алмазного бурения,,ГЭСН 81-02-46-2022,,,,,,KSI130000243
,,,DACB,,Демонтаж установки после бурения скважин в железобетонных конструкциях установками алмазного бурения,,ГЭСН 81-02-46-2022,,,,,,KSI130000244
,,,DACC,,Бурение скважины с одновременным наращиванием удлинительных труб,,ГЭСН 81-02-46-2022,,,,,,KSI130000245
,,,DACD,,"Извлечение удлинительных труб, удаление керна после бурения скважин в железобетонных конструкциях установками алмазного бурения",,ГЭСН 81-02-46-2022,,,,,,KSI130000246
,,DAD,,,Перфорация трубы,,ГЭСН 81-02-46-2022,По виду работ,,ГЭСН 46-03-006,,,KSI130000247
,,,DADA,,Разметка мест сверления отверстий для перфорации трубы,,ГЭСН 81-02-46-2022,,,,,,KSI130000248
,,,DADB,,Сверление отверстий для перфорации трубы,,ГЭСН 81-02-46-2022,,,,,,KSI130000249
,,,DADC,,Снятие фаски после перфорации трубы,,ГЭСН 81-02-46-2022,,,,,,KSI130000250
,DB,,,,"Пробивка отверстий, проемов, гнезд",,ГЭСН 81-02-46-2022,По типу конструкции,,,,,KSI130000251
,,DBA,,,Пробивка проемов в конструкциях,,ГЭСН 81-02-46-2022,По виду работ,,ГЭСН 46-03-007,,,KSI130000252
,,,DBAA,,Разметка мест пробивки проемов в конструкции,,ГЭСН 81-02-46-2022,,,,,,KSI130000253
,,,DBAB,,Пробивка проемов с зачисткой откосов,,ГЭСН 81-02-46-2022,,,,,,KSI130000254
,,DBB,,,Устройство ниш в кирпичных стенах,,ГЭСН 81-02-46-2022,По виду работ,,ГЭСН 46-03-008,,,KSI130000255
,,,DBBA,,Разметка мест пробивки ниш в кирпичных стенах,,ГЭСН 81-02-46-2022,,,,,,KSI130000256
,,,DBBB,,Пробивка ниш с зачисткой поверхности,,ГЭСН 81-02-46-2022,,,,,,KSI130000257
,,DBC,,,Пробивка гнезд и сквозных отверстий в кирпичных стенах,,ГЭСН 81-02-46-2022,По виду работ,,ГЭСН 46-03-009,,,KSI130000258
,,,DBCA,,Разметка мест пробивки гнезд и сквозных отверстий в кирпичных стенах,,ГЭСН 81-02-46-2022,,,,,,KSI130000259
,,,DBCB,,Пробивка гнезд и сквозных отверстий,,ГЭСН 81-02-46-2022,,,,,,KSI130000260
,,DBD,,,"Пробивка отверстий в бетонных стенах, полах и потолках",,ГЭСН 81-02-46-2022,По виду работ,,ГЭСН 46-03-010,,,KSI130000261
,,,DBDA,,"Разметка мест пробивки отверстий в бетонных стенах, полах и потолках",,ГЭСН 81-02-46-2022,,,,,,KSI130000262
,,,DBDB,,"Пробивка отверстий (в бетонных стенах, полах и потолках)",,ГЭСН 81-02-46-2022,,,,,,KSI130000263
,,DBE,,,Пробивка борозд в кирпичных стенах,,ГЭСН 81-02-46-2022,По виду работ,,ГЭСН 46-03-011,,,KSI130000264
,,,DBEA,,Разметка мест пробивки борозд в кирпичных стенах,,ГЭСН 81-02-46-2022,,,,,,KSI130000265
,,,DBEB,,Зачистка борозд в кирпичных стенах,,ГЭСН 81-02-46-2022,,,,,,KSI130000266
,,DBF,,,Пробивка борозд в бетонных конструкциях,,ГЭСН 81-02-46-2022,По виду работ,,ГЭСН 46-03-012,,,KSI130000267
,,,DBFA,,Разметка мест пробивки борозд в бетонных конструкциях,,ГЭСН 81-02-46-2022,,,,,,KSI130000268
,,,DBFB,,Пробивка борозд,,ГЭСН 81-02-46-2022,,,,,,KSI130000269
,,DBG,,,Сверление отверстий в бетонных конструкциях перфоратором,,ГЭСН 81-02-46-2022,По виду работ,,ГЭСН 46-03-013,,,KSI130000270
,,,DBGA,,Разметка мест сверления отверстий в бетонных конструкциях перфоратором,,ГЭСН 81-02-46-2022,,,,,,KSI130000271
,,,DBGB,,Приведение перфоратора в рабочее положение для сверления отверстий в бетонных конструкциях,,ГЭСН 81-02-46-2022,,,,,,KSI130000272
,,,DBGC,,Сверление отверстий перфоратором в бетонных конструкциях,,ГЭСН 81-02-46-2022,,,,,,KSI130000273
,,,DBGD,,Уборка мусора после сверления отверстий в бетонных конструкциях перфоратором,,ГЭСН 81-02-46-2022,,,,,,KSI130000274
,,DBH,,,Сверление отверстий в железобетонных конструкциях перфоратором,,ГЭСН 81-02-46-2022,По виду работ,,ГЭСН 46-03-014,,,KSI130000275
,,,DBHA,,Разметка мест сверления отверстий в железобетонных конструкциях перфоратором,,ГЭСН 81-02-46-2022,,,,,,KSI130000276
,,,DBHB,,Приведение перфоратора в рабочее положение для сверления отверстий в железобетонных конструкциях,,ГЭСН 81-02-46-2022,,,,,,KSI130000277
,,,DBHC,,Сверление отверстий перфоратором,,ГЭСН 81-02-46-2022,,,,,,KSI130000278
,,,DBHD,,Уборка мусора после сверления отверстий в железобетонных конструкциях перфоратором,,ГЭСН 81-02-46-2022,,,,,,KSI130000279
,,DBJ,,,"Устройство борозд в конструкциях из кирпича, бетона с использованием штробореза",,ГЭСН 81-02-46-2022,По виду работ,,ГЭСН 46-03-015,,,KSI130000280
,,,DBJA,,Разметка борозд штроборезом,,ГЭСН 81-02-46-2022,,,,,,KSI130000281
,,,DBJB,,Пропил борозд штроборезом,,ГЭСН 81-02-46-2022,,,,,,KSI130000282
,,,DBJC,,Зачистка борозд перфоратором,,ГЭСН 81-02-46-2022,,,,,,KSI130000283
,DC,,,,"Заделка отверстий, проемов, гнезд и борозд",,ГЭСН 81-02-46-2022,По виду работ,,ГЭСН 46-03-017,,,KSI130000284
,,DCA,,,"Расчистка отверстий, гнезд и борозд для заделки",,ГЭСН 81-02-46-2022,,,,,,KSI130000285
,,DCB,,,"Установка опалубки для заделки отверстий, гнезд и борозд",,ГЭСН 81-02-46-2022,,,,,,KSI130000286
,,DCC,,,"Укладка арматуры для заделки отверстий, гнезд и борозд",,ГЭСН 81-02-46-2022,,,,,,KSI130000287
,,DCD,,,"Укладка бетона для заделки отверстий, гнезд и борозд",,ГЭСН 81-02-46-2022,,,,,,KSI130000288
,,DCE,,,"Последующая заделка отверстий, гнезд и борозд",,ГЭСН 81-02-46-2022,,,,,,KSI130000289
E,,,,,Устройство временных защитных ограждений и устройств при производстве работ по реконструкции,,ГЭСН 81-02-46-2022,По виду работ,,,,,KSI130000290
,EA,,,,Устройство временных защитных ограждений,,ГЭСН 81-02-46-2022,По виду работ,,ГЭСН 46-05-001,,,KSI130000291
,,EAA,,,Устройство каркаса временных защитных ограждений из бревен и досок,,ГЭСН 81-02-46-2022,,,,,,KSI130000292
,,EAB,,,Устройство настила временных защитных ограждений с покрытием толем в два слоя ,,ГЭСН 81-02-46-2022,,,,,,KSI130000293
,,EAC,,,Разборка временных защитных ограждений,,ГЭСН 81-02-46-2022,,,,,,KSI130000294
,,EAD,,,Обшивка досками по каркасу с покрытием толем в один слой,,ГЭСН 81-02-46-2022,,,,,,KSI130000295
,EB,,,,Установка устройств при производстве работ по усилению конструкций и элементов,,ГЭСН 81-02-46-2022,По виду работ,,"ГЭСН 46-05-002
ГЭСН 46-05-003
ГЭСН 46-05-004
ГЭСН 46-05-005
ГЭСН 46-05-006",,,KSI130000296
,,EBA,,,Установка лебедок и такелажной оснастки для производства работ по усилению,,ГЭСН 81-02-46-2022,,,,,,KSI130000297
,,EBB,,,Снятие лебедок и такелажной оснастки после производства работ по усилению,,ГЭСН 81-02-46-2022,,,,,,KSI130000298
,,EBC,,,"Установка, перестановка и снятие приставных инвентарных лестниц и люлек, сборно-разборных подмостей индивидуального изготовления, страховочного каната при производстве работ по усилению",,ГЭСН 81-02-46-2022,,,,,,KSI130000299
,EC,,,,Установка защитного горизонтального ограждения из профнастила под верхними поясами ферм при замене конструкций покрытия,,ГЭСН 81-02-46-2022,По виду работ,,ГЭСН 46-05-007,,,KSI130000300
,,ECA,,,Установка лебедок и такелажной оснастки для установки защитного горизонтального ограждения из профнастила под верхними поясами ферм при замене конструкций покрытия,,ГЭСН 81-02-46-2022,,,,,,KSI130000301
,,ECB,,,Снятие лебедок и такелажной оснастки после установки защитного горизонтального ограждения из профнастила под верхними поясами ферм при замене конструкций покрытия,,ГЭСН 81-02-46-2022,,,,,,KSI130000302
,,ECC,,,"Подъем, установка и снятие лестниц, люлек, защитного настила по прогонам под верхними поясами ферм, переходных мостиков для установки защитного горизонтального ограждения из профнастила под верхними поясами ферм при замене конструкций покрытия",,ГЭСН 81-02-46-2022,,,,,,KSI130000303
,,ECD,,,Устройство путей для крышного крана и грузовой тележки для установки защитного горизонтального ограждения из профнастила под верхними поясами ферм при замене конструкций покрытия,,ГЭСН 81-02-46-2022,,,,,,KSI130000304
,ED,,,,Работы по обеспечению устойчивости и безопасности ведения работ,,ГЭСН 81-02-46-2022,По виду работ,,ГЭСН 46-05-008,,,KSI130000305
,,EDA,,,Установка опорных стоек для обеспечения устойчивости и безопасности ведения работ,,ГЭСН 81-02-46-2022,,,,,,KSI130000306
,,EDB,,,Снятие опорных стоек после обеспечения устойчивости и безопасности ведения работ,,ГЭСН 81-02-46-2022,,,,,,KSI130000307
,,EDC,,,"Приварка мелких металлических конструкций, срезка их и зачистка",,ГЭСН 81-02-46-2022,,,,,,KSI130000308
,EE,,,,"Установка и снятие временных тупиков, упоров, ограждений и предварительное напряжение подстропильных ферм",,ГЭСН 81-02-46-2022,По виду работ,,ГЭСН 46-05-009,,,KSI130000309
,,EEA,,,"Установка тупиков, упоров, стоечного ограждения",,ГЭСН 81-02-46-2022,,,,,,KSI130000310
,,EEB,,,"Снятие тупиков, упоров, стоечного ограждения",,ГЭСН 81-02-46-2022,,,,,,KSI130000311
,,EEC,,,"Установка гидравлического домкрата, сборка и разборка монтажного приспособления",,ГЭСН 81-02-46-2022,,,,,,KSI130000312
F,,,,,Разборка жилых и общественных зданий,,ГЭСН 81-02-46-2022,По типу конструкции,,,,,KSI130000313
,FA,,,,Разборка надземной части,,ГЭСН 81-02-46-2022,По виду работ,,"ГЭСН 46-06-001
ГЭСН 46-06-002",,,KSI130000314
,,FAA,,,Разборка зданий с применением строительных машин и механизмов,,ГЭСН 81-02-46-2022,,,,,,KSI130000315
,,FAB,,,Выборка годных материалов с очисткой и укладкой в штабели,,ГЭСН 81-02-46-2022,,,,,,KSI130000316
,,FAC,,,"Перевозка материалов, полученных от разборки, на промежуточный склад",,ГЭСН 81-02-46-2022,,,,,,KSI130000317
,,FAD,,,Разборка зданий,,ГЭСН 81-02-46-2022,,,,,,KSI130000318
,FB,,,,Разборка санитарно-технических систем,,ГЭСН 81-02-46-2022,По виду работ,,ГЭСН 46-06-003,,,KSI130000319
,,FBA,,,Снятие санитарно-технических систем,,ГЭСН 81-02-46-2022,,,,,,KSI130000320
,,FBB,,,Погрузка металлолома в автотранспорт,,ГЭСН 81-02-46-2022,,,,,,KSI130000321
,,FBC,,,Отвозка металлолома,,ГЭСН 81-02-46-2022,,,,,,KSI130000322
,,FBD,,,Выгрузка металлолома из автотранспорта,,ГЭСН 81-02-46-2022,,,,,,KSI130000323
,FC,,,,Разборка фундаментов жилых зданий из бутового камня,,ГЭСН 81-02-46-2022,,,ГЭСН 46-06-004,,,KSI130000324
,FD,,,,Разборка лестниц подземной части жилых зданий,,ГЭСН 81-02-46-2022,,,ГЭСН 46-06-005,,,KSI130000325
,FE,,,,Разборка полов с основанием подземной части жилых зданий,,ГЭСН 81-02-46-2022,,,ГЭСН 46-06-006,,,KSI130000326
,FF,,,,Разборка стен из кирпича подземной части жилых зданий,,ГЭСН 81-02-46-2022,,,ГЭСН 46-06-007,,,KSI130000327
,FG,,,,Разборка индивидуальных металлических гаражей с вывозкой,,ГЭСН 81-02-46-2022,По виду работ,,ГЭСН 46-06-008,,,KSI130000328
,,FGA,,,Разборка индивидуальных металлических гаражей,,ГЭСН 81-02-46-2022,,,,,,KSI130000329
,,FGB,,,Вывоз после разборки индивидуальных металлических гаражей,,ГЭСН 81-02-46-2022,,,,,,KSI130000330
,FH,,,,Комплексная разборка зданий,,ГЭСН 81-02-46-2022,По виду работ,,ГЭСН 46-06-009,,,KSI130000331
,,FHA,,,"Полная комплексная разборка зданий, включая фундаменты, с применением строительных машин и механизмов",,ГЭСН 81-02-46-2022,,,,,,KSI130000332
,,FHB,,,Выборка годных материалов с очисткой с укладкой в штабели,,ГЭСН 81-02-46-2022,,,,,,KSI130000333
,,FHC,,,"Перевозка материалов, полученных от разборки, на промежуточный склад после комплексной разборки",,ГЭСН 81-02-46-2022,,,,,,KSI130000334
G,,,,,Замена металлических конструкций сооружений,,ГЭСН 81-02-46-2022,По виду работ,,,,,KSI130000335
,GA,,,,Замена элементов конструкций резервуаров стальных вертикальных цилиндрических для нефти и нефтепродуктов,,ГЭСН 81-02-46-2022,По виду работ,,ГЭСН 46-07-010,,,KSI130000336
,,GAA,,,Устройство и усиление монтажного проема для замены элементов конструкций резервуаров стальных вертикальных цилиндрических для нефти и нефтепродуктов,,ГЭСН 81-02-46-2022,,,,,,KSI130000337
,,GAB,,,Демонтаж днища резервуара и окраек,,ГЭСН 81-02-46-2022,,,,,,KSI130000338
,,GAC,,,Изготовление и монтаж днища и окраек,,ГЭСН 81-02-46-2022,,,,,,KSI130000339
,,GAD,,,"Изготовление, монтаж приспособлений для замены элементов конструкций резервуаров стальных вертикальных цилиндрических для нефти и нефтепродуктов",,ГЭСН 81-02-46-2022,,,,,,KSI130000340
,,GAE,,,Демонтаж приспособлений после замены элементов конструкций резервуаров стальных вертикальных цилиндрических для нефти и нефтепродуктов,,ГЭСН 81-02-46-2022,,,,,,KSI130000341
,,GAF,,,Производство сварочных работ при замене элементов конструкций резервуаров стальных вертикальных цилиндрических для нефти и нефтепродуктов,,ГЭСН 81-02-46-2022,,,,,,KSI130000342
,,GAG,,,Перемещение металлоконструкций от приобъектного склада до монтажной площадки при замене элементов конструкций резервуаров стальных вертикальных цилиндрических для нефти и нефтепродуктов,,ГЭСН 81-02-46-2022,,,,,,KSI130000343
,,GAH,,,Испытание резервуара наливом воды после замены элементов конструкций резервуаров стальных вертикальных цилиндрических для нефти и нефтепродуктов,,ГЭСН 81-02-46-2022,,,,,,KSI130000344
,,GAJ,,,Контроль сварных соединений после замены элементов конструкций резервуаров стальных вертикальных цилиндрических для нефти и нефтепродуктов,,ГЭСН 81-02-46-2022,,,,,,KSI130000345
,GB,,,,Замена металлоконструкций при ремонте резервуаров,,ГЭСН 81-02-46-2022,По виду работ,,"ГЭСН 46-07-010
ГЭСН 46-07-015",,,KSI130000346
,,GBA,,,Устройство монтажного проема при ремонте резервуаров,,ГЭСН 81-02-46-2022,,,,,,KSI130000347
,,GBB,,,Демонтаж дефектного участка днища резервуара,,ГЭСН 81-02-46-2022,,,,,,KSI130000348
,,GBC,,,Монтаж ремонтной марки днища,,ГЭСН 81-02-46-2022,,,,,,KSI130000349
,,GBD,,,Монтаж приспособлений при ремонте резервуаров,,ГЭСН 81-02-46-2022,,,,,,KSI130000350
,,GBE,,,Демонтаж приспособлений после ремонта резервуаров,,ГЭСН 81-02-46-2022,,,,,,KSI130000351
,,GBF,,,"Производство сварочных работ, послойная зачистка сварных швов и околошовной зоны",,ГЭСН 81-02-46-2022,,,,,,KSI130000352
,,GBG,,,Контроль сварных соединений при ремонте резервуаров,,ГЭСН 81-02-46-2022,,,,,,KSI130000353
,,GBH,,,Перемещение металлоконструкций от приобъектного склада до монтажной площадки при ремонте резервуаров,,ГЭСН 81-02-46-2022,,,,,,KSI130000354
,GC,,,,Гидравлические испытания резервуаров стальных вертикальных цилиндрических для нефти и нефтепродуктов,,ГЭСН 81-02-46-2022,По виду работ,,ГЭСН 46-07-025,,,KSI130000355
,,GCA,,,"Наполнение резервуара водой, включая проведение ВИК",,ГЭСН 81-02-46-2022,,,,,,KSI130000356
,,GCB,,,Выдержка резервуара под нагрузкой,,ГЭСН 81-02-46-2022,,,,,,KSI130000357
,,GCC,,,"Спуск воды из резервуара, включая проведение ВИК",,ГЭСН 81-02-46-2022,,,,,,KSI130000358
,,GCD,,,Нивелировка окрайки днища и вертикального отклонения стенки резервуара,,ГЭСН 81-02-46-2022,,,,,,KSI130000359
H,,,,,Работы при реконструкции гидротехнических сооружений,,ГЭСН 81-02-46-2022,По виду работ,,,,,KSI130000360
,HA,,,,Укрепление оснований гидротехнических сооружений методом инъектирования с погружением и извлечением инъектора в пробуренную скважину,,ГЭСН 81-02-46-2022,По способу производства работ ,,ГЭСН 46-09-001,,,KSI130000361
,,HAA,,,Доставка сухой смеси от приобъектного склада до места приготовления,,ГЭСН 81-02-46-2022,,,,,,KSI130000362
,,HAB,,,Выгрузка сухой смеси к растворному узлу,,ГЭСН 81-02-46-2022,,,,,,KSI130000363
,,HAC,,,Приготовление раствора для укрепления оснований гидротехнических сооружений,,ГЭСН 81-02-46-2022,,,,,,KSI130000364
,,HAD,,,Перекачка раствора в накопитель для укрепления оснований гидротехнических сооружений,,ГЭСН 81-02-46-2022,,,,,,KSI130000365
,,HAE,,,Затворение и барботаж раствора,,ГЭСН 81-02-46-2022,,,,,,KSI130000366
,,HAF,,,Выгрузка цемента для укрепления оснований гидротехнических сооружений в силос,,ГЭСН 81-02-46-2022,,,,,,KSI130000367
,,HAG,,,Доставка портландцемента и тампонажной смеси от приобъектного склада до места приготовления,,ГЭСН 81-02-46-2022,,,,,,KSI130000368
,,HAH,,,Выгрузка портландцемента и тампонажной смеси на месте производства работ,,ГЭСН 81-02-46-2022,,,,,,KSI130000369
,,HAJ,,,"Загрузка портландцемента и тампонажной смеси в смеситель, приготовление сухой смеси и загрузка в силос",,ГЭСН 81-02-46-2022,,,,,,KSI130000370
,,HAK,,,Перекачка раствора в накопительную емкость,,ГЭСН 81-02-46-2022,,,,,,KSI130000371
,,HAL,,,Выгрузка инъектора на месте производства работ по укреплению оснований гидротехнических сооружений,,ГЭСН 81-02-46-2022,,,,,,KSI130000372
,,HAM,,,Монтаж и погружение инъектора на глубину,,ГЭСН 81-02-46-2022,,,,,,KSI130000373
,,HAN,,,Нагнетание инъекционного раствора для укрепления оснований гидротехнических сооружений,,ГЭСН 81-02-46-2022,,,,,,KSI130000374
,,HAP,,,Извлечение и демонтаж инъектора,,ГЭСН 81-02-46-2022,,,,,,KSI130000375
,,HAQ,,,Промывка инъектора после укрепления оснований гидротехнических сооружений,,ГЭСН 81-02-46-2022,,,,,,KSI130000376
,,HAR,,,Монтаж и демонтаж установки для бурения скважин в железобетоне,,ГЭСН 81-02-46-2022,,,,,,KSI130000377
,,HAS,,,Установка и снятие гидромотора,,ГЭСН 81-02-46-2022,,,,,,KSI130000378
,,HAT,,,Бурение скважины для укрепления оснований гидротехнических сооружений,,ГЭСН 81-02-46-2022,,,,,,KSI130000379
,,HAU,,,Наращивание штанги для укрепления оснований гидротехнических сооружений,,ГЭСН 81-02-46-2022,,,,,,KSI130000380
,,HAV,,,"Извлечение штанги, извлечение керна после укрепления оснований гидротехнических сооружений",,ГЭСН 81-02-46-2022,,,,,,KSI130000381
,,HAW,,,Монтаж коронки с удлинительными трубками,,ГЭСН 81-02-46-2022,,,,,,KSI130000382
,HB,,,,Разборка монолитных железобетонных конструкций гидромолотом на базе экскаватора,,ГЭСН 81-02-46-2022,По виду работ,,ГЭСН 46-09-005,,,KSI130000383
,,HBA,,,Разборка железобетонных конструкций гидромолотом на базе экскаватора,,ГЭСН 81-02-46-2022,,,,,,KSI130000384
,,HBB,,,Перемещение разобранного железобетона в отвал после разборки железобетонных конструкций гидромолотом на базе экскаватора,,ГЭСН 81-02-46-2022,,,,,,KSI130000385
,,HBC,,,Резка арматуры при разборке железобетонных конструкций гидромолотом на базе экскаватора,,ГЭСН 81-02-46-2022,,,,,,KSI130000386
,HC,,,,Канатная алмазная резка железобетонных конструкций,,ГЭСН 81-02-46-2022,По виду работ,,ГЭСН 46-09-010,,,KSI130000387
,,HCA,,,"Разметка линии резания, мест крепления оборудования для канатной алмазной резки железобетонных конструкций",,ГЭСН 81-02-46-2022,,,,,,KSI130000388
,,HCB,,,"Установка автомата канатного пиления, включая внешний осмотр агрегатов и проверку надежности креплений",,ГЭСН 81-02-46-2022,,,,,,KSI130000389
,,HCC,,,"Подключение электропитания, проверка направления вращения электродвигателя, фазировка",,ГЭСН 81-02-46-2022,,,,,,KSI130000390
,,HCD,,,"Сборка гидравлической схемы привода автомата канатного пиления, проверка уровня масла, проведение необходимых регулировок и отладки системы гидравлического привода, проверка работоспособности автомата на холостом ходу",,ГЭСН 81-02-46-2022,,,,,,KSI130000391
,,HCE,,,Сборка системы охлаждения и промывки,,ГЭСН 81-02-46-2022,,,,,,KSI130000392
,,HCF,,,Установка погружных колонн в готовые отверстия,,ГЭСН 81-02-46-2022,,,,,,KSI130000393
,,HCG,,,"Установка и юстировка дюбельных опор под ролики, определение правильного направления вращения алмазного каната, установка и закрепление приводного колеса",,ГЭСН 81-02-46-2022,,,,,,KSI130000394
,,HCH,,,Юстировка роликов и протяжка каната по монтажной схеме,,ГЭСН 81-02-46-2022,,,,,,KSI130000395
,,HCJ,,,"Подача воды на маслостанцию и канат, включение маслостанции, привода вращения, пробное пиление при малых оборотах вращения",,ГЭСН 81-02-46-2022,,,,,,KSI130000396
,,HCK,,,"Пиление железобетонной конструкции, контроль процесса пиления",,ГЭСН 81-02-46-2022,,,,,,KSI130000397
,,HCL,,,"Укорачивание, скручивание и опрессовка каната металлическими втулками",,ГЭСН 81-02-46-2022,,,,,,KSI130000398
,,HCM,,,"Расклинивание пропила подготовленными клиньями, перестановка штуцера подачи воды",,ГЭСН 81-02-46-2022,,,,,,KSI130000399
J,,,,,Проведение дополнительных работ при реконструкции,,ГЭСН 81-02-46-2022,,,,,,KSI130000400
,JA,,,,Переноска грузов вручную в подземных сооружениях,,ГЭСН 81-02-46-2022,По виду работ,,ГЭСН 46-08-001,,,KSI130000401
,,JAA,,,Подъем или погрузка материалов на малоемкие приборы перемещения,,ГЭСН 81-02-46-2022,,,,,,KSI130000402
,,JAB,,,Переноска грузов,,ГЭСН 81-02-46-2022,,,,,,KSI130000403
,,JAC,,,Опускание опрокидыванием,,ГЭСН 81-02-46-2022,,,,,,KSI130000404
,,JAD,,,Разгрузка складированием на месте,,ГЭСН 81-02-46-2022,,,,,,KSI130000405
,,JAE,,,Разгрузка опрокидыванием,,ГЭСН 81-02-46-2022,,,,,,KSI130000406
,JB,,,,Немеханизированная уборка территории в подземных сооружениях,,ГЭСН 81-02-46-2022,По виду работ,,ГЭСН 46-08-002,,,KSI130000407
,,JBA,,,Перемещение бригады по территории,,ГЭСН 81-02-46-2022,,,,,,KSI130000408
,,JBB,,,Уборка территории,,ГЭСН 81-02-46-2022,,,,,,KSI130000409
,,JBC,,,Поддержание чистоты на территории,,ГЭСН 81-02-46-2022,,,,,,KSI130000410
,JC,,,,"Приготовление безусадочных, быстротвердеющих составов тиксотропного типа",,ГЭСН 81-02-46-2022,По виду работ,,ГЭСН 46-08-003,,,KSI130000411
,,JCA,,,Дозировка составляющих,,ГЭСН 81-02-46-2022,,,,,,KSI130000412
,,JCB,,,Перемешивание состава,,ГЭСН 81-02-46-2022,,,,,,KSI130000413
,JD,,,,Нанесение на поверхности бетонных и железобетонных конструкций составов тиксотропного типа,,ГЭСН 81-02-46-2022,По виду работ,,"ГЭСН 46-08-004
ГЭСН 46-08-005
ГЭСН 46-08-009
ГЭСН 46-08-010",,,KSI130000414
,,JDA,,,Установка опалубки для нанесения на поверхности бетонных и железобетонных конструкций составов тиксотропного типа,,ГЭСН 81-02-46-2022,,,,,,KSI130000415
,,JDB,,,Разборка опалубки после нанесения на поверхности бетонных и железобетонных конструкций составов тиксотропного типа,,ГЭСН 81-02-46-2022,,,,,,KSI130000416
,,JDC,,,Приготовление грунтовочного состава,,ГЭСН 81-02-46-2022,,,,,,KSI130000417
,,JDD,,,Нанесение грунтовочного состава,,ГЭСН 81-02-46-2022,,,,,,KSI130000418
,,JDE,,,Насыщение поверхности водой под нанесение на поверхности бетонных и железобетонных конструкций составов тиксотропного типа,,ГЭСН 81-02-46-2022,,,,,,KSI130000419
,,JDF,,,Нанесение наливного безусадочного быстротвердеющего состава тиксотропного типа на подготовленную поверхность вручную,,ГЭСН 81-02-46-2022,,,,,,KSI130000420
,,JDG,,,Нанесение безусадочного сухого состава тиксотропного типа на подготовленную поверхность в один слой,,ГЭСН 81-02-46-2022,,,,,,KSI130000421
,,JDH,,,Нанесение тиксотропного состава на подготовленную поверхность вручную в один слой,,ГЭСН 81-02-46-2022,,,,,,KSI130000422
,,JDJ,,,Нанесение пленкообразующего состава на акриловой основе,,ГЭСН 81-02-46-2022,,,,,,KSI130000423
,,JDK,,,Разравнивание нанесенного состава,,ГЭСН 81-02-46-2022,,,,,,KSI130000424
,JE,,,,"Высокоточная цементация оборудования, металлоконструкций с применением составов на цементно-эпоксидной основе",,ГЭСН 81-02-46-2022,По виду работ,,ГЭСН 46-08-011,,,KSI130000425
,,JEA,,,Установка опалубки,,ГЭСН 81-02-46-2022,,,,,,KSI130000426
,,JEB,,,Разборка опалубки,,ГЭСН 81-02-46-2022,,,,,,KSI130000427
,,JEC,,,Заделка стыков опалубки,,ГЭСН 81-02-46-2022,,,,,,KSI130000428
,,JED,,,Насыщение поверхности водой,,ГЭСН 81-02-46-2022,,,,,,KSI130000429
,,JEE,,,Укладка смеси с одновременным распределением материала,,ГЭСН 81-02-46-2022,,,,,,KSI130000430
,JF,,,,Установка анкеров с применением составов на цементно-эпоксидной основе,,ГЭСН 81-02-46-2022,По виду работ,,ГЭСН 46-08-012,,,KSI130000431
,,JFA,,,Разметка мест сверления,,ГЭСН 81-02-46-2022,,,,,,KSI130000432
,,JFB,,,Сверление отверстий под установку анкеров с применением составов на цементно-эпоксидной основе,,ГЭСН 81-02-46-2022,,,,,,KSI130000433
,,JFC,,,Обеспыливание отверстий,,ГЭСН 81-02-46-2022,,,,,,KSI130000434
,,JFD,,,Заполнение отверстий составом,,ГЭСН 81-02-46-2022,,,,,,KSI130000435
,,JFE,,,Установка анкеров,,ГЭСН 81-02-46-2022,,,,,,KSI130000436
,JG,,,,Гидроизоляция швов,,ГЭСН 81-02-46-2022,По виду работ,,ГЭСН 46-08-013,,,KSI130000437
,,JGA,,,Выгрузка материалов на месте производства работ,,ГЭСН 81-02-46-2022,,,,,,KSI130000438
,,JGB,,,Очистка шва от пыли и грязи,,ГЭСН 81-02-46-2022,,,,,,KSI130000439
,,JGC,,,Заполнение шва герметическим материалом,,ГЭСН 81-02-46-2022,,,,,,KSI130000440
,,JGD,,,Выравнивание поверхности шва,,ГЭСН 81-02-46-2022,,,,,,KSI130000441
,,JGE,,,Зачистка кромок шва шлифмашинкой,,ГЭСН 81-02-46-2022,,,,,,KSI130000442
,,JGF,,,Укладка в тело шва пенополиэтиленового теплоизоляционного прокладочного шнура,,ГЭСН 81-02-46-2022,,,,,,KSI130000443
,,JGG,,,Очистка бетонной поверхности сжатым воздухом с помощью компрессора,,ГЭСН 81-02-46-2022,,,,,,KSI130000444
,,JGH,,,"Укладка гидроизоляционной ленты, включая стыковку",,ГЭСН 81-02-46-2022,,,,,,KSI130000445
,,JGJ,,,Нанесение клеевого состава на подготовленную поверхность,,ГЭСН 81-02-46-2022,,,,,,KSI130000446
,,JGK,,,Приготовление клея,,ГЭСН 81-02-46-2022,,,,,,KSI130000447
,,JGL,,,Запечатывание гидроизоляционной ленты клеевым составом,,ГЭСН 81-02-46-2022,,,,,,KSI130000448
,,JGM,,,Соединение концов ленты внахлест,,ГЭСН 81-02-46-2022,,,,,,KSI130000449
,JH,,,,Навеска и перенавеска альпинистского снаряжения,,ГЭСН 81-02-46-2022,По виду работ,,ГЭСН 46-08-033,,,KSI130000450
,,JHA,,,Визуальный осмотр страховочных тросов,,ГЭСН 81-02-46-2022,,,,,,KSI130000451
,,JHB,,,Проверка страховочных тросов,,ГЭСН 81-02-46-2022,,,,,,KSI130000452
,,JHC,,,Раскладка длин концов страховочных тросов,,ГЭСН 81-02-46-2022,,,,,,KSI130000453
,,JHD,,,Выверка длин концов страховочных тросов,,ГЭСН 81-02-46-2022,,,,,,KSI130000454
,,JHE,,,Крепление основного страховочного троса к опорной конструкции (вязка узлов),,ГЭСН 81-02-46-2022,,,,,,KSI130000455
,,JHF,,,Опускание основного страховочного троса на проектную отметку,,ГЭСН 81-02-46-2022,,,,,,KSI130000456
,,JHG,,,Крепление вспомогательного страховочного троса к опорной конструкции (вязка узлов),,ГЭСН 81-02-46-2022,,,,,,KSI130000457
,,JHH,,,Опускание вспомогательного страховочного троса на проектную отметку,,ГЭСН 81-02-46-2022,,,,,,KSI130000458
,,JHJ,,,Проверка альпинистского снаряжения,,ГЭСН 81-02-46-2022,,,,,,KSI130000459
,,JHK,,,Подготовка альпиниста к спуску,,ГЭСН 81-02-46-2022,,,,,,KSI130000460
,,JHL,,,Сверление отверстий на проектной отметке,,ГЭСН 81-02-46-2022,,,,,,KSI130000461
,,JHM,,,Установка анкеров на проектной отметке,,ГЭСН 81-02-46-2022,,,,,,KSI130000462
,,JHN,,,Крепление рабочего троса к анкерам на проектной отметке,,ГЭСН 81-02-46-2022,,,,,,KSI130000463
,,JHP,,,Крепление альпиниста к рабочему тросу,,ГЭСН 81-02-46-2022,,,,,,KSI130000464
,,JHQ,,,Демонтаж рабочего троса,,ГЭСН 81-02-46-2022,,,,,,KSI130000465
,JJ,,,,Очистка поверхности,,ГЭСН 81-02-46-2022,По виду работ,,ГЭСН 46-08-044,,,KSI130000466
,,JJA,,,Очистка поверхности сжатым воздухом,,ГЭСН 81-02-46-2022,,,,,,KSI130000467
,,JJB,,,Гидроструйная очистка поверхности,,ГЭСН 81-02-46-2022,,,,,,KSI130000468
,,JJC,,,Гидроабразивная очистка поверхности,,ГЭСН 81-02-46-2022,,,,,,KSI130000469
,JK,,,,Перевод стоек понтона в рабочее положение,,ГЭСН 81-02-46-2022,По условию производства работ,,ГЭСН 46-08-100,,,KSI130000470
,,JKA,,,Выгрузка материалов на площадке временного складирования,,ГЭСН 81-02-46-2022,,,,,,KSI130000471
,,JKB,,,Распаковка на площадке временного складирования,,ГЭСН 81-02-46-2022,,,,,,KSI130000472
,,JKC,,,Открытие люка-лаза с разболчиванием болтов,,ГЭСН 81-02-46-2022,,,,,,KSI130000473
,,JKD,,,Перенос стоек с болтами и гайками до места производства работ,,ГЭСН 81-02-46-2022,,,,,,KSI130000474
,,JKE,,,Подъем материалов на площадку люка-лаза,,ГЭСН 81-02-46-2022,,,,,,KSI130000475
,,JKF,,,Перенос укороченных стоек с площадки люка-лаза на понтон,,ГЭСН 81-02-46-2022,,,,,,KSI130000476
,,JKG,,,Демонтаж установленных монтажных стоек по периметру понтона,,ГЭСН 81-02-46-2022,,,,,,KSI130000477
,,JKH,,,Установка укороченных стоек по периметру понтона на болтах,,ГЭСН 81-02-46-2022,,,,,,KSI130000478
,,JKJ,,,Перевод ранее установленных центральных стоек в рабочее положение,,ГЭСН 81-02-46-2022,,,,,,KSI130000479
,,JKK,,,Перенос удлиненных стоек после демонтажа от места производства работ до площадки временного складирования,,ГЭСН 81-02-46-2022,,,,,,KSI130000480
,JL,,,,Пропарка поверхности технологических трубопроводов и оборудования внутри резервуара,,ГЭСН 81-02-46-2022,По виду работ,,ГЭСН 46-08-106,,,KSI130000481
,,JLA,,,Проведение замеров концентрации паров углеводородов на резервуаре,,ГЭСН 81-02-46-2022,,,,,,KSI130000482
,,JLB,,,Проведение замеров концентрации паров углеводородов в каре резервуара,,ГЭСН 81-02-46-2022,,,,,,KSI130000483
,,JLC,,,"Подключение пропарочного шланга к трубопроводу, подлежащему пропарке",,ГЭСН 81-02-46-2022,,,,,,KSI130000484
,,JLD,,,Проверка шланга на герметичность,,ГЭСН 81-02-46-2022,,,,,,KSI130000485
,,JLE,,,Проведение пропарки внутренней поверхности трубопровода резервуара,,ГЭСН 81-02-46-2022,,,,,,KSI130000486
,,JLF,,,"Отключение пропарочного шланга от трубопровода, подвергавшегося пропарке",,ГЭСН 81-02-46-2022,,,,,,KSI130000487
,JM,,,,Промывка внутренней поверхности резервуара,,ГЭСН 81-02-46-2022,По виду работ,,ГЭСН 46-08-107,,,KSI130000488
,,JMA,,,Проведение замеров концентрации паров углеводородов на резервуаре при промывке,,ГЭСН 81-02-46-2022,,,,,,KSI130000489
,,JMB,,,Проведение замеров концентрации паров углеводородов в каре резервуара при промывке,,ГЭСН 81-02-46-2022,,,,,,KSI130000490
,,JMC,,,Сборка моечной установки,,ГЭСН 81-02-46-2022,,,,,,KSI130000491
,,JMD,,,Сборка шлангов,,ГЭСН 81-02-46-2022,,,,,,KSI130000492
,,JME,,,Сборка насадок на обваловании резервуара,,ГЭСН 81-02-46-2022,,,,,,KSI130000493
,,JMF,,,Спуск рабочего в резервуар для выполнения работ по промывке,,ГЭСН 81-02-46-2022,,,,,,KSI130000494
,,JMG,,,Проведение промывки внутренней поверхности резервуара,,ГЭСН 81-02-46-2022,,,,,,KSI130000495
,,JMH,,,"Откачка нефтепарафинистых отложений, поступающих в приямок, в процессе промывки",,ГЭСН 81-02-46-2022,,,,,,KSI130000496
,,JMJ,,,Подъем рабочего из резервуара после работ по промывке,,ГЭСН 81-02-46-2022,,,,,,KSI130000497
,,JMK,,,Выключение оборудования,,ГЭСН 81-02-46-2022,,,,,,KSI130000498
,JN,,,,Дозачистка внутренней поверхности резервуара от твердых донных отложений,,ГЭСН 81-02-46-2022,По виду работ,,ГЭСН 46-08-108,,,KSI130000499
,,JNA,,,Спуск рабочего в резервуар для выполнения работ по дозачистке,,ГЭСН 81-02-46-2022,,,,,,KSI130000500
,,JNB,,,Дозачистка резервуара вручную,,ГЭСН 81-02-46-2022,,,,,,KSI130000501
,,JNC,,,Складирование нефтешлама в емкости для передачи на утилизацию,,ГЭСН 81-02-46-2022,,,,,,KSI130000502
,,JND,,,Подъем контейнера с нефтешламом на поверхность резервуара,,ГЭСН 81-02-46-2022,,,,,,KSI130000503
,,JNE,,,Транспортировка на площадку хранения,,ГЭСН 81-02-46-2022,,,,,,KSI130000504
,,JNF,,,Подъем рабочего из резервуара после работ по дозачистке,,ГЭСН 81-02-46-2022,,,,,,KSI130000505
K,,,,,Работы по благоустройству при реконструкции,,ГЭСНр 81-02-68-2022,по виду работ,,,,,KSI130000506
,KA,,,,Смена отдельных частей металлического ограждения спортивных площадок,,ГЭСНр 81-02-68-2022,по виду работ,,ГЭСНр 68-25,,,KSI130000507
,,KAA,,,Удаление негодной сетки,,ГЭСНр 81-02-68-2022,,,,,,KSI130000508
,,KAB,,,Укрепление новой сетки,,ГЭСНр 81-02-68-2022,,,,,,KSI130000509
,,KAC,,,Удаление негодной стойки с отсоединением пожилин,,ГЭСНр 81-02-68-2022,,,,,,KSI130000510
,,KAD,,,Удаление негодной стойки с отсоединением сетки,,ГЭСНр 81-02-68-2022,,,,,,KSI130000511
,,KAE,,,Установка стойки из трубы с бетонированием фундамента,,ГЭСНр 81-02-68-2022,,,,,,KSI130000512
,,KAF,,,Присоединение пожилин,,ГЭСНр 81-02-68-2022,,,,,,KSI130000513
,,KAG,,,Присоединение сетки,,ГЭСНр 81-02-68-2022,,,,,,KSI130000514
,,KAH,,,Удаление негодной пожилины с отсоединением от стоек и сетки,,ГЭСНр 81-02-68-2022,,,,,,KSI130000515
,,KAJ,,,Установка пожилины с присоединением к стойкам и сетке,,ГЭСНр 81-02-68-2022,,,ГЭСНр 68-26,,,KSI130000516
,KB,,,,Разборка деревянных заборов,,ГЭСНр 81-02-68-2022,по виду работ,,,,,KSI130000517
,,KBA,,,Снятие ограждения,,ГЭСНр 81-02-68-2022,,,,,,KSI130000518
,,KBB,,,Снятие столбов,,ГЭСНр 81-02-68-2022,,,,,,KSI130000519
,KC,,,,Ремонт деревянных ворот,,ГЭСНр 81-02-68-2022,по виду работ,,ГЭСНр 68-27,,,KSI130000520
,,KCA,,,Ремонт полотен и калиток со сменой отдельных частей полотен с добавлением нового лесоматериала,,ГЭСНр 81-02-68-2022,,,,,,KSI130000521
,,KCB,,,Укрепление столбов,,ГЭСНр 81-02-68-2022,,,,,,KSI130000522
,KD,,,,Доработка торцевых поверхностей изделий из природного камня при мощении и монтаже,,ГЭСНр 81-02-68-2022,по виду работ,,ГЭСНр 68-28,,,KSI130000523
,,KDA,,,Транспортировка на стройплощадку,,ГЭСНр 81-02-68-2022,,,,,,KSI130000524
,,KDB,,,Разгрузка изделия,,ГЭСНр 81-02-68-2022,,,,,,KSI130000525
,,KDC,,,Перемещение изделия к месту опиловки,,ГЭСНр 81-02-68-2022,,,,,,KSI130000526
,,KDD,,,Перемещение изделия на станок,,ГЭСНр 81-02-68-2022,,,,,,KSI130000527
,,KDE,,,Разметка контура торца,,ГЭСНр 81-02-68-2022,,,,,,KSI130000528
,,KDF,,,Фрезерование,,ГЭСНр 81-02-68-2022,,,,,,KSI130000529
,,KDG,,,Перемещение изделия со станка в штабель,,ГЭСНр 81-02-68-2022,,,,,,KSI130000530
,,KDJ,,,Погрузка изделия на автотранспорт,,ГЭСНр 81-02-68-2022,,,,,,KSI130000531
,,KDK,,,Транспортировка на стройплощадку для доработки,,ГЭСНр 81-02-68-2022,,,,,,KSI130000532
,,KDL,,,Перемещение изделия к месту обработки,,ГЭСНр 81-02-68-2022,,,,,,KSI130000533
,,KDM,,,Перемещение изделия для обработки,,ГЭСНр 81-02-68-2022,,,,,,KSI130000534
,,KDN,,,"Бучардирование: грубое, получистовое, чистовое",,ГЭСНр 81-02-68-2022,,,,,,KSI130000535
,,KDP,,,Перемещение изделия после обработки в штабель,,ГЭСНр 81-02-68-2022,,,,,,KSI130000536
,,KDQ,,,Термоструйная обработка,,ГЭСНр 81-02-68-2022,,,,,,KSI130000537
,,KDR,,,Разметка и выборка технологической фаски на ребрах поверхности,,ГЭСНр 81-02-68-2022,,,,,,KSI130000538
,,KDS,,,"Шлифование: грубое (обдир), среднее, тонкое, лощение",,ГЭСНр 81-02-68-2022,,,,,,KSI130000539
,,KDT,,,Полирование,,ГЭСНр 81-02-68-2022,,,,,,KSI130000540
,KE,,,,Ремонт массивной гранитной облицовки мостов и набережных,,ГЭСНр 81-02-68-2022,по виду работ,,ГЭСНр 68-29,,,KSI130000541
,,KEA,,,Погрузка и разгрузка плит,,ГЭСНр 81-02-68-2022,,,,,,KSI130000542
,,KEB,,,Демонтаж (выбуривание) перронов,,ГЭСНр 81-02-68-2022,,,,,,KSI130000543
,,KEC,,,Распазовка плит гранитных,,ГЭСНр 81-02-68-2022,,,,,,KSI130000544
,,KED,,,Окалывание кромок плит,,ГЭСНр 81-02-68-2022,,,,,,KSI130000545
,,KEE,,,Скобивание гранитной плиты,,ГЭСНр 81-02-68-2022,,,,,,KSI130000546
,,KEF,,,"Выкалывание ""ленты"" по периметру лицевой поверхности плиты",,ГЭСНр 81-02-68-2022,,,,,,KSI130000547
,,KEG,,,Обжиг камня с 4-х сторон,,ГЭСНр 81-02-68-2022,,,,,,KSI130000548
,,KEH,,,Обработка гранитной облицовки (наковка),,ГЭСНр 81-02-68-2022,,,,,,KSI130000549
,,KEJ,,,Сверление отверстий под пироны,,ГЭСНр 81-02-68-2022,,,,,,KSI130000550
,,KEK,,,Приклеивание отколотых кусков,,ГЭСНр 81-02-68-2022,,,,,,KSI130000551
,,KEL,,,Перемещение плит в процессе обработки,,ГЭСНр 81-02-68-2022,,,,,,KSI130000552
,,KEM,,,Погрузка откалываемых массивов при автомобильных перевозках,,ГЭСНр 81-02-68-2022,,,,,,KSI130000553
,,KEN,,,Выгрузка откалываемых массивов при автомобильных перевозках,,ГЭСНр 81-02-68-2022,,,,,,KSI130000554
,KF,,,,Валка деревьев,,ГЭСНр 81-02-68-2022 ,по виду работ,,ГЭСНр 68-3,,,KSI130000555
,,KFA,,,Валочный пропил дерева бензопилой,,ГЭСНр 81-02-68-2022,,,,,,KSI130000556
,,KFB,,,Валка дерева в необходимом направлении,,ГЭСНр 81-02-68-2022,,,,,,KSI130000557
,,KFC,,,Распиловка дерева на кряжи с выноской,,ГЭСНр 81-02-68-2022,,,,,,KSI130000558
,,KFD,,,Установка дорожных знаков ограждений,,ГЭСНр 81-02-68-2022,,,,,,KSI130000559
,,KFE,,,Подготовка автовышки и гидроподъемника,,ГЭСНр 81-02-68-2022,,,,,,KSI130000560
,,KFF,,,Подготовка площадки,,ГЭСНр 81-02-68-2022,,,,,,KSI130000561
,,KFG,,,Подъем-спуск рабочего в автовышке на заданную высоту,,ГЭСНр 81-02-68-2022,,,,,,KSI130000562
,,KFH,,,"Спиливание ствола дерева частями по 0,5м с применением приспособлений для безопасных методов работы",,ГЭСНр 81-02-68-2022,,,,,,KSI130000563
,,KFJ,,,Обрезка сучьев,,ГЭСНр 81-02-68-2022,,,,,,KSI130000564
,,KFK,,,Раскряжевка,,ГЭСНр 81-02-68-2022,,,,,,KSI130000565
,,KFL,,,Спиливание скелетных ветвей,,ГЭСНр 81-02-68-2022,,,,,,KSI130000566
,,KFM,,,Спиливание вершины ствола,,ГЭСНр 81-02-68-2022,,,,,,KSI130000567
,,KFN,,,Уборка порубочных остатков,,ГЭСНр 81-02-68-2022,,,,,,KSI130000568
,,KFP,,,Складирование в кучи порубочных остатков,,ГЭСНр 81-02-68-2022,,,,,,KSI130000569
,,KFQ,,,Закрепление верхолазного пояса,,ГЭСНр 81-02-68-2022,,,,,,KSI130000570
,,KFR,,,Поэтапное спиливание дерева,,ГЭСНр 81-02-68-2022,,,,,,KSI130000571
,,KFS,,,Снятие веревки,,ГЭСНр 81-02-68-2022,,,,,,KSI130000572
,,KFT,,,Спиливание крупных сучьев,,ГЭСНр 81-02-68-2022,,,,,,KSI130000573
,,KFU,,,Обрубка средних и мелких сучьев,,ГЭСНр 81-02-68-2022,,,,,,KSI130000574
,,KFV,,,Сбор сучьев с укладкой в кучи,,ГЭСНр 81-02-68-2022,,,,,,KSI130000575
,,KFW,,,Переход к другому дереву,,ГЭСНр 81-02-68-2022,,,,,,KSI130000576
,,KFX,,,Валка деревьев в городских условиях,,ГЭСНр 81-02-68-2022,,,,,,KSI130000577
,KG,,,,Ремонт асфальтобетонного покрытия,,ГЭСНр 81-02-68-2022,по виду работ,,ГЭСНр 68-13,,,KSI130000578
,,KGA,,,Разборка асфальтобетонного покрытия вокруг колодцев,,ГЭСНр 81-02-68-2022,,,,,,KSI130000579
,,KGB,,,Погрузка асфальтобетона на бортовой автомобиль,,ГЭСНр 81-02-68-2022,,,,,,KSI130000580
,,KGC,,,Разборка покрытия,,ГЭСНр 81-02-68-2022,,,,,,KSI130000581
,,KGD,,,"Сгребание материала, полученного от разборки покрытия",,ГЭСНр 81-02-68-2022,,,,,,KSI130000582
,,KGE,,,Разломка и обрубка краев асфальтобетона,,ГЭСНр 81-02-68-2022,,,,,,KSI130000583
,,KGF,,,Очистка основания при ремонте асфальтобетонного покрытия,,ГЭСНр 81-02-68-2022,,,,,,KSI130000584
,,KGG,,,Проливка битумом и смазка краев обрубленных мест,,ГЭСНр 81-02-68-2022,,,,,,KSI130000585
,,KGH,,,Укладка асфальтобетонной смеси,,ГЭСНр 81-02-68-2022,,,,,,KSI130000586
,,KGJ,,,Укатка катком асфальтобетонного покрытия,,ГЭСНр 81-02-68-2022,,,,,,KSI130000587
,,KGK,,,Россыпь дополнительного слоя щебня и высевок,,ГЭСНр 81-02-68-2022,,,,,,KSI130000588
,,KGL,,,Разравнивание дополнительного слоя щебня и высевок,,ГЭСНр 81-02-68-2022,,,,,,KSI130000589
,,KGM,,,Уплотнение дополнительного слоя щебня и высевок,,ГЭСНр 81-02-68-2022,,,,,,KSI130000590
,,KGN,,,Укладка асфальтобетонной смеси при ремонте тротуаров,,ГЭСНр 81-02-68-2022,,,,,,KSI130000591
,,KGP,,,Разравнивание асфальтобетонной смеси,,ГЭСНр 81-02-68-2022,,,,,,KSI130000592
,,KGQ,,,Уплотнение асфальтобетонной смеси,,ГЭСНр 81-02-68-2022,,,,,,KSI130000593
,,KGR,,,Посыпка отремонтированных мест песком,,ГЭСНр 81-02-68-2022,,,,,,KSI130000594
,,KGS,,,Затирка трамбовкой,,ГЭСНр 81-02-68-2022,,,,,,KSI130000595
,,KGT,,,Заделка трещин в асфальтобетонных покрытиях вручную битумом,,ГЭСНр 81-02-68-2022,,,,,,KSI130000596
,KH,,,,Регулирование высотного положения крышек колодцев,,ГЭСНр 81-02-68-2022,по виду работ,,ГЭСНр 68-37,,,KSI130000597
,,KHA,,,Выгрузка новых железобетонных регулировочных колец,,ГЭСНр 81-02-68-2022,,,,,,KSI130000598
,,KHB,,,Снятие крышки и корпуса люка,,ГЭСНр 81-02-68-2022,,,,,,KSI130000599
,,KHC,,,Установка новых железобетонных регулировочных колец с зачисткой и покрытием поверхности цементным раствором,,ГЭСНр 81-02-68-2022,,,,,,KSI130000600
,,KHD,,,Установка люка на железобетонные регулировочные кольца с цементированием обоймы,,ГЭСНр 81-02-68-2022,,,,,,KSI130000601
,KJ,,,,Устройство выравнивающего слоя из асфальтобетонной смеси,,ГЭСНр 81-02-68-2022,по виду работ,,ГЭСНр 68-10,,,KSI130000602
,,KJA,,,Очистка оснований при устройстве выравнивающего слоя из асфальтобетонной смеси,,ГЭСНр 81-02-68-2022,,,,,,KSI130000603
,,KJB,,,Укладка асфальтобетонной смеси с укаткой при устройстве выравнивающего слоя,,ГЭСНр 81-02-68-2022,,,,,,KSI130000604
,KK,,,,Ремонт садовых дорожек,,ГЭСНр 81-02-68-2022,по виду работ,,ГЭСНр 68-8,,,KSI130000605
,,KKA,,,Разрыхление грунта вручную,,ГЭСНр 81-02-68-2022,,,,,,KSI130000606
,,KKB,,,Добавление материала покрытия с россыпью,,ГЭСНр 81-02-68-2022,,,,,,KSI130000607
,,KKC,,,Поливка добавленного материала покрытия вручную,,ГЭСНр 81-02-68-2022,,,,,,KSI130000608
,,KKD,,,Планировка покрытия вручную,,ГЭСНр 81-02-68-2022,,,,,,KSI130000609
,,KKE,,,Уплотнение покрытия вручную,,ГЭСНр 81-02-68-2022,,,,,,KSI130000610
,,KKF,,,Россыпь песка или каменной мелочи с разметанием и окончательной укаткой вручную,,ГЭСНр 81-02-68-2022,,,,,,KSI130000611
,KL,,,,Штыковка почвы при омоложении растений,,ГЭСНр 81-02-68-2022,по виду работ,,ГЭСНр 68-7,,,KSI130000612
,,KLA,,,Штыковка почвы с переворачиванием пласта и разбивкой крупных комьев лопатой,,ГЭСНр 81-02-68-2022,,,,,,KSI130000613
,KM,,,,Омоложение живых изгородей и кустарников,,ГЭСНр 81-02-68-2022,по виду работ,,ГЭСНр 68-6,,,KSI130000614
,,KMA,,,Вырезка сучьев,,ГЭСНр 81-02-68-2022,,,,,,KSI130000615
,,KMB,,,Вырезка побегов,,ГЭСНр 81-02-68-2022,,,,,,KSI130000616
,,KMC,,,Зачистка срезов,,ГЭСНр 81-02-68-2022,,,,,,KSI130000617
,,KMD,,,Выноска отрезанных сучьев,,ГЭСНр 81-02-68-2022,,,,,,KSI130000618
,KN,,,,Вырезка сухих ветвей,,ГЭСНр 81-02-68-2022,по виду работ,,ГЭСНр 68-5,,,KSI130000619
,,KNA,,,Установка приставной лестницы,,ГЭСНр 81-02-68-2022,,,,,,KSI130000620
,,KNB,,,Вырезка ветвей,,ГЭСНр 81-02-68-2022,,,,,,KSI130000621
,,KNC,,,Переноска лестницы по ходу работы,,ГЭСНр 81-02-68-2022,,,,,,KSI130000622
,,KND,,,Выноска ветвей с укладкой в кучи,,ГЭСНр 81-02-68-2022,,,,,,KSI130000623
,KP,,,,Выкашивание газонов,,ГЭСНр 81-02-68-2022,,,ГЭСНр 68-4,,,KSI130000624
,KQ,,,,Формовочная обрезка деревьев при ремонтных работах по благоустройству,,ГЭСНр 81-02-68-2022,по виду работ,,ГЭСНр 68-2,,,KSI130000625
,,KQA,,,Установка стремянки,,ГЭСНр 81-02-68-2022,,,,,,KSI130000626
,,KQB,,,Профильная обрезка кроны дерева с приданием формы,,ГЭСНр 81-02-68-2022,,,,,,KSI130000627
,KR,,,,Корчевка пней вручную,,ГЭСНр 81-02-68-2022,по виду работ,,ГЭСНр 68-1,,,KSI130000628
,,KRA,,,Окопка пня с подрезкой корней,,ГЭСНр 81-02-68-2022,,,,,,KSI130000629
,,KRB,,,Ручная корчевка с очисткой пня от земли и выноской к дороге,,ГЭСНр 81-02-68-2022,,,,,,KSI130000630
,,KRC,,,Засыпка ямы землей,,ГЭСНр 81-02-68-2022,,,,,,KSI130000631
,KS,,,,Исправление профиля щебеночных и гравийных оснований,,ГЭСНр 81-02-68-2022,по виду работ,,ГЭСНр 68-9,,,KSI130000632
,,KSA,,,Очистка оснований при исправлении профиля оснований,,ГЭСНр 81-02-68-2022,,,,,,KSI130000633
,,KSB,,,Кирковка с поливкой водой,,ГЭСНр 81-02-68-2022,,,,,,KSI130000634
,,KSC,,,Сгребание вскиркованного материала,,ГЭСНр 81-02-68-2022,,,,,,KSI130000635
,,KSD,,,Разравнивание вскиркованного материала,,ГЭСНр 81-02-68-2022,,,,,,KSI130000636
,,KSE,,,Россыпь новых материалов при исправлении профиля оснований,,ГЭСНр 81-02-68-2022,,,,,,KSI130000637
,,KSF,,,Разравнивание новых материалов,,ГЭСНр 81-02-68-2022,,,,,,KSI130000638
,KT,,,,Ремонт бордюров и тротуаров,,ГЭСНр 81-02-68-2022,по виду работ,,"ГЭСНр 68-17
ГЭСНр 68-16
ГЭСНр 68-20",,,KSI130000639
,,KTA,,,Разломка покрытий тротуаров из асфальтовой смеси вдоль борта,,ГЭСНр 81-02-68-2022,,,,,,KSI130000640
,,KTB,,,Рыхление и разломка материалов основания борта,,ГЭСНр 81-02-68-2022,,,,,,KSI130000641
,,KTC,,,Выравнивание бордюрных камней по отметке с подбивкой основания,,ГЭСНр 81-02-68-2022,,,,,,KSI130000642
,,KTD,,,Засыпка пазух с трамбованием,,ГЭСНр 81-02-68-2022,,,,,,KSI130000643
,,KTE,,,Заливка швов раствором,,ГЭСНр 81-02-68-2022,,,,,,KSI130000644
,,KTF,,,Заделка швов цементным раствором в существующих бордюрах,,ГЭСНр 81-02-68-2022,,,,,,KSI130000645
,,KTG,,,Разборка тротуаров из плит,,ГЭСНр 81-02-68-2022,,,,,,KSI130000646
,,KTH,,,Размостка плитных тротуаров с разборкой,,ГЭСНр 81-02-68-2022,,,,,,KSI130000647
,,KTJ,,,Перемощение мостовой,,ГЭСНр 81-02-68-2022,,,,,,KSI130000648
,,KTK,,,Разборка покрытий и оснований при ремонте бордюров,,ГЭСНр 81-02-68-2022,по виду работ,,ГЭСНр 68-13 ,,,KSI130000649
,,,KTKA,,Очистка покрытия или основания при ремонте бордюров,,ГЭСНр 81-02-68-2022,,,,,,KSI130000650
,,,KTKB,,Разборка покрытия и основания при ремонте бордюров,,ГЭСНр 81-02-68-2022,,,,,,KSI130000651
,,,KTKC,,"Сгребание материала, полученного от разборки бордюров",,ГЭСНр 81-02-68-2022,,,,,,KSI130000652
,,,KTKD,,Сортировка камня с выборкой годной шашки при ремонте бордюров,,ГЭСНр 81-02-68-2022,,,,,,KSI130000653
,,,KTKE,,"Отправка в штабеля материала, полученного при разборке",,ГЭСНр 81-02-68-2022,,,,,,KSI130000654
,,,KTKF,,Фрезерование а/б покрытия с погрузкой,,ГЭСНр 81-02-68-2022,,,,,,KSI130000655
,,,KTKG,,"Зачистка отшлифованного покрытия от а/б лома, образующегося при ручной разборке вокруг люков",,ГЭСНр 81-02-68-2022,,,,,,KSI130000656
,,,KTKH,,Расчистка швов алмазным диском,,ГЭСНр 81-02-68-2022,,,,,,KSI130000657
,,,KTKJ,,Расчистка швов между плитками и отбивка плиток от монтажного слоя,,ГЭСНр 81-02-68-2022,,,,,,KSI130000658
,,,KTKK,,Очистка поверхности разобранной плитки от остатков цементно-песчаной смеси,,ГЭСНр 81-02-68-2022,,,,,,KSI130000659
,,,KTKL,,"Отбор очищенной плитки по сорту, размеру и тону",,ГЭСНр 81-02-68-2022,,,,,,KSI130000660
,,,KTKM,,Упаковка плитки на поддоне,,ГЭСНр 81-02-68-2022,,,,,,KSI130000661
,,,KTKN,,Чистовая зачистка основания вручную,,ГЭСНр 81-02-68-2022,,,,,,KSI130000662
,,KTL,,,Разборка бортовых камней при ремонте бордюров,,ГЭСНр 81-02-68-2022,,,ГЭСНр 68-14,,,KSI130000663
,KU,,,,Восстановление профиля канав вручную,,ГЭСНр 81-02-68-2022,по виду работ,,ГЭСНр 68-22 ,,,KSI130000664
,,KUA,,,Очистка от кустарника,,ГЭСНр 81-02-68-2022,,,,,,KSI130000665
,,KUB,,,Отрывка грунта,,ГЭСНр 81-02-68-2022,,,,,,KSI130000666
,,KUC,,,Планировка откосов,,ГЭСНр 81-02-68-2022,,,,,,KSI130000667
,,KUD,,,Разравнивание откосов,,ГЭСНр 81-02-68-2022,,,,,,KSI130000668
,KV,,,,Ремонт металлических ограждений,,ГЭСНр 81-02-68-2022,по виду работ,,ГЭСНр 68-23,,,KSI130000669
,,KVA,,,Выправка на месте погнутых элементов,,ГЭСНр 81-02-68-2022,,,,,,KSI130000670
,,KVB,,,Скрепление деталей электросваркой,,ГЭСНр 81-02-68-2022,,,,,,KSI130000671
,,KVC,,,Вырезка отдельных негодных деталей,,ГЭСНр 81-02-68-2022,,,,,,KSI130000672
,,KVD,,,Заготовка новых деталей,,ГЭСНр 81-02-68-2022,,,,,,KSI130000673
,,KVE,,,Установка новых деталей,,ГЭСНр 81-02-68-2022,,,,,,KSI130000674
,,KVF,,,Смена отдельных участков металлического ограждения газонов,,ГЭСНр 81-02-68-2022,,,,,,KSI130000675