Класс,Подкласс,Тип (%%),Наименование системы,Определение системы,Критерии определения подклассов,Источник,Примеры системы,IFC,МССК,ПСК,KKS,Примечание
A_,,,Многосоставная (многокомпонентная) система,"Техническая система, представляющая собой составную (многокомпонентную) конструкцию",,,,,СС 10,,,
,AA,,Дорожные одежды,"Многосоставная система, формирующая поверхность(-и) для транспортирования чего-либо.

Конструктивный элемент автомобильной дороги, воспринимающий нагрузку от транспортных средств и передающий ее на земляное полотно.",По типу покрытия,,Дорожное покрытие,IfcSystem,ЭЛ 70 80,,,
,,AA01,Дорожные одежды жесткие,"Дорожные одежды с цементобетонными монолитными покрытиями, со сборными покрытиями из железобетонных или армобетонных плит с основанием из цементобетона или железобетона, а также с асфальтобетонным покрытием на цементобетонном основании",,"СП 34.13330.2021
ГОСТ 33100-2014
ГОСТ Р 59120-2021",,,,,,
,,AA02,Дорожные одежды нежесткие,"Дорожная одежда, не содержащая в своем составе конструктивных слоев из монолитного цементобетона, сборного железобетона или армобетона",,"СП 34.13330.2021
ГОСТ 33100-2014
ГОСТ Р 59120-2021",,,,,,
,,AA10,Дорожные одежды капитальные,"Дорожные одежды, обладающие наиболее высокой работоспособностью, соответствующей условиям движения и срокам службы дорог высоких категорий",,"СП 34.13330.2021
ГОСТ 33100-2014
ГОСТ Р 59120-2021",,,,,,
,,AA20,Дорожные одежды облегченные,"Дорожные одежды с усовершенствованным покрытием из асфальтобетонов, органоминеральных смесей или из щебеночных (гравийных) материалов, обработанных органическим вяжущим, применяемая на автомобильных дорогах III-V категорий, имеющая пониженные по сравнению с капитальными дорожными одеждами уровень надежности и коэффициенты прочности",,ПНСТ 390-2020,,,,,,
,,AA30,Дорожные одежды переходные,"Дорожные одежды с покрытиями из щебня прочных пород, щебеночно-гравийно-песчаных смесей или из грунтов и малопрочных каменных материалов, укрепленных вяжущими, булыжного и колотого камня (мостовых), применяемая на автомобильных дорогах IV-V категорий",,ПНСТ 390-2020,,,,,,
,,AA40,Дорожные одежды низшие,"Дорожная одежда с покрытиями из гравийно-песчаных и песчано-гравийных смесей, из малопрочных каменных материалов и шлаков, из грунтов, улучшенных различными мест-ными материалами, техногенных грунтов, отходов и побочных про-дуктов промышленности, приме-няемая на автомобильных дорогах категории V.",,ГОСТ Р 59120-2021,,,,,,
,AB,,Фундаментные конструкции,"Многосоставная система, отделяющая строительный объект от грунтового основания",По типу устройства,,,IfcBuildingSystem,"СС 10 10
ЭЛ 10 10",,,
,,AB01,Конструкции фундамента мелкого заложения,"Фундамент, передающий нагрузку на грунты основания преимущественно через подошву; при глубине до 5-6 м имеет соотношение к ширине подошвы более 1,5-2; возводят в открытом котловане",,ГОСТ 33178-2014,,,СС 10 10 50,,,
,,AB02,Конструкции фундамента мелкого заложения массивные,"Фундамент, возводимый в виде сплошного массива небольшой протяженности в плане",,ГОСТ 33178-2014,,,СС 10 10 40,,,
,,AB03,Конструкции фундаментов мелкого заложения башмачные,"Фундамент небольшого размера, сооружаемый отдельно под каждую стойку опоры моста, при большом расстоянии между стойками",,ГОСТ 33178-2014,,,СС 10 10 40,,,
,,AB04,Конструкции прерывистых фундаментов,"Сборный фундамент мелкого заложения, выполняемый из крупных блоков-подушек, укладываемых на основание с промежутками, заполняемыми песком или гравием",,,,,СС 10 10 40,,,
,,AB05,Конструкции фундамент-оболочки,Фундамент глубокого заложения в виде трубы с тонкими стенками,,,,,СС 10 10 20,,,
,,AB10,Конструкции фундамента мелкого заложения ленточные,"Фундамент, возводимый в виде сплошного массива, у которого длина значительно больше ширины; стойки опор расположены на небольшом расстоянии друг от друга",,ГОСТ 33178-2014,Ленточный фундамент,,"СС 10 10 10
СС 10 10 10 10
СС 10 10 10 20",,,
,,AB20,Конструкции отдельно стоящих фундаментов,"Фундаменты, передающие нагрузки на основание от одной или группы близко расположенных колонн (стоек)",,,Отдельно стоящий фундамент,,СС 10 10 40,,,
,,AB30,Конструкции плитных фундаментов,"Фундаменты в виде сплошной бетонной плиты, который передает нагрузки на основание от всего сооружения",,,Плитный фундамент,,СС 10 10 50,,,
,,AB40,Конструкции свайных фундаментов,"Комплекс свай, объединенных в единую конструкцию, передающую нагрузку на основание",,СП 24.13330.2021,Свайный фундамент,,"СС 10 10 20
СС 10 10 30",,,
,,AB50,Конструкции комбинированных фундаментов,Конструкции фундаментов комбинированного типа,,,Плитно-свайный фундамент,,,,,
,AC,,Конструкции перекрытия,"Многосоставная система, обеспечивающая разделение строительного объекта по горизонтали",По типу конструктивного исполнения,,Перекрытие,IfcBuildingSystem,"СС 10 20
СС 10 30",,,
,,AC10,Конструкции безбалочных перекрытий,"Конструкции перекрытий, состоящие из плиты без устройства балок",,ГОСТ 27108-2016,Плита перекрытия с капителями,,,,,
,,AC20,Конструкции балочных перекрытий,"Конструкции перекрытий, состоящие из плиты с устройством балок",,,Балочная плита перекрытия,,,,,
,,AC30,Конструкции многослойных перекрытий,"Конструкции перекрытий, состоящие из нескольких слоев",,,Сталебетонное перекрытие,,,,,
,,AC40,Конструкции перекрытий деревянные,,,,,,,,,
,,AC50,Конструкции перекрытий деревянные по металлическим балкам,,,,,,,,,
,,AC60,Конструкции перекрытий сборные железобетонные по металлическим балкам,,,,,,,,,
,,AC70,Конструкции перекрытий монолитные железобетонные по металлическим балкам,,,,,,,,,
,,AC80,Конструкции перекрытий сборно-монолитные железобетонные по металлическим балкам,,,,,,,,,
,,AC90,Конструкции перекрытий сборные железобетонные монолитные железобетонные,,,,,,,,,
A_,,AC100,Конструкции перекрытий сборно-монолитные железобетонные,,,,,,,,,
,AD,,Стеновые конструкции,"Многосоставная система, обеспечивающая разделение строительного объекта по вертикали",По типу конструктивного исполнения,ГОСТ 16504-81,,IfcBuildingSystem,"СС 10 20
СС 10 20 10
",,,
,,AD10,Конструкции сплошных стен,Конструкции стен без устройства колонн и балок,,,Плоская стена,,"СС 10 20 30
СС 10 20 40
СС 10 20 70
СС 10 20 10",,,
,,AD20,Конструкции стен со стойками,Конструкции стен с устройством колонн (пилястр),,,Стена с пилястрами,,"СС 10 20 20
СС 10 20 50
СС 10 20 60",,,
,,AD30,Конструкции стен со стойками и ригелями,Конструкции стен с устройством колонн (пилястр) и горизонтальных балок,,,Стена со стоечно-ригельным каркасом,,"СС 10 20 20
СС 10 20 50
СС 10 20 60",,,
,,AD40,Конструкции многослойных стен,"Конструкции стен, состоящая из нескольких слоев",,,Многослойная стена,,СС 10 20 10,,,
,,AD50,Конструкции фасадной системы,Конструкции фасадной системы,,,"Фасадная система
Навесной вентилируемый фасад",,"CC 10 50
СС 10 50 20
СС 10 50 10
СС 10 50 30
ЭЛ 30 10 60
ЭЛ 30 10 61",,,
,,AD60,"Конструкции стен деревянные, каркасно-щитовые",,,,,,СС 10 20 50,,,
,,AD70,"Конструкции стен деревянные, брусчатые (бревенчатые)",,,,,,,,,
,,AD80,"Конструкции стен бескаркасные со стенами из мелкоштучных каменных материалов (кирпич, керамические камни, блоки и другие)",,,,,,,,,
,,AD90,Конструкции стен бескаркасные со стенами из крупных каменных блоков и панелей,,,,,,,,,
,,AD100,"Конструкции стен со сборным железобетонным каркасом и стенами из мелкоштучных каменных материалов (кирпич, керамические камни, блоки и другие)",,,,,,,,,
,,AD110,Конструкции стен со сборным железобетонным каркасом и стенами из крупных каменных блоков и панелей,,,,,,,,,
,,AD120,"Конструкции стен с монолитным железобетонным каркасом и стенами из мелкоштучных каменных материалов (кирпич, керамические камни, блоки и другие)",,,,,,,,,
,,AD130,"Конструкции стен со сборно-монолитным железобетонным каркасом и стенами из мелкоштучных каменных материалов (кирпич, керамические камни, блоки и другие)",,,,,,,,,
,,AD140,Конструкции стен со сборно-монолитным железобетонным каркасом и стенами из крупных каменных блоков и панелей,,,,,,,,,
A_,,AD150,Ограждающая конструкция,"Конструкция, выполняющая функции ограждения или разделения объемов (помещений) здания",,"ГОСТ 22233-2018 
ГОСТ Р 54923-2012 
ГОСТ 30247.1-94",,,,,,
,AE,,Конструкции крыши,"Многосоставная система, ограничивающая объект сверху

Верхняя ограждающая конструкция здания для защиты помещений от внешних климатических факторов и воздействий.",По форме,СП 17.13330.2017,Крыша,IfcBuildingSystem,CC 10 40,,,
,,AE10,Конструкции плоской крыши,Крыша без уклона или с уклоном не более 10°,,ГОСТ Р ИСО 6707-1-2020,Покрытие стилобата,,CC 10 40 10,,,
,,AE20,Конструкции крыши со скатами,Крыша с уклоном более 10 градусов (примерно 15%),,ГОСТ Р ИСО 6707-1-2020,"Односкатная крыша
Односкатная шедовая крыша
Мансардная крыша
Крыша двухскатная
Крыша вальмовая
Шедовая крыша",,"СС 10 40 20
СС 10 40 30
СС 10 40 80
СС 10 40 40
СС 10 40 50
СС 10 40 60
СС 10 40 70",,,
,,AE30,Конструкции крыши в виде свода-оболочки,"Крыша, выполненная из тонкостенной криволинейной плиты",,ГОСТ Р ИСО 6707-1-2020,Купол,,,,,
,AF,,Лестничные конструкции,Многосоставная система для пешего перехода на разные уровни,,ГОСТ Р ИСО 6707-1-2020,"Лестничный марш
Лестница",IfcBuildingSystem,,,,Определение синтезировано
,AG,,Конструкции рампы,"Многосоставная система, обеспечивающая связь между двумя уровнями",,ГОСТ Р ИСО 6707-1-2020,"Рампа
Пандус
Платформа",IfcBuildingSystem,,,,Определение синтезировано
,,AG010,Железнодорожная рампа,"Сооружение, предназначенное для производства погрузочно-разгрузочных работ, примыкающее одной стороной к стене склада, а другой стороной располагающееся вдоль железнодорожного пути (железнодорожная рампа) или автоподъезда (автомобильная рампа)",,СП 56.13330.2021,,,,,,
,,AG020,Автомобильная рампа,"Сооружение, предназначенное для производства погрузочно-разгрузочных работ, примыкающее одной стороной к стене склада, а другой стороной располагающееся вдоль железнодорожного пути (железнодорожная рампа) или автоподъезда (автомобильная рампа)",,СП 56.13330.2021,,,,,,
,AH,,Балконные конструкции,"Многосоставная система, выступающая с наружной стороны здания",,ГОСТ Р ИСО 6707-1-2020,"Балкон
Веранда
Терраса",IfcBuildingSystem,,,,Определение синтезировано
,AJ,,Эркерные конструкции,"Многосоставная система, выступающая с наружной стороны здания, в котором устроено одно или несколько окон",,ГОСТ Р ИСО 6707-1-2020,"Эркер
Лоджия",IfcBuildingSystem,,,,Определение синтезировано
,AK,,Конструкции слухового окна,"Строительная конструкция с окном, выступающая над наклонной плоскостью скатной крыши",,ГОСТ Р ИСО 6707-1-2020,"Слуховое окно
Чердачное окно",IfcBuildingSystem,,,,
,AL,,Конструкции надстройки,"Многосоставная система, создающая расширение внутреннего пространства, построенное на кровле строительного объекта",,,"Барабан
Четверик
Зенитный фонарь",IfcBuildingSystem,"ЭЛ 30 18 52
ЭЛ 30 18 52 20
ЭЛ 30 18 52 30",,,
,AM,,Световой колодец,Открытый участок без кровли в крупном строении для освещения и вентиляции,,"Архитектура: иллюстрированный справочник, 2005",Световой колодец,IfcBuildingSystem,,,,
B_,,,Конструктивная система,"Техническая система, представляющая собой инженерную конструкцию",,,,,,,,
,BA,,Основание здания или сооружения,"Массив грунта, воспринимающий нагрузки и воздействия от здания или сооружения и передающий на здание или сооружение воздействия от природных и техногенных процессов, происходящих в массиве грунта",По типу основания,Федеральный закон от 30.12.2009 N 384-ФЗ,"Грунтовое основание
Основание",IfcSystem,ЭЛ 10 25,,,
,,BA10,Естественное основание,"Массив грунта в условиях природного залегания, используемый в качестве основания сооружений",,Большая советская энциклопедия. — М.: Советская энциклопедия. 1969—1978,,,,,,
,,BA20,Искусственное основание,"Площадка из грунта, искусственно сформированная с помощью материала для засыпки углубления или для поднятия уровня строительной площадки",,ГОСТ Р ИСО 6707-1-2020,,,,,,
,BB,,Несущие конструкции фундамента,"Система несущих конструкций, соединяющих объект строительства с основанием",По типу устройства,,,IfcBuildingSystem,СС 10 10,,,
,,BB10,Ленточные фундаменты,"Протяженный, узкий, как правило, горизонтальный фундамент",,ГОСТ Р ИСО 6707-1-2020,Ленточный фундамент,,СС 10 10 10,,,
,,BB20,Столбчатые фундаменты,Отдельные фундаменты под колонны или ранд-балки,,СП 50-101-2004,Отдельно стоящий фундамент,,СС 10 10 40,,,
,,BB30,Плитные фундаменты,"Фундамент в виде сплошной несущей бетонной плиты, которая полностью находится под конструкцией",,ГОСТ Р ИСО 6707-1-2020,Фундаментная плита,,СС 10 10 50,,,Фундаментная плита иногда выходит за пределы основания конструкции
,,BB40,Свайные фундаменты,"Фундамент, в котором используются сваи",,ГОСТ Р ИСО 6707-1-2020,"Свайный фундамент
Куст свай
Свайное поле",,СС 10 10 20,,,
,,BB50,Комбинированные фундаменты,Конструкции фундаментов комбинированного типа,,,Плитно-свайный фундамент,,,,,
,,BB60,Фундаменты оборудования,Конструкции для размещения и передачи нагрузок от оборудования на основание,,,Фундамент дизель-генераторной установки,,,,,
,BC,,Несущие конструкции перекрытия,"Система несущих конструкций, расположенных в горизонтальной плоскости перекрытия",По типу конструкции,,,IfcBuildingSystem,,,,
,,BC10,Сборные перекрытия,"Конструкции перекрытий, собираемые на строительном объекте из изделий заводского изготовления",,,Деревянное перекрытие,,,,,
,,BC20,Монолитные перекрытия,"Конструкции перекрытий, выполняемые непосредственно на строительном объекте в виде единого целого (монолита)",,,Монолитное железобетонное перекрытие,,,,,
,,BC30,Сборно-монолитные перекрытия,"Составные конструкции перекрытий, содержащие в себе сборные и монолитные элементы",,,Сталежелезобетонное перекрытие по металлическим балкам,,,,,
,BD,,Несущие конструкции стены,"Система несущих конструкций, расположенных в вертикальной плоскости стены",По типу исполнения,,,IfcBuildingSystem,СС 10 20,,,
,,BD10,Стены из кладки,"Конструкции стен, выполненные из кирпичной, блочной или каменной кладки",,,Стена из крупных блоков,,,,,
,,BD20,Крупнопанельные стены,"Конструкции стен из крупноразмерных, монтируемых на строительной площадке, плоскостных элементов (панелей) заводского изготовления",,Большая советская энциклопедия. — М.: Советская энциклопедия. 1969—1978,Стена из железобетонных панелей,,,,,
,,BD30,Монолитные стены,"Конструкции стен, выполненные непосредственно на строительном объекте в виде единого целого (монолита)",,Большой Энциклопедический словарь. 2000,Монолитная железобетонная стена,,,,,
,,BD40,Каркасные стены,"Конструкции стен, выполненные с устройством несущего каркаса с применением стоек, ригелей, связей, обшивки",,,Каркасная стена,,,,,
,,BD50,Стены из брусьев или бревен,"Конструкции стен, выполненные из брусьев или бревен",,,Стена из клееного бруса,,,,,
,BE,,Несущие конструкции крыши,"Система несущих конструкций, ограничивающих объект строительства сверху

Часть крыши, которая несет нагрузку и распределяет ее на нижележащие конструкции здания",По типу несущих конструкций,,,IfcBuildingSystem,CC 10 40,,,
,,BE10,Стропильные конструкции крыши,"Несущие элементы зданий, воспринимающие нагрузку от покрытия кровли",,ГОСТ 20372-2015,"Стропильная ферма
Стропила",,"ЭЛ 20 20 36
ЭЛ 20 20 38",,,
,,BE20,Балочные конструкции крыши,Конструкции крыши с применением балок в качестве несущих конструкций,,,Пространственная решетчатая конструкция покрытия,,ЭЛ 20 20 37,,,
,,BE30,Плитные конструкции крыши,Конструкции крыши с применением плит в качестве несущих конструкций,,,Плита покрытия,,,,,
,,BE40,Оболочечные конструкции крыши,Конструкции крыши с применением оболочечных конструкций в качестве несущих,,,"Конструкции купола, конструкции свода",,,,,
,BF,,Конструкции пола,"Система конструкций, ограничивающих пространство снизу

Конструкция, включающая конструктивные слои различного функционального назначения, выполненные из различных строительных материалов по грунтовому основанию или плите перекрытия, Основными конструктивными слоями пола являются: покрытие, прослойка, гидро-, паро- и теплозвукоизоляционный слои, стяжка, подстилающий слой и грунтовое основание",По типу конструкции покрытия,СП 29.13330.2011,,IfcBuildingSystem,ЭЛ 30 32,,,
,,BF10,Сплошные полы,Конструкции пола с монолитным покрытием,,Терминологический словарь по строительству на 12 языках (ВНИИИС Госстроя СССР),Наливной пол,,,,,
,,BF20,Штучные полы,"Конструкции пола с покрытием, набранным из штучных изделий небольшого размера",,Терминологический словарь по строительству на 12 языках (ВНИИИС Госстроя СССР),Паркетный пол,,,,,
,,BF30,Рулонные полы,Конструкции пола с покрытием из рулонных материалов и ковров,,МДС 31-11.2007,Пол с линолеумным покрытием,,,,,
,BG,,Потолочные конструкции,"Система конструкций, ограничивающих пространство сверху

Строительная конструкция, скрывающая нижнюю плоскость перекрытия или крыши с конструктивными элементами или инженерными сетями и обеспечивающая верхнюю плоскость замкнутого пространства",По типу устройства,ГОСТ Р ИСО 6707-1-2020,,IfcBuildingSystem,"ЭЛ 30 10 45
ЭЛ 30 10 46",,,
,,BG10,Подшивные потолки,"Конструкции, в которых несущие элементы (металлические бруски, профили) крепятся непосредственно к базовому потолку, а не подвешиваются, как в подвесных системах",,Потолки. Технологии работ: справочник. — М.: Стройинформ. 2007,Подшивной потолок,,,,,
,,BG20,Подвесные потолки,"Потолок, расположенный на удалении под вышележащим перекрытием или крышей",,ГОСТ Р ИСО 6707-1-2020,Подвесной потолок,,ЭЛ 30 10 46,,,
,,BG30,Натяжные потолки,"Горизонтальные конструкции из полотнища, которые крепятся с нижней стороны перекрытия на расстоянии от него на специальный профиль",,,Натяжной потолок,,,,,
,,BG40,Комбинированные потолки,"Конструкции, состоящие из потолков разных типов устройства",,,,,,,,
,BH,,Направляющие и опорные конструкции,"Конструктивная система, поддерживающая и направляющая компоненты систем инженерно-технического обеспечения","По размещению, типу монтажа",,,IfcBuildingSystem,,,,
,,BH10,Внутренние направляющие и опорные конструкции открытой установки,"Конструкции, устанавливаемые внутри зданий и сооружений открытым способом и предназначенные для восприятия нагрузок и воздействий со стороны опираемых элементов и передачи их на строительные конструкции",,,"Подвесная опора
Система кабельных каналов
Система кабельных коробов
Система кабельных лотков; система кабельных лестничных лотков",,,,,
,,BH20,Внутренние направляющие и опорные конструкции скрытой установки,"Конструкции, устанавливаемые внутри зданий и сооружений непосредственно в строительных конструкциях и предназначенные для восприятия нагрузок и воздействий со стороны опираемых элементов и передачи их на строительные конструкции",,,"Система кабельных коробов или специальных кабельных коробов, предназначенная для установки под полом
Проходка",,,,,
,,BH30,Наружные надземные направляющие и опорные конструкции,"Конструкции, устанавливаемые снаружи зданий и сооружений над землей и предназначенные для восприятия нагрузок и воздействий со стороны опираемых элементов и передачи их на основание",,,Опора (железнодорожной) контактной сети,,,,,
,,BH40,Наружные подземные направляющие и опорные конструкции,"Конструкции, устанавливаемые снаружи зданий и сооружений под землей и предназначенные для восприятия нагрузок и воздействий со стороны опираемых элементов и передачи их на основание",,,Коммуникационный тоннель,,,,,
,BJ,,Конструктивные системы каркасные,"Системы, основными несущими конструкциями которых являются вертикальные колонны каркаса, на которые передается нагрузка от перекрытий (безригельных или ригельных).",По сочетанию вертикальных конструкций,СП 14.13330.2018,,IfcBuildingSystem,,,,
,,BJ10,Каркас рамный,"Пространственная конструктивная система колонн и ригелей с жесткими узлами в соединениях, воспринимающая всю совокупность вертикальных и горизонтальных нагрузок.",,СП 14.13330.2018,"Каркас рамный с заполнением из штучной кладки, воспринимающей горизонтальные нагрузки
Каркас рамный без заполнения
Каркас рамный с заполнением, отделенным от каркаса",,,,,
,,BJ20,Каркас рамно-связевый,"Пространственная конструктивная система в виде рамного каркаса и вертикальных диафрагм жесткости, в которой рамный каркас воспринимает и передает на основание в основном вертикальные нагрузки, а горизонтальные нагрузки воспринимают совместно вертикальные диафрагмы жесткости и каркас.",,СП 14.13330.2018,"Каркас рамно-связевый с железобетонными диафрагмами
Каркас рамно-связевый с ядрами жесткости 
Каркас рамно-связевый со стальными связями",,,,,
,,BJ30,Каркас связевый,"Пространственная конструктивная система, включающая безригельный или ригельный каркас с нежесткими или жесткими узлами соединений ригелей с колоннами и вертикальные диафрагмы жесткости; основные вертикальные нагрузки воспринимаются и передаются на основание колоннами каркаса, а горизонтальные нагрузки - вертикальными диафрагмами жесткости.",,СП 14.13330.2018,"Каркас связевый с железобетонными диафрагмами
Каркас связевый с ядрами жесткости
Каркас связевый со стальными связями",,,,,
,BL,,Конструкции мостовых опор,"Несущий элемент мостового сооружения, поддерживающий пролетные строения и передающий нагрузки от них на фундамент",По расположению,"СП 46.13330.2012
ГОСТ 33178-2014",,IfcBuildingSystem,,,,
,,BL10,Конструкции промежуточных опор,"Конструкции опор, предназначенные для установки и стыковки на них смежных секций пролетных строений и передачи воспринимаемых нагрузок на грунт",,"ГОСТ 22583-77
ГОСТ 33178-2014","Бык
Пойменная опора
Промежуточная опора
Пилон",,,,,
,,BL20,Конструкции береговых опор,"Конструкции крайних опор моста в сопряжении его с геомассивом берегового склона и подходной насыпи, воспринимающие нагрузки от пролетного строения и переходной плиты и давления грунта геомассива берегового склона и насыпи",,"СП 35.13330.2011
",Устой (опора береговая),,,,,
,BM,,Конструкции обделки тоннелей,"Постоянная несущая конструкция, воспринимающая внешние нагрузки, ограждающая тоннель и образующая его внутреннюю поверхность",По типу исполнения,ГОСТ 33152-2014,,IfcBuildingSystem,,,,
,,BM10,Конструкции обделки тоннелей набрызг-бетонные,"Конструкции обделки тоннелей, выполненные из набрызг-бетона",,ГОСТ 33152-2014,"Ребристая обделка тоннеля
из набрызг-бетона
Обделка сводчатого очертания из набрызг-бетона",,,,,
,,BM20,Конструкции обделки тоннелей монолитные железобетонные,"Конструкции обделки тоннелей, выполненные из монолитного железобетона",,ГОСТ 33152-2014,Обделка сводчатого очертания из монолитного железобетона,,,,,
,,BM30,Конструкции обделки тоннелей сборные железобетонные,"Конструкции обделки тоннелей, выполненные из сборного железобетона",,ГОСТ 33152-2014,Обделка сводчатого очертания из сборных элементов,,,,,
,,BM40,Конструкции обделки тоннелей с комбинированной обделкой,Конструкции обделки тоннелей с комбинированной обделкой,,ГОСТ 33152-2014,Обделка сводчатого очертания из монолитного и сборного железобетона,,,,,
,,BM50,Конструкции обделки тоннелей монолитные бетонные,"Конструкции обделки тоннелей, выполненные из монолитного бетона",,ГОСТ 33152-2014,"Обделка тоннеля
из монолитного бетона двухсводчатой конструкции
Обделка тоннеля
из монолитного бетона двухъярусной конструкции",,,,,
,,BM60,Конструкции обделки тоннелей тюбинговые,"Конструкции обделки тоннелей, выполненные из одинаковых элементов сплошного или ребристого сечения: тюбингов",,ГОСТ 33152-2014,"Обделка тоннеля из чугунных тюбингов
Обделка тоннеля из  железобетонных тюбингов",,,,,
,,BM70,Конструкции обделки тоннелей блочные,"Конструкции обделки тоннелей, выполненные из одинаковых элементов сплошного или ребристого сечения: блоков",,ГОСТ 33152-2014,Обделка тоннеля из железобетонных блоков,,,,,
,,BM80,Конструкции обделки тоннелей решетчатые арочные,"Конструкции обделки тоннелей, усиленные решетчатой аркой",,ГОСТ 33152-2014,"Ребристая обделка тоннеля
из набрызг-бетона с решетчатыми арками",,,,,
,,BM90,Конструкции обделки тоннелей анкерные,Конструкции обделки тоннелей с анкерным креплением,,ГОСТ 33152-2014,"Двухслойная обделка тоннеля замкнутого очертания, усиленная
анкерами",,,,,
,BN,,Специальная конструктивная система,"Конструктивная система, выполняющая конкретную специальную функцию",По типу системы,,,IfcBuildingSystem,,,,
,,BN10,Система преднапряжения,"Конструктивная система, обоеспечивающая контролируемое создание постоянных усилий и деформаций в конструкции, которые будут противодействовать напряжениям, возникающим от постоянных и временных нагрузок и/или от усадки бетона путем натяжения арматурных пучков",,СТО СРО-С 60542960 00017-2014 ,Система преднапряжения защитной оболочки,,,,,
,,BN20,Система усиления конструкций,"Конструктивная система, обеспечивающая повышение несущей способности или структурной целостности конструкции",,СП 46.13330.2012,,,,,,
,BP,,Конструкции пролетных строений,"Конструкции, предназначенные для восприятия нагрузок и передачи их на опоры и грунт",,ГОСТ 22583-77,,,,,,
,BQ,,Конструкции мостового полотна ,Часть пролетного строения моста,По типу конструкции моста,,,,,,,
,,BQ10,Конструкции мостового полотна автодорожного моста,"Совокупность всех элементов, расположенных на пролетном строении, предназначенных для обеспечения нормальных условий безопасности движения транспортных средств и пешеходов, а также для отвода воды с поверхности покрытия моста и в сопряжениях с подходами. Включает в себя одежду ездового полотна, тротуары, ограждающие устройства, устройства водоотвода, обогрева, освещения, деформационные швы и сопряжения моста с подходами",,ГОСТ Р 53627-2009,"Конструкции путепровода
Конструкции эстакады",,,,,
,,BQ20,Конструкции мостового полотна железнодорожного моста,"Верхняя часть пролетного строения железнодорожного моста, воспринимающая нагрузку от колес подвижного состава и передающая ее на несущую часть пролетного строения",,Большая Российская Энциклопедия,"Мостовое полотно с ездой на балласте
Мостовое полотно на  поперечинах
Безбалластное мостовое полотно ",,,,,
,BR,,Конструкции входной части тоннеля,"Конструкции укрепления и оформления входной части тоннеля в виде рампы, портала или оголовка",По типу исполнения,ГОСТ 33152-2014,,,,,,Определение синтезировано
,,BR10,Конструкции рампы,"Заглубленный ниже уровня поверхности земли съезд или выезд автотранспортных средств, которые расположены на припортальных участках тоннеля неглубокого заложения",,ГОСТ 33152-2014,,,,,,
,,BR20,Конструкции портала,"Архитектурно оформленная конструкция входной части тоннеля, состоящая из усиленного звена тоннельной обделки и подпорных стен и обеспечивающая устойчивость лобового и боковых откосов и отвод воды",,ГОСТ 33152-2014,,,,,,
,,BR30,Конструкции оголовка,"Архитектурно оформленная конструкция входной части тоннеля, состоящая из усиленного звена тоннельной обделки и обеспечивающая устойчивость лобового откоса",,ГОСТ 33152-2014,,,,,,
C_,,,Наземная строительная система,"Строительная система, формирующая наземные участки",,,,,,,,
,CA,,Конструкции основания,"Наземная строительная система, обеспечивающая поддержку других строительных конструкций",По типу устройства,,,IfcSystem,,,,
,,CA10,Грунтовая подушка,Конструкции из уплотненных слоев малосжимаемых грунтов,,,,,,,,
,,CA20,Шпунтовое ограждение,Водонепроницаемые замкнутые конструкции из погружаемых шпунтовых свай для ограждения места устройства фундамента на естественном основании или ростверка свайного фундамента,,СТО НОСТРОЙ 2.29.109-2013,,,,,,
,,CA30,Армированные конструкции основания,Конструкции основания с внедрением дополнительных высокопрочных элементов для обеспечения требуемых характеристик основания,,,,,,,,
,,CA40,Конструкции противофильтрационной завесы,"Преграда, устраиваемая в грунтовом массиве и прорезающая водоносные горизонты с целью исключения или снижения водопритоков к подземному сооружению",,СП 250.1325800.2016,,,,,,
,CB,,Конструкции наземного покрытия,Наземная строительная система твердых покрытий наружных зон,,,"Спортивное покрытие
Аэродромное покрытие",IfcSystem,,,,
,CC,,Конструкции участков разделения транспортных потоков,"Наземная строительная система, обеспечивающая разделение транспортных потоков",,"ГОСТ Р 58653-2019
СП 34.13330.2021",Круговое движение (кольцевая развязка транспорта),IfcSystem,,,,
,CD,,Конструкции дорожной обочины,"Элемент дороги, примыкающий непосредственно к проезжей части и предназначенный для обеспечения устойчивости земляного полотна, повышения безопасности дорожного движения, организации движения пешеходов и велосипедистов, а также использования при чрезвычайных ситуациях",,"СП 78.13330.2012
ГОСТ 33475-2015","Обочина грунтовая
Обочина укрепленная",IfcSystem,,,,
,CE,,Конструкции основания железнодорожных путей,"Наземная строительная система, являющаяся основанием для железнодорожных путей",,СП 238.1326000.2015,Насыпь,IfcSystem,,,,
,CF,,Конструкции системы озеленения,Конструкции водохозяйственных сооружений,,,,IfcSystem,,,,
,CG,,Конструкции водохозяйственных сооружений,"Наземная строительная система, предназначенная для транспортирования, хранения или фильтрации воды, или для организации пространства вдоль или над водоемом",,,"Откос канала
Водовод",IfcSystem,,,,
,CH,,Конструкции трубопроводных траншей,Наземная строительная система для повторно заполняемых траншей,,,"Конструктивные элементы траншеи
",IfcSystem,,,,
,CJ,,Опорные и грунто- удерживающие конструкции,"Наземная строительная система, воспринимающая вертикальную или горизонтальную нагрузку",По назначению,,Шпунт,IfcSystem,,,,
,,CJ10,Конструкции подпорной стены,"Сооружение, удерживающее грунт от обрушения в откосах насыпей и выемок",,СП 43.13330.2012,Подпорная стена,,,,,
,,CJ20,Конструкции плотины,"Водоподпорное сооружение, перегораживающее водоток и его долину для подъема уровня воды",,ГОСТ Р 57792-2017,Плотина,,,,,
,,CJ30,Конструкции набережных-стенок,"Причальное сооружение, включающее в свою конструкцию сплошную стенку и воспринимающее боковое давление грунта со стороны берега",,ГОСТ Р 54523-2011,Набережная-стенка,,,,,
,,CJ40,Конструкции причалов,"Устройство или сооружение, предназначенное для стоянки, обработки и обслуживания судов",,ГОСТ Р 54523-2011,Причал,,,,,
,,CJ50,Наземные опорные конструкции,"Наземная строительная система, обеспечивающая вертикальную поддержку и крепление",,,Опора контактной сети,,,,,
,CK,,Конструкции террасированных склонов и рамп,"Наземная строительная система, предназначенная для соединения пространств на различных уровнях",,,Платообразный террасированный отвал,IfcSystem,,,,
,CL,,Конструкции ландшафтных стен,"Наземная строительная система, предназначенная для разделения пространств",,,Ландшафтная стена,IfcSystem,,,,
D_,,,Конструкции железнодорожных путей,"Подсистема инфраструктуры железнодорожного транспорта, включающая в себя верхнее строение пути, земляное полотно, водоотводные, водопропускные, противодеформационные, защитные и укрепительные сооружения земляного полотна, расположенные в полосе отвода, а также искусственные сооружения",,СП 238.1326000.2015,"Пути линии
Пути электродепо",,,,,
,DA,,Конструкции балластных железнодорожных путей,"Система железнодорожных путей с элементом верхнего строения, служащего для равномерного распределения давления от шпал по основной площадке земляного полотна или другому основанию, удержания шпал от сдвига и для обеспечения упругого взаимодействия пути и железнодорожного подвижного состава.",,СП 238.1326000.2015,,IfcSystem,,,,
,DB,,Безбалластные конструкции железнодорожных путей,"Система железнодорожных путей без элемента верхнего строения, служащего для равномерного распределения давления от шпал по основной площадке земляного полотна или другому основанию, удержания шпал от сдвига и для обеспечения упругого взаимодействия пути и железнодорожного подвижного состава.",,СП 238.1326000.2015,,IfcSystem,,,,
,DC,,Монорельсовые конструкции железнодорожных путей,Система железнодорожных путей с одним рельсом,,,,IfcSystem,,,,
H_,,,Система снабжения (обеспечения),"Техническая система, обеспечивающая потребление (передачу) ресурсов",,,,,,,,
,HA,,Система воздухо- и газоснабжения,Система снабжения воздухом или газом,По типу среды,,,IfcDistributionSystem,,,,
,,HA10,Система газоснабжения,"Имущественный производственный комплекс, состоящий из технологически, организационно и экономически взаимосвязанных и централизованно управляемых производственных и иных объектов, предназначенных для добычи, транспортировки, хранения, поставок газа",,Федеральный закон от 31.03.1999 N 69-ФЗ,"Система медицинского газоснабжения
Система внутреннего газопотребления",,"СС 30 70
СС 30 70 10",,,
,,HA20,Система снабжения воздухом,Инженерная система для подачи воздуха к потребителям,,,"Система подачи воздуха для горения/отвода продуктов сгорания
Система воздухоподачи",,,,,
,HB,,Система снабжения жидкостью,Система снабжения жидкостью,,,"Система водоснабжения
Внутренняя система водоснабжения
Система подачи жидкого топлива
Внутридомовая система горячего водоснабжения
Внутридомовая система холодного водоснабжения
Оросительная система
Система оборотного водоснабжения
Система циркуляционного водоснабжения
Система автоматического водяного орошения
Система автоматического полива игрового поля
Система водоснабжения прямоточная
Система маслоснабжения (турбоустановки)
Система перекачки нефтепродукта по разветвленному нефтепродуктопроводу из резервуара
Система снабжения маслом",IfcDistributionSystem,"СС 30 35
СС 30 35 10
СС 30 35 10 10
СС 30 35 10 20
СС 30 35 10 30
СС 30 35 10 35
СС 30 35 10 40
СС 30 35 10 50
СС 30 35 10 60
",,,
,HC,,Система холодоснабжения,Комплекс оборудования и устройств для производства холода (охлажденной воды) и подачи его в воздухоохладители приточных установок и кондиционеров,По типу исполнения,СП 60.13330.2020,Система холодоснабжения,IfcDistributionSystem,СС 30 15,,,
,,HC10,Система непосредственного охлаждения,"Система охлаждения, в которой испарительные аппараты размещаются внутри охлаждаемых камер и помещений или встраиваются в коммуникации охлаждаемого воздуха.",,СП 60.13330.2020,,,,,,
,,HC20,Система промежуточного охлаждения,"Система охлаждения, в которой перенос тепла от охлаждаемых сред к испарителям холодильных машин осуществляется с помощью холодоносителей.",,СП 60.13330.2020,,,,,,
,HD,,Система теплоснабжения,"Совокупность взаимосвязанных источников теплоты, тепловых сетей и систем теплопотребления",По типу источника тепла,Приказ Минэнерго России от 24.03.2003 N 115,"Индивидуальная система теплоснабжения
Система отопления
Система централизованного теплоснабжения (СЦТ)
Система обогрева",IfcDistributionSystem,СС 30 10,,,
,,HD10,Рециркуляционная система снабжения теплом,Система снабжения теплом с рециркуляцией теплоносителя,,,"Система централизованного теплоснабжения
Система внутреннего теплоснабжения здания
Система поквартирного теплоснабжения
Система водяного напольного отопления
Система центрального водяного отопления",,"СС 30 20 10
СС 30 20 10 10
СС 30 20 10 20",,,
,,HD20,Геотермальная система теплоснабжения,Система теплоснабжения с использованием теплоты геотермальных вод,,ВСН 56-87,"Открытые системы геотермального теплоснабжения
Закрытые системы геотермального теплоснабжения
Бессливная система геотермального теплоснабжения
Геотермальная система теплохладоснабжения с тепловыми насосами
Открытая геотермальная система с комбинацией водяного и воздушного отопления
Комплексные геотермальные системы теплоснабжения",,,,,
,,HD30,Комбинированная система солнечного теплоснабжения,"Система, использующая солнечную энергию одновременно для частичного или полного покрытия нагрузки отопления и горячего водоснабжения потребителя.",,ГОСТ Р 54856-2011,"Система, использующая только солнечную энергию (система без дублера)
Система, использующая солнечную и дополнительную энергию
Система с принудительной циркуляцией теплоносителя
Система предварительного солнечного подогрева
Система солнечного горячего водоснабжения
Система солнечного отопления
Система солнечного теплоснабжения
Термосифонная система солнечного теплоснабжения",,,,,
,,HD40,Система снабжения теплом на основе сгорания топлива,"Система снабжения теплом, генерируемым в результате сгорания топлива",,,"Газовое отопление
Печное отопление
Котельная установка",,,,,
,,HD50,Система снабжения теплом на основе электроэнергии,Система снабжения теплом с электроотопительными приборами,,,"Система электрического кабельного обогрева
Система кабельного обогрева
Система локального электрообогрева
Система распределенного электрообогрева
Система электрического напольного отопления",,,,,
,,HD60,Система снабжения теплом на основе ядерной реакции,"Система снабжения теплом, генерируемым в результате ядерной реакции",,,Установка паротурбинная теплофикационная,,,,,
,HE,,Комбинированная система тепло- и холодоснабжения,Система снабжения теплом и холодом,,,"Установка теплового насоса
Система геотермального тепло- и хладоснабжения",IfcDistributionSystem,,,,
,HF,,Система вентиляции,"Комплекс функционально связанных между собой оборудования, установок, устройств, воздуховодов, осуществляющих обмен воздуха в помещениях для удаления избытков теплоты, влаги, вредных веществ с целью обеспечения допустимых метеорологических условий и чистоты воздуха в обслуживаемой или рабочей зоне помещения",По способу организации,"МР 4.3.0212-20
СП 60.13330.2020",,IfcDistributionSystem,"СС 30 20 20
СС 30 20 20 10
СС 30 20 20 20
СС 30 20 20 30
СС 30 20 20 40
СС 30 20 20 50
СС 30 20 25
СС 30 20 25 10
СС 30 20 25 20
СС 30 20 30
СС 30 26",,,
,,HF10,Система местной вентиляции,"Вентиляция, осуществляемая вытяжной или приточной механической системой, предотвращающая или снижающая распространение вредных веществ по объему обслуживаемого помещения или рабочей зоны.",,"ГОСТ 22270-2018
МР 4.3.0212-20","Местная приточная вентиляция
Местная вытяжная вентиляция",,"СС 30 20 25
СС 30 20 25 10
СС 30 20 25 20",,,
,,HF20,Система общеобменной вентиляции,"Система вентиляции, предусматриваемая для создания одинаковых условий и параметров воздушной среды (температуры, влажности и подвижности воздуха) во всем объеме помещения, главным образом в его рабочей зоне (1,5 - 2,0 м от пола), когда вредные вещества распространяются по всему объему помещения и нет возможности (или нет необходимости) их уловить в месте образования",,МР 4.3.0212-20,"Приточная общеобменная вентиляция
Вытяжная общеобменная вентиляция",,"СС 30 20 20
СС 30 20 20 10
СС 30 20 20 20
СС 30 20 20 30
СС 30 20 20 40
СС 30 20 20 50
СС 30 26",,,
,,HF30,Система смешанной вентиляции,Система местной и общеобменной вентиляции,,,,,,,,
,,HF60,Система противодымной вентиляции,"Регулируемый (управляемый) газообмен внутреннего объема здания при возникновении пожара в одном из его помещений, предотвращающий поражающее воздействие на людей и/или материальные ценности распространяющихся продуктов горения, обусловливающих повышенное содержание токсичных компонентов, увеличение температуры и изменение оптической плотности воздушной среды",,ГОСТ 22270-2018,,,"СС 30 25 10
СС 30 25
СС 30 25 10 10
СС 30 25 10 20
СС 30 26
",,,
,,HF70,Система аварийной вентиляции,"Регулируемый (управляемый) обмен воздуха в помещении, обеспечивающий защиту обслуживаемого помещения от увеличения до опасных значений концентраций горючих газов, паров и пыли при их внезапном поступлении",,ГОСТ 22270-2018,,,,,,
,HG,,Система электроснабжения,"Совокупность электроустановок, предназначенных для обеспечения потребителей электрической энергией.",По условиям эксплуатации,"Приказ Минэнерго РФ от 08.07.2002 N 204
Правила устройства электроустановок (ПУЭ)",Система электрооборудования (электроустановка),IfcDistributionSystem,СС 30 50,,,
,,HG10,Система электроснабжения общего назначения,"Совокупность электроустановок и электрических устройств, предназначенных для обеспечения электрической энергией различных потребителей электрических сетей.",,ГОСТ 32144-2013,"Система (тягового железнодорожного) электроснабжения переменного тока
Система (тягового железнодорожного) электроснабжения постоянного тока",,,,,
,,HG20,Резервная система электропитания,"Система питания для поддержания, не в целях безопасности, функционирования электрической установки или ее части в случае прерывания основного питания.",,ГОСТ Р 50571.5.56-2013/МЭК 60364-5-56:2009,,,,,,
,,HG30,Система непрерывного электроснабжения,Инженерная система обеспечения электроэнергией в случае отказа основного питания,,,"Система бесперебойного электроснабжения
Система гарантированного электроснабжения",,,,,
,,HG40,Система электроснабжения железнодорожного транспорта,Система снабжения электроэнергией подвижного состава железнодорожного транспорта,,,"Контактная сеть
Тяговая сеть",,,,,
,,HG50,Система электроснабжения переменного тока до 1 кВ,,,,,,,,,
,,HG60,Система  электроснабжения переменного тока свыше 1 кВ,,,,,,,,,
,,HG70,Система  электроснабжения постоянного тока до 1 кВ,,,,,,,,,
,,HG80,Система  электроснабжения постоянного тока свыше 1 кВ,,,,,,,,,
,HH,,Система освещения,"Использование света для того, чтобы сделать видимыми объекты и/или их окружение",По типу системы,ГОСТ Р 56228-2014,,IfcDistributionSystem,СС 20,,,
,,HH10,Система общего освещения,Освещение открытых пространств или помещений (общее равномерное освещение) или отдельных их зон (общее локализованное освещение) без учета специальных локальных требований,,ГОСТ Р 56228-2014,Общее равномерное освещение Общее локализованное освещение,,"
СС 30 50 42",,,
,,HH20,Система местного освещения,"Освещение рабочего места, являющееся дополнительным к общему освещению и имеющее независимое от него управление",,ГОСТ Р 56228-2014,Локализованное освещение,,,,,
,,HH30,Система комбинированного освещения,Сочетание общего и местного освещения,,"ГОСТ Р 56228-2014
СП 52.13330.2016","Акцентирующее освещение
Дежурное освещение
Аварийное освещение
Охранное освещение
Эвакуационное освещение
Рабочее освещение
Антипаническое освещение
Резервное освещение",,"СС 30 50 45
СС 30 50 46
СС 30 50 47
СС 30 50 47 10
СС 30 50 47 20
",,,
,,HH40,Система естественного освещения,"Освещение помещений светом неба (прямым или отраженным), проникающим через световые проемы в наружных ограждающих конструкциях, а также через световоды",,СП 52.13330.2016,"Боковое естественное освещение
Верхнее естественное освещение
Комбинированное (верхнее и боковое) естественное освещение",,,,,
,,HH60,Система светового ограждения,"Обозначение местоположения высотного сооружения в темное время суток и при плохой видимости с помощью заградительных огней, устанавливаемых на сооружении для обеспечения безопасности полетов воздушных судов",,СП 375.1325800.2017,,,"СС 30 50 48
СС 30 50 49",,,
,,HH70,Система освещения аэродромов,"Система, предназначенная для освещения аэродромов",,,Аэродромный световой комплекс,,,,,
,,HH80,Система освещения тоннелей,"Освещение тоннеля, при котором свет падает на объекты преимущественно в направлении движения транспортного потока (система попутного освещения тоннеля), одинаково как по ходу, так и против движения транспортного потока (система симметричного освещения тоннеля) или  преимущественно в направлении, противоположном движению транспортного потока (система встречного освещения тоннеля)",,ГОСТ Р 56228-2014,"Система встречного освещения тоннеля
Система симметричного освещения тоннеля
Система попутного освещения тоннеля
Система освещения автодорожных тоннелей
Система освещения железнодорожных тоннелей",,СС 30 50 51,,,
,,HH90,Система совмещенного освещения,"Освещение, при котором недостаточное по нормам естественное освещение дополняется искусственным в течение полного рабочего дня",,СП 52.13330.2016,,,,,,
,,HH100,Система наружного освещения,"Освещение объектов, находящихся вне зданий, и/или их окружения",,ГОСТ Р 56228-2014,"Утилитарное наружное освещение
Архитектурное освещение
Ландшафтное освещение
Рекламное наружное освещение
Cпортивное наружное освещение
Производственное наружное освещение
Охранное наружное освещение",,,,,
,,HH110,Система внутреннего освещения,"Освещение объектов, находящихся внутри помещений, и/или их окружения",,ГОСТ Р 56228-2014,,,,,,
,HJ,,Система обеспечения связи ,"Любые излучение, передача или прием знаков, сигналов, голосовой информации, письменного текста, изображений, звуков или сообщений любого рода по радиосистеме, проводной, оптической и другим электромагнитным системам",По типу сигнала,Федеральный закон от 07.07.2003 N 126-ФЗ,"Система экстренной связи
Система железнодорожной радиосвязи
Система железнодорожной электросвязи
Система телемедицины",IfcDistributionSystem,,,,
,,HJ10,Система телеграфии,"Система обеспечения связи, предназначенная для передачи текста",,,,,,,,
,,HJ20,Система телефонии,"Система обеспечения связи, предназначенная для передачи речи",,,"Система громкоговорящей связи
Система телефонной связи общего пользования",,СС 30 60 09,,,
,,HJ30,Система фототелеграфии,"Система обеспечения связи, предназначенная для передачи неподвижных изображений",,   ,,,,,,
,,HJ40,Система телевидения,"Система обеспечения связи, предназначенная для передачи подвижных изображений",,,Система кабельного телевидения,,СС 30 60 01 20,,,
,,HJ50,Система телеметрии,"Система обеспечения связи, предназначенная для передачи результатов измерений",,,Система телеизмерений,,,,,
,,HJ60,Система телеуправления,"Система обеспечения связи, предназначенная для передачи управляющих команд",,,,,,,,
,,HJ70,Система передачи данных,"Система обеспечения связи, предназначенная для передачи данных",,,"Информационно-телекоммуникационная сеть
Локальная вычислительная сеть
Система диспетчеризации",,"СС 30 60 15
СС 30 60 11",,,
H_,,HJ80,Слаботочная система,"Техническая система, выполняющая функции сбора, обработки и передачи информации, функционирование элементов которой в ее границах обеспечивается слабыми электрическими токами

Примечание - Определение ""слаботочная"" правильно применять в установленных границах СПС в конкретных случаях, когда токи элементов или проводников по каким-либо конкретным обстоятельствам считаются слабыми.",,ГОСТ Р 70442-2023,,,,,,
,HK,,Система климатизации,"Комплекс мероприятий и устройств, обеспечивающих создание искусственного климата в помещениях, а иногда только на рабочих местах. ",По типу системы,Большая советская энциклопедия. — М.: Советская энциклопедия. 1969—1978,,IfcDistributionSystem,СС 30 20,,,
,,HK10,Система кондиционирования воздуха,"Система для автоматического поддержания в закрытых помещениях всех или отдельных параметров воздуха (температуры, относительной влажности, чистоты, скорости движения и качества) с целью обеспечения, как правило, оптимальных метеорологических условий, наиболее благоприятных для самочувствия людей, ведения технологического процесса, обеспечения сохранности ценностей",,СП 336.1325800.2017,"Система VRV (VRF)
Система климат-контроля
Система организации микроклимата помещения
Система регулирования микроклимата помещения",,,,,
J_,,,Система транспортирования,"Техническая система, которая доставляет что-либо из одного места в другое",,,,,,,,
,JA,,Система газораспределения,"Имущественный производственный комплекс, состоящий из организационно и экономически взаимосвязанных объектов, предназначенных для транспортировки и подачи газа непосредственно его потребителям",По расположению,ГОСТ Р 53865-2019,Система газоудаления,IfcDistributionSystem,,,,
,,JA10,Система наружных газопроводов,"Система подземных или надземных газопроводов сети газораспределения или сети газопотребления, проложенных вне зданий, до внешней грани наружной конструкции здания",,Постановление Правительства РФ от 29.10.2010 N 870,"Газопровод надземный
Газопровод подземный",IfcDistributionSystem,СС 40 40,,,
,,JA20,Система внутренних газопроводов,"Система газопроводов,  проложенных от внешней грани наружной конструкции газифицируемого здания до места подключения газоиспользующего оборудования, расположенного внутри здания",,Постановление Правительства РФ от 29.10.2010 N 870,Внутренний газопровод сети газопотребления,IfcDistributionSystem,СС 30 70 10,,,
,JB,,Система водоснабжения,Комплекс сооружений для обеспечения потребителей водой требуемого качества и количества ,По расположению,"ГОСТ Р 70214-2022
ГОСТ 25151-82",,IfcDistributionSystem,,,,определение синтезировано
,,JB10,Наружная сеть водоснабжения,Система для подачи воды от водоисточников к местам потребления для обеспечения нужд населения и предприятий,,"СП 31.13330.2021
ГОСТ 25151-82
СП 8.13130.2020","Водопровод
Водопроводная сеть
Водопроводный узел
Наружная сеть водоснабжения хозяйственно-питьевого назначения
Наружная сеть водоснабжения противопожарного назначения
Наружная сеть водоснабжения оборотного назначения
Наружная сеть водоснабжения производственного назначения",IfcDistributionSystem,СС 40 25,,,
,,JB20,Внутренняя система водопровода,"Система трубопроводов и устройств, обеспечивающая присоединение к наружным сетям, подачу воды к санитарно-техническим приборам, технологическому оборудованию и пожарным кранам в границах внешнего контура стен одного здания или группы зданий и сооружений и имеющая общее водоизмерительное устройство от наружных сетей водопровода поселения, городского округа или предприятия.",,"СП 30.13330.2020
","Система внутренних водопроводов хозяйственно-питьевого назначения 
Система внутренних водопроводов горячего назначения
Система внутренних водопроводов противопожарного назначения
Система внутренних водопроводов оборотного назначения
Система внутренних водопроводов производственного назначения",IfcDistributionSystem,,,,
,JC,,Система распределения химических веществ,Система передачи легковоспламеняющихся или иных химических жидкостей,,,,IfcDistributionSystem,,,,
,,JC010,"Трубопровод серной и соляной кислоты, аммиака и аммиачной воды, гидразина и хлора",,,,,,,,,
,JD,,Система отведения жидкостей,Система для оттока сточных вод или жидких отходов,По назначению,,"Водоотводная система
Коллектор",IfcDistributionSystem,"СС 30 40
СС 30 40 10
ЭЛ 10 40 50",,,
,,JD10,Система хозяйственно-бытовой канализации,"Совокупность трубопроводов и оборудования, обеспечивающая отведение сточных вод от санитарно-технических приборов, технологического оборудования, а также дождевых и талых вод в канализационную сеть соответствующего назначения.",,СП 253.1325800.2016,"Система внутренней канализации
Вентилируемый канализационный стояк
Внутренняя система водоотведения (внутренняя канализация)
Внутренняя система канализации
Канализационная сеть
Канализационный выпуск
Канализационный стояк
Система отвода воды
Система отвода конденсата",IfcDistributionSystem,СС 30 40 10 10,,,
,,JD20,Система наружного водостока,"Искусственные сооружения (трубопроводы, коллекторы и тому подобное), которые предназначены для отвода выпавших на территорию города атмосферных осадков или талых вод, а также вод от поливки и мойки улиц.",,Приказ Росстата от 25.01.2021 N 30,"Водоотвод
Водосток",IfcDistributionSystem,"СС 30 40 10 20
СС 40 30
СС 40 30 10",,,
,,JD30,Система внутреннего водостока,"Система водосточных воронок, отводных труб, водосточных стояков для отвода дождевых и талых вод с кровель и плоских крыш",,СП 253.1325800.2016,"Водоотвод
Водосток",IfcDistributionSystem,СС 30 40 10 30,,,
,,JD40,Система ливневой канализации,"Совокупность трубопроводов и оборудования, обеспечивающая отведение дождевых и талых вод в канализационную сеть соответствующего назначения",,СП 253.1325800.2016,,IfcDistributionSystem,СС 30 40 10 40,,,
,,JD50,Система дренажной канализации,"Система дренажных труб и вспомогательных сооружений, предназначенная для отвода стоков в отстойник, канализационную систему, водоотвод или другие места сброса",,ГОСТ Р ИСО 6707-1-2020,"Водоотводная дрена
Водоотводная и дренажная система
Дренаж
Дренажная система",IfcDistributionSystem,"СС 30 40 10 50
СС 40 35",,,
,,JD60,Система производственной канализации,"Совокупность трубопроводов и оборудования, обеспечивающая отведение сточных вод от технологического оборудования в канализационную сеть соответствующего назначения",,СП 253.1325800.2016,,IfcDistributionSystem,СС 30 40 10 60,,,
,,JD70,Система канализации специального назначения,Система для отвода жидких отходов специального назначения,,,Система радиоактивно-загрязненных стоков спецканализации здания реактора,IfcDistributionSystem,СС 30 40 10 60,,,
,JE,,Система отведения твердых отходов,Система отведения твердых отходов,По назначению отходов,,Система пылеудаления,IfcDistributionSystem,,,,
,,JE10,Система мусороудаления,"Составная часть комплекса инженерного оборудования жилых, административных и общественных зданий и сооружений, предназначенная для сбора, транспортирования и временного хранения (накопления) твердых бытовых отходов и включающая в себя: мусоросборную камеру, ствол мусоропровода, загрузочные клапаны, шибер, механизм промывки, прочистки и дезинфекции",,Распоряжение ДЖКХиБ г. Москвы от 28.06.2011 N 05-14-373/1,"Мусоропровод
Центральный пылесос",IfcDistributionSystem,СС 30 45 10,,,
,,JE20,Система отведения твердых отходов специального назначения,Система отведения твердых отходов специального (промышленного) назначения,,,"Система золошлакоудаления
Система пылеудаления
Система гидрозолоудаления ТЭС
Система удаления продуктов сгорания",IfcDistributionSystem,,,,
,JF,,Система распределения холода,"Совокупность агрегатов и устройств, обеспечивающих производство, подачу и распределение холода, а также отвод избыточного тепла от холодильных установок.",,ГОСТ 22270-2018,,IfcDistributionSystem,,,,
,JG,,Тепловая сеть,Система трубопроводов (теплопроводов) для транспортирования и распределения теплоносителя (горячей воды или пара) при централизованном теплоснабжении,По виду теплоносителя,Федеральный закон от 27.07.2010 N 190-ФЗ,"Магистральные тепловые сети
Распределительные тепловые сети
Квартальные тепловые сети
Ответвления от магистральных и распределительных тепловых сетей к отдельным зданиям и сооружениям",IfcDistributionSystem,СС 40 20,,,
,,JG10,Водяная система распределения тепла,"Система передачи тепла, в которой теплоносителем является вода",,,Квартальные тепловые сети,IfcDistributionSystem,,,,
,,JG20,Паровая система распределения тепла,"Система передачи тепла, в которой теплоносителем является пар",,,,IfcDistributionSystem,,,,
,,JG30,Воздушная система распределения тепла,"Система передачи тепла, в которой теплоносителем является горячий воздух",,,Система воздушного отопления,IfcDistributionSystem,,,,
,JH,,Комбинированная система распределения тепла и холода,Система передачи тепла и холода,,,,IfcDistributionSystem,,,,
,JJ,,Система воздухораспределения,"Концевой элемент системы вентиляции или кондиционирования, служащий для выпуска или отвода в обслуживаемое помещение требуемого количества воздуха.",,ГОСТ 32548-2013,,IfcDistributionSystem,,,,
,JK,,Система распределения электроэнергии,Транспортирование электрической энергии от источника к потребителю,По типу системы,Справочник технического переводчика,"Кабелепровод
Электроустановка здания
Система передачи электроэнергии",IfcDistributionSystem,,,,
,,JK10,Питающая сеть,"Сеть от распределительного устройства подстанции или ответвления от воздушных линий электропередачи до ВУ, ВРУ, ГРЩ",,Приказ Минстроя России от 04.06.2020 N 305/пр,Кабельная питающая линия,IfcDistributionSystem,СС 30 50 10,,,
,,JK20,Распределительная сеть,"Сеть от ВУ, ВРУ, ГРЩ до распределительных пунктов и щитков",,Правила устройства электроустановок (ПУЭ),"Вводное устройство
Вводно-распределительное устройство
Распределительная сеть
Распределительный пункт
Система распределения электроэнергии",IfcDistributionSystem,СС 30 50 20,,,
,,JK30,Групповая сеть (потребителей),"Сеть от щитков и распределительных пунктов до светильников, штепсельных розеток и других электроприемников",,Правила устройства электроустановок (ПУЭ),"Электропроводка
Этажный распределительный щиток",IfcDistributionSystem,СС 30 50 30,,,
,JL,,Система передачи сигнала,Система передачи сигнала,По типу передачи сигнала,,,IfcDistributionSystem,,,,
,,JL10,Проводная система передачи сигнала,"Система распределения сигнала, предназначенная для передачи сигнала по проводам",,,,IfcDistributionSystem,,,,
,,JL20,Беспроводная система передачи сигнала,"Система распределения сигнала, предназначенная для передачи сигнала без проводов",,,,IfcDistributionSystem,,,,
,JM,,Система перемещения пассажиров,Система перемещения пассажиров,,,"Лифт пассажирский
Эскалатор
Система горизонтального транспорта",IfcDistributionSystem,"СС 30 48
СС 30 48 10",,,
,JN,,Система перемещения грузов,Система перемещения грузов,,,"Конвейерная лента
Лифт грузовой
Система горизонтального транспорта",IfcDistributionSystem,"СС 30 48
СС 30 48 10",,,
K_,,,Обрабатывающая/воздействующая система,"Техническая система, обеспечивающая обработку, либо воздействие на что-либо",,,,,,,,
,KA,,Система солнечного экранирования,"Система обслуживания, ограничивающая или исключающая приток солнечной энергии",,,"Солнцезащитный экран
Козырек",IfcBuildingSystem,,,,
,KB,,Система управления открытием проемов в ограждающих конструкциях,Система автоматического регулирования открывания проемов в ограждающих конструкциях,,,"Противодымная вентиляция с естественным побуждением
Система естественного проветривания",IfcBuildingSystem,,,,
,KC,,Система фильтрации,"Система обработки, предназначенная для отделения твердых частиц из потока жидкости или газа",,,"Фильтр для очистки воды
Фильтр для очистки сточных вод
Система водоподготовки
Система золоулавливания",IfcSystem,,,,
,KD,,Система сепарации,"Система обработки, предназначенная для разделения веществ",,,,IfcSystem,,,,
,KE,,Система смешивания,"Система обработки, предназначенная для смешивания веществ",,,"Реагентное хозяйство
Система водоподготовки",IfcSystem,,,,
,KF,,Насосная система,"Воздействующая система, предназначенная для повышения давления в потоке жидкости
-
Насосная система, состоящая из насоса или насосов и взаимодействующих или устанавливающих взаимодействие элементов, которые вместе выполняют определенную работу",,ГОСТ ISO 17769-2-2015,"Водопроводная насосная станция
Модульная насосная установка
Насосная установка",IfcSystem,,,,
,KG,,Система регулирования давления,"Система, предназначенная для стабилизации давления и объема жидкости или газового потока
-
Комбинированная система, включающая системы регулирования давления, предохранительные системы и, где это целесообразно, системы регистрации давления и аварийной сигнализации",,,"Система аварийной защиты от превышения давления
Система защиты от повышенного давления
Система контроля давления",IfcSystem,,,,
,KH,,Система преобразования электроэнергии,"Система обработки, предназначенная для преобразования электрической энергии",,,,IfcSystem,,,,
,KJ,,Антенная система,"Система, предназначенная для преобразования радиоволн в электрические сигналы и наоборот",По назначению,,,IfcSystem,,,,
,,KJ10,Передающая антенная система,"Система, предназначенная для преобразования электрических сигналов в радиоволны",,,,IfcSystem,,,,
,,KJ20,Приемная антенная система,"Система, предназначенная для преобразования радиоволн в электрические сигналы",,,,IfcSystem,,,,
,,KJ30,Приемо-передающая антенная система,"Система, предназначенная для преобразования радиоволн в электрические сигналы и наоборот",,,,IfcSystem,,,,
,KK,,Метеорологическая система,"Система, предназначенная для преобразования информации, связанной с погодой, в электрические сигналы",,,,IfcSystem,,,,
,KL,,Пропускная система,"Система, предназначенная для физического разграничения (разделения) потока людей или каких-либо предметов",,,,IfcSystem,,,,
L_,,,Система наблюдения и управления,"Техническая система, обеспечивающая наблюдение и управление событиями и/или процессами",,,,,,,,
,LA,,Система газовой сигнализации,"Система мониторинга, сигнализирующая об обнаружении опасных газов",,,,IfcBuildingSystem,,,,
,LB,,Система пожарной сигнализации,"Система мониторинга, сигнализирующая об обнаружении опасных факторов пожара
-
Совокупность установок пожарной сигнализации, смонтированных на одном объекте и контролируемых с общего пожарного поста",,СП 484.1311500.2020,"Установка пожарной сигнализации
Система автоматической пожарной сигнализации
Система пожарной сигнализации",IfcBuildingSystem,СС 30 30 10,,,
,LC,,Автоматизированная система управления,"Совокупность взаимодействующих технических средств, предназначенных для обнаружения пожара, формирования, сбора, обработки, регистрации и выдачи в заданном виде сигналов о пожаре, режимах работы системы, другой информации и выдачи (при необходимости) инициирующих сигналов на управление техническими средствами противопожарной защиты, технологическим, электротехническим и другим оборудованием",По объекту управления,,Система пожарной автоматики,IfcBuildingSystem,,,,
,,LC10,Автоматизированная система управления технологическими процессами (АСУТП),"Система, предназначенная для непосредственного управления технологическими процессами",,ГОСТ Р 59853-2021,"Система управления лифта
Система дистанционного управления
Система управления и защиты
Система централизованного управления наружным освещением",IfcBuildingSystem,,,,
,,LC20,Интегрированная автоматизированная система управления (ИАСУ),"Совокупность двух или более взаимоувязанных АС, в которой функционирование одной из них зависит от результатов функционирования другой (других) так, что эту совокупность можно рассматривать как единую АС",,ГОСТ Р 59853-2021,,IfcBuildingSystem,,,,
,,LC30,Автоматизированная система организационного управления (АСОУ),"Система, предназначенная для управления коллективами людей в экономических и социальных системах",,,,IfcBuildingSystem,,,,
,LD,,Система контроля и управления доступом (СКУД),"Система мониторинга, обеспечивающая авторизованный доступ лиц на территорию или строительный объект
-
Совокупность средств контроля и управления доступом, обладающих технической, информационной, программной и эксплуатационной совместимостью",По способу управления,ГОСТ Р 51241-2008,Система контроля и управления доступом (СКУД),IfcBuildingSystem,,,,
,,LD10,Автономная СКУД,СКУД для управления одним или несколькими преграждающими управляемыми устройствами без передачи информации на центральное устройство управления и контроля со стороны оператора,,ГОСТ Р 51241-2008,,IfcBuildingSystem,,,,
,,LD20,Централизованная СКУД,"СКУД для управления одним или несколькими преграждающими управляемыми устройствами с обменом информацией с центральным пультом и контролем, и управлением системой со стороны центрального устройства управления",,ГОСТ Р 51241-2008,,IfcBuildingSystem,,,,
,,LD30,Универсальная СКУД,"СКУД, включающая в себя функции как автономных, так и сетевых систем, работающие в сетевом режиме под управлением центрального устройства управления и переходящие в автономный режим при возникновении отказов в сетевом оборудовании, центральном устройстве или обрыве связи",,ГОСТ Р 51241-2008,,IfcBuildingSystem,,,,
,LE,,Система аварийной/тревожной сигнализации,"Система мониторинга, вызывающая сигнал тревоги при наличии опасных, либо нежелательных условий
-
Установленная на объекте система, предназначенная для обнаружения опасности и сигнализации об опасности",По типу системы,,,IfcBuildingSystem,,,,
,,LE10,Система охранной сигнализации,"Совокупность совместно действующих технических средств для обнаружения появления признаков нарушителя на охраняемых объектах, передачи, сбора, обработки и представления информации в заданном виде",,ГОСТ 31817.1.1-2012,Система охранной сигнализации,IfcBuildingSystem,,,,
,,LE20,Система аварийной сигнализации,Система поддержки оператора для формирования и обработки аварийных сигналов для управления аварийными ситуациями,,ГОСТ Р МЭК 62682-2019,"Система охранно-пожарной сигнализации
Система аварийной сигнализации",IfcBuildingSystem,,,,
,,LE30,Система мониторинга инженерных систем (СМИС),Совокупность аппаратно-программных средств для регулярного наблюдения и регистрации состояния и функционирования инженерных систем здания или сооружения,,ГОСТ Р 55060-2012,"Система мониторинга инженерных (несущих) конструкций, опасных природных процессов и явлений (СМИК)
Система мониторинга технического состояния несущих конструкций
Система мониторинга технического состояния огнезащитных покрытий
Система непрерывного мониторинга моста",IfcBuildingSystem,,,,
,LF,,Система видеонаблюдения,"Система мониторинга, обеспечивающая удаленное визуальное наблюдение",,,"Система охранная телевизионная (СОТ)
Система видеонаблюдения
Система охранного телевидения
Система телевизионного наблюдения",IfcBuildingSystem,,,,
,LG,,Система наблюдения за транспортными потоками,"Система мониторинга, обеспечивающая наблюдение за транспортными потоками",,ГОСТ Р 56670-2015,"Система автоматизированного учета движения
Система автоматического оповещения об аварии
Система дорожного метеорологического обеспечения
Система досмотра
Система железнодорожной автоматики и телемеханики",IfcBuildingSystem,,,,
,LH,,Система мониторинга промышленного объекта,Система мониторинга параметров и характеристик промышленных систем и оборудования,,,"Система вибрационного мониторинга
Система внутриреакторного контроля
Система контроля загазованности помещения
Система контроля и защитного отключения
Система контроля нейтронного потока
Система контроля радиационной безопасности атомной станции
Система контроля продуктов сгорания
Система контроля течи
Система контроля ядерного реактора
Система мониторинга качества электроэнергии
Система радиационного контроля
Система сигнализации радиационно-технологической установки",IfcBuildingSystem,,,,
M_,,,Система представления информации,"Техническая система, представляющая информацию",,,,,,,,
,MA,,Система предупреждения/ оповещения,"Система представления информации, которая воспроизводит определенные звуковые или голосовые сообщения для предупреждения об опасности
-
Комплекс средств оповещения, выполняющий функцию одновременного доведения до большого числа потребителей речевых сообщений, звуковых и/или световых сигналов",,,"Система оповещения
Система оповещения и управления эвакуацией людей
Локальная система оповещения
Местная система оповещения
Объектовая система оповещения
Система этажного оповещения многоквартирных жилых домов
Система оповещения и управления эвакуацией с охраняемого объекта
Система светооптическая",IfcDistributionSystem,СС 30 30 60,,,
,MB,,Аудио-видео система,"Система представления информации, которая воспроизводит изображения и/или звуки",,,"Система видеоизображения (спортивного сооружения)
Система громкоговорящей связи
Система оповещения публики футбольного стадиона",IfcDistributionSystem,,,,
,MC,,Система управления транспортными потоками,Система представления информации для управления транспортными потоками,,ГОСТ Р 56670-2015,Система оповещения о приближении железнодорожного подвижного состава,IfcDistributionSystem,,,,
,MD,,Система представления времени,Система представления информации о времени,,,,IfcDistributionSystem,,,,
,ME,,Система обозначений,Система представления информации в виде письменных указаний или символьных обозначений,,,,IfcDistributionSystem,,,,
,MF,,Измерительная система коммерческого учета,"Система, обрабатывающая входные данные от системы АРУ, термометров, манометров и др., предоставляющая информацию при операциях коммерческого учета СПГ на борту танкера СПГ или плавучего хранилища и генерирующая коммерческую учетную документацию",,ГОСТ Р ИСО 18132.1-2017,,,,,,
P_,,,Система защиты,"Автономная техническая система, защищающая от опасности или нежелательных воздействий",,,,,,,,
,PA,,Система противопожарной защиты ,"Комплекс организационных мероприятий и технических средств, направленных на защиту людей и имущества от воздействия опасных факторов пожара и (или) ограничение последствий воздействия опасных факторов пожара на объект защиты (продукцию)",,Федеральный закон от 22.07.2008 N 123-ФЗ Технический регламент о требованиях пожарной безопасности,,IfcSystem,,,,
,,PA010,Система пожарной автоматики,"Совокупность взаимодействующих систем пожарной сигнализации,
передачи извещений о пожаре, оповещения и управления эвакуацией людей, противодымной вентиляции, установок автоматического пожаротушения и иного оборудования автоматической противопожарной защиты,
предназначенных для обеспечения пожарной безопасности объекта",,СП 484.1311500.2020,Система пожарной автоматики,,,,,
,PB,,Система пожаротушения,Система защиты от пожара посредством подачи огнетушащего вещества,По типу устройства,,"Агрегатная установка пожаротушения
Автономная установка пожаротушения
Батарея газового пожаротушения
Модульная установка пожаротушения
Система пенного пожаротушения
Система водяного пожаротушения",IfcSystem,СС 30 30 30,,,
,,PB10,Установка пожаротушения автоматическая,"Установка пожаротушения, автоматически срабатывающая при превышении контролируемым фактором (факторами) пожара установленных пороговых значений в защищаемой зоне, а также обеспечивающая передачу сигнала о пожаре во внешние цепи",,СП 485.1311500.2020,"Модульная установка пожаротушения
Роботизированная установка пожаротушения
Установка пожаротушения автоматическая дренчерная (водяная завеса)
Установка пожаротушения автоматическая спринклерная
Установка пожаротушения автоматическая спринклерно-дренчерная",IfcSystem,"СС 30 30 40
СС 30 30 40 10
СС 30 30 40 20
СС 30 30 40 30
СС 30 30 40 40
СС 30 30 40 50
СС 30 30 40 60
СС 30 30 40 70
СС 30 55 40
СС 30 55 40 10
СС 30 55 40 20
СС 30 55 40 30
",,,
,,PB20,Внутренний противопожарный водопровод,"Совокупность трубопроводов и технических средств, обеспечивающих подачу огнетушащего вещества к пожарным запорным клапанам пожарных кранов и/или пожарным запорным клапанам сухотрубов",,СП 10.13130.2020,"Противопожарный водопровод
Система внутреннего противопожарного водопровода",IfcSystem,СС 30 30 30 10,,,
,,PB30,Система наружного противопожарного водоснабжения,"Совокупность наружных водопроводных сетей, водных объектов  и противопожарные резервуары, используемые для целей пожаротушения",,СП 8.13130.2020,Система внешнего противопожарного водопровода,,,,,определение синтезировано
,,PB40,Установка пожаротушения автоматическая дренчерная (водяная завеса),"Установка пожаротушения, оборудованная дренчерными оросителями или генераторами пены, при срабатывании которой огнетушащее вещество подается одновременно из всех дренчерных оросителей или распылителей данной установки, или ее секции.",,СП 485.1311500.2020,,,СС 30 30 40 10,,,
,,PB50,Установка пожаротушения автоматическая спринклерная,"Установка пожаротушения, оборудованная спринклерными оросителями, срабатывание которой осуществляется в результате последовательной активации спринклерных оросителей под воздействием на них теплового потока от очага пожара",,СП 485.1311500.2020,,,"СС 30 30 40 20
СС 30 30 40 30
СС 30 30 40 40

",,,
,,PB60,Установка пожаротушения автоматическая спринклерно-дренчерная,"Установка пожаротушения, оборудованная спринклерными и дренчерными оросителями",,СП 485.1311500.2020,,,"СС 30 30 40 60
СС 30 30 40 70
",,,
,,PB70,Установка газового пожаротушения автоматическая,"Совокупность технологического оборудования, модулей газового пожаротушения, батарей газового пожаротушения, изотермических резервуаров пожарных для тушения огня с применением газового огнетушащего вещества",,СП 485.1311500.2020,,,,,,определение синтезировано
,,PB80,Установка порошкового пожаротушения автоматическая,"Автоматическая установка пожаротушения, состоящая из одного или нескольких модулей, объединенных единой системой обнаружения пожара и приведения их в действие, способных самостоятельно выполнять функцию пожаротушения  с применением огнетушащего порошка и размещенных в защищаемом помещении или рядом с ним. ",,СП 485.1311500.2020,,,,,,определение синтезировано
,,PB90,Установка аэрозольного пожаротушения автоматическая,"Совокупность технологического оборудования,  генераторов огнетушащего аэрозоля, системы обнаружения пожара и приведения оборудования в действие для пожаротушения  с применением аэрозолеобразующего состава, оказывающего огнетушащее действие на очаг пожара",,СП 485.1311500.2020,,,,,,определение синтезировано
,PC,,Система заземления,Система защиты от опасных электрических токов путем их заземления,По параметрам заземления,,,IfcSystem,СС 30 66,,BAU,
,,PC10,Система TN,"Система, в которой нейтраль источника питания глухо заземлена, а открытые проводящие части электроустановки присоединены к глухозаземленной нейтрали источника посредством нулевых защитных проводников",,Правила устройства электроустановок (ПУЭ),,IfcSystem,,,,
,,PC20,Система TT,"система, в которой нейтраль источника питания глухо заземлена, а открытые проводящие части электроустановки заземлены при помощи заземляющего устройства, электрически независимого от глухозаземленной нейтрали источника",,Правила устройства электроустановок (ПУЭ),,IfcSystem,,,,
,,PC30,Система IT,"Система, в которой нейтраль источника питания изолирована от земли или заземлена через приборы или устройства, имеющие большое сопротивление, а открытые проводящие части электроустановки заземлены",,Правила устройства электроустановок (ПУЭ),,IfcSystem,,,,
,PD,,Система молниезащиты,"Система защиты от молний посредством заземления электрических систем
-
Комплексная система защиты от молнии, предназначенная для уменьшения физических повреждений зданий (сооружений) при ударе молнии в здание (сооружение)",По типу исполнения,,,IfcSystem,СС 30 65,,BAU,
,,PD10,Внутренняя система молниезащиты,"Часть системы молниезащиты, состоящая из системы уравнивания потенциалов и средств электрической изоляции внешней системы молниезащиты. ",,ГОСТ Р 58232-2018,,IfcSystem,,,,
,,PD20,Внешняя система молниезащиты,"Часть системы молниезащиты, состоящая из системы молниеприемников, системы токоотводов и системы заземления",,ГОСТ Р 58232-2018,"Система вертикальных молниеотводов
Система молниеприемников",IfcSystem,,,,
,PE,,Система электрохимической защиты,Система защиты металлических конструкций от коррозии посредством антикоррозионной защиты,По разнице потенциалов,,Система противокоррозионной защиты,IfcSystem,,,,
,,PE10,Анодная защита,"Электрохимическая защита металла, способного пассивироваться анодной поляризацией, осуществляемая от внешнего источника тока или посредством соединения с металлом, имеющим более положительный потенциал, чем у защищаемого металла",,ГОСТ 9.106-2021,,IfcSystem,,,,
,,PE20,Катодная защита,"Электрохимическая защита металла, осуществляемая катодной поляризацией от внешнего источника тока или путем соединения с металлом, имеющим более отрицательный потенциал, чем у защищаемого металла",,ГОСТ 9.106-2021,Станция катодная,IfcSystem,,,,
,PF,,Система вибросейсмозащиты,Система защиты от вибрационных и сейсмических воздействий,По источнику воздействия,,,IfcSystem,,,,
,,PF10,Система виброизоляции,"Система вибрационной защиты, основанная на ослаблении связей между источником возбуждения и защищаемым объектом",,,"Плавающий пол
Система вибрационной защиты",IfcSystem,,,,
,,PF20,Система сейсмоизоляции,"Система для снижения сейсмических нагрузок на сооружение за счет применения специальных конструктивных элементов:
- повышающих гибкость и периоды собственных колебаний сооружения (гибкие стойки; качающиеся опоры; резинометаллические опоры и др.);
- увеличивающих поглощение (диссипацию) энергии сейсмических колебаний (демпферы сухого трения; скользящие пояса; гистерезисные; вязкие демпферы);
- резервных, выключающихся элементов.",,СП 14.13330.2018,"Система сейсмоизоляции
Скользящий пояс",IfcSystem,,,,В зависимости от конкретного проекта применяют все или некоторые из перечисленных элементов
,,PF30,Система конструктивной сейсмозащиты,Система конструктивных мероприятий для защиты от сейсмических воздействий,,СП 14.13330.2018,Антисейсмический пояс,IfcSystem,,,,
,PG,,Система обеспечения безопасности,Система для защиты строительных объектов от опасности и нежелательных воздействий,По типу системы,,Система противорадоновой защиты здания,IfcSystem,,,,
,,PG10,Система обеспечения транспортной безопасности,"Система для реализации определяемых государством правовых, экономических, организационных и иных мер в сфере транспортного комплекса, соответствующих угрозам совершения актов незаконного вмешательства",,"Федеральный закон от 09.02.2007 N 16-ФЗ
ГОСТ Р 56461-2015","Система контроля доступа, досмотра (обнаружения, выявления, распознавания предметов и веществ)
Система обнаружения (выявления, распознавания потенциально опасных людей)",IfcSystem,,,,
,,PG20,Система безопасности промышленного объекта,"Система для обеспечения нормальной эксплуатации промышленных объектов, предупреждения аварий и ограничения их последствий",,,"Система безопасности АС
Система взрывозащиты горных выработок
Система безопасности удаления продуктов сгорания
Система защиты от подземных вод
Система защиты от холода
Система локализации аварий",IfcSystem,,,,
,PH,,Система защиты от шума,Система защиты от акустических воздействий,,СП 51.13330.2011,Система снижения шума,IfcSystem,,,,
,PJ,,Система защиты людей,Система защиты людей от опасности и нежелательных воздействий,,,"Система безопасности крыши
Система защиты от падения снега
Система жизнеобеспечения
Система жизнеобеспечения населения в чрезвычайной ситуации
Система защиты от защемления для гаражных ворот
Система канатного доступа
Система ограничения доступа",IfcSystem,СС 10 45,,,
Q_,,,Система хранения,"Техническая система, предназначенная для хранения (накопления) информации, энергии и других веществ ",,,,,,,,
,QA,,Система хранения результатов измерений,Система хранения измеренной информации о потреблении,,,,IfcSystem,,,,
,QB,,Система хранения воздуха и газа,Система для хранения воздуха и газов,,,,IfcSystem,,,,
,QC,,Система хранения жидкости,Система хранения для жидкостей,,,Заглубленный резервуар для воды,IfcSystem,,,,
,,QC010,Охладительный пруд,,,СП 18.13330.2019,,,,,,
,,QC020,Охладительный водоем,,,СП 18.13330.2019,,,,,,
,,QC030,Охладительный шламоотстойник,,,СП 18.13330.2019,,,,,,
,QD,,Система накопления энергии,Система накопления для энергии,По напряжению,,,IfcSystem,,,,
,,QD10,Система накопления электрической энергии высокого напряжения,"СНЭЭ, предназначенная для подключения первичной ТПН высокого напряжения",,ГОСТ Р 58092.1-2021,,,,,,
,,QD20,Система накопления электрической энергии среднего напряжения,"СНЭЭ, предназначенная для подключения к первичной ТПН среднего напряжения",,ГОСТ Р 58092.1-2021,,,,,,
,,QD30,Система накопления электрической энергии низкого напряжения,"СНЭЭ, предназначенная для подключения к первичной ТПН низкого напряжения",,ГОСТ Р 58092.1-2021,,,,,,
,,QD40,Система накопления электрической энергии общего напряжения,"СНЭЭ, используемая как компонента сети общего назначения",,ГОСТ Р 58092.1-2021,,,,,,
,,QD50,Система накопления электрической энергии бытовая,"СНЭЭ, предназначенная для применения частными потребителями, кроме коммерческой, производственной или иной профессиональной деятельности",,ГОСТ Р 58092.1-2021,,,,,,
R_,,,Система обустройства (оснащения),"Техническая система, предназначенная для оснащения (обустройства) объекта строительства (его отдельных пространств)",,,,,,,,
,RA,,Система озеленения,Система обустройства территорий посредством посадки растений,,"СП 82.13330.2016
ГОСТ 28329-89
СП 403.1325800.2018
ОДМ 218.011-98",,IfcSystem,СС 10 30 хх 80,,,
,RB,,Система материально-технического оснащения,"Система оснащения, представленная посредством неподвижных или подвижных элементов",,,,IfcSystem,,,,
,RC,,Система оборудования,"Система оснащения, представленная посредством оборудования, используемого в конкретных ситуациях",,,Докшелтер,IfcSystem,,,,