Класс,Подкласс 1,Подкласс 2,Подкласс 3,Тип (%%),Наименование,Определение,Источник,Критерии определения подклассов,Примеры,Код класса по КСР,Примечания
A,,,,,Природные минеральные материалы и материалы на их основе,,,По виду материала,,,
,AA,,,,Горные породы,Устойчивая по составу и строению природная ассоциация одного или нескольких минералов или минеральных агрегатов,ГОСТ Р 50544-93,По виду материала,,,
,,AAA,,,Мономинеральные горные породы,,ГОСТ 30629-2011,По виду материала,,,"Термин указан в определении горной породы как ""мономинеральный агрегат""."
,,,AAAA,,Известняк,,ГОСТ 23671-79,,,"23.70.12.13.2.01.03-0013
23.70.12.13.2.01.03-0014",
,,,,AAAA010,Мел,,ГОСТ 17498-72,,,01.7.08.04,
,,,AAAB,,Мрамор,,ГОСТ 23259-78,,,,
,,,AAAC,,Природный гипс,"Минерал, состоящий из гидрата сульфата кальция, а также осадочная горная порода, состоящая в основном из этого минерала",ГОСТ Р 58033-2017,,,,
,,,AAAD,,Ангидрит,"Безводный сульфат кальция. Обладает разнообразной структурой - зернистой, шерстоватой, волокнистой. Окраска - бесцветная или белая, на плоскостях спайкости - стеклянный блеск, реже - перламутровый. На воздухе в результате поглощения воды переходит в гипс с увеличением объема до 60%",ЕНиР Сборник Е2. Земляные работы,,,,
,,,AAAE,,Лабрадорит,,ГОСТ 30629-2011,,,,
,,,AAAF,,Графит,"Природный или техногенный материал, состоящий из углерода кристаллического слоистого строения",ГОСТ Р 52918-2008,,,01.3.05.10,
,,,AAAG,,Кварц,,ГОСТ 9077-82,,,08.99.29.01.3.05.38-0221,
,,,AAAH,,Тальк,,,,,01.7.07.20,
,,,AAAJ,,Уголь каменный,"Уголь средней стадии метаморфизма с показателем отражения витринита от 0,40% до 2,59% при условии, что высшая теплота сгорания (на влажное беззольное состояние) равна или выше 24 МДж/кг, а выход летучих веществ (на сухое беззольное состояние угля) равен 8% и более
",ГОСТ 17070-2014,,,01.7.07.22,"В некоторых странах каменные угли, образующие в результате необратимых физико-химических превращений при нагревании без доступа воздуха пластическую массу, называют битуминозными. Угли, имеющие стадию метаморфизма ниже битуминозных, но не образующие при нагревании без доступа воздуха пластическую массу, называют суббитуминозными углями. "
,,AAB,,,Полиминеральные горные породы,,ГОСТ 30629-2011,По виду материала,,,"Термин указан в определении горной породы как ""полиминеральный агрегат""."
,,,AABA,,Гранит,,ГОСТ 33031-2014,,,,
,,,AABB,,Сиенит,,,,,,
,,,AABC,,Диорит,,ГОСТ 33031-2014,,,,
,,,AABD,,Габбро,,ГОСТ 33031-2014,,,,
,,,AABE,,Порфир,,ГОСТ 33031-2014,,,,
,,,AABF,,Гнейс,,,,,,
,,,AABG,,Базальт,,ГОСТ 33031-2014,,,,
,,,AABH,,Диабаз,,ГОСТ 33031-2014,,,,
,,,AABJ,,Алевролит,,ГОСТ 10175-75,,,,
,,,AABK,,Каолинит,,ГОСТ 19608-84,,,23.99.19.17.4.02.03-1000,"Упоминается в качестве ""каолина обогащенного""."
,,,AABL,,Пемза,"Пористая, губчато-ноздревая, вулканическая горная порода с малым объемным весом и сравнительно большой твердостью. Цвет - белый, серый, желтый и черный ",ЕНиР Сборник Е2. Земляные работы,,,,
,,,AABM,,Туф,"Сцементированные рыхлые продукты вулканических извержений и кремнистые или карбонатные породы пористого ячеистого сложения, образующиеся путем отложения материала из минеральных вод",ЕНиР Сборник Е2. Земляные работы,,,,
,,,AABN,,Песчаник,Сцементированный песок. Прочность зависит главным образом от вида цемента,ЕНиР Сборник Е2. Земляные работы,,,,
,,,AABP,,Ракушечник,"Известняк, состоящий из сцементированных раковин морских животных. Обладает большой пористостью, средней плотностью в естественном залегании и сравнительно небольшой твердостью",ЕНиР Сборник Е2. Земляные работы,,,,
,,,AABQ,,Брекчия,"Осадочная горная порода, состоящая из сцементированного щебня. Чаще других встречаются известковый, кремнистый, железистый и глинистый цементы",ЕНиР Сборник Е2. Земляные работы,,,,
,,,AABR,,Конгломерат,"Осадочная горная порода, состоящая из сцементированной гальки. Чаще других встречаются известковый, кремнистый, железистый и глинистый цементы",ЕНиР Сборник Е2. Земляные работы,,,,
,,,AABS,,Бентонит,"Высокопластичная глина, состоящая из минерала монтмориллонита и обладающая высокой сорбционной способностью",ГОСТ Р 52918-2008,,,01.4.03.01,
,AB,,,,Камень бутовый,"Куски камня (доломита, известняка или песчаника) неправильной формы, размером не более 500 мм по наибольшему измерению и массой до 50 кг",СТО НОСТРОЙ 2.29.107-2013,По виду материала,,02.2.03.01,
,,ABA,,,Булыжник,Компонент осадочных пород диаметром от 64 до 256 мм,ГОСТ Р 53389-2009,По виду материала,,,
,,ABB,,,Валун,Окатанные в различной степени обломки горных пород и минералов размером свыше 70 мм,ГОСТ 23735-2014,По виду материала,,,
,AC,,,,"Щебень, гравий, галька",Неорганические сыпучие минеральные материалы,,По виду материала,,02.2.0502.2.01,
,,ACA,,,Щебень андезитовый,,,По виду материала,,02.2.05.03,
,,ACB,,,Щебень из плотных горных пород,"Минеральный зернистый сыпучий материал, получаемый дроблением изверженных горных пород со средней плотностью от 2,5 до 3,0 г/(см^3)",СТО НОСТРОЙ 2.29.104-2013,По виду материала,,02.2.05.04,
,,,,ACB010,Щебень гранитный,,,,,,
,,,,ACB020,Щебень гравийный,"Неорганический зернистый сыпучий строительный материал, получаемый дроблением гравия и валунов и рассевом продуктов дробления ",ГОСТ 25137-82,,,,
,,ACC,,,Щебень из пористых горных пород,,,По виду материала,,02.2.05.05,
,,,,ACC010,Щебень известняковый,,,,,,
,,ACD,,,Щебень черный,,,По виду материала,,02.2.05.08,
,,ACE,,,Щебень из природного камня декоративный,"Неорганический зернистый сыпучий строительный материал, получаемый дроблением скальных горных пород и рассевом продуктов дробления",ГОСТ 25137-82,По виду материала,,02.2.05.06,
,,ACF,,,Гравий из плотных горных пород,"Неорганический зернистый сыпучий строительный материал, получаемый рассевом природных гравийно-песчаных смесей",ГОСТ 25137-82,По виду материала,,02.2.01.02,
,,,,ACF010,Гравий фракционированный,"Гравий, получаемый после обогащения путем разгрохотки карьерного гравийного материала с удалением зерен мельче 5 (3) мм и крупнее 70 (120) мм. Различают гравий по размерам зерен: 70-120 мм - очень крупный (галька); 40-70 мм - крупный; 20-40 мм - средний; 10-20 мм - мелкий",ОДМ 218.8.009-2017,,,,
,,,,ACF020,Гравий горный,"Неорганический сыпучий природный каменный материал, состоящий из окатанных зерен крупностью более 4 мм",ГОСТ 32703-2014,,,,
,,,,ACF030,Гравий овражный,,,,,,
,,,,ACF040,Гравий речной,,,,,,
,,,,ACF050,Гравий морской,,,,,,
,,,,ACF060,Гравий ледниковый,,,,,,
,,,,ACF070,Гравий озерный,,,,,,
,,ACG,,,Галька,,ГОСТ 25100-2020,По виду материала,,"02.2.01
",
,,,,ACG010,Галька гранитная,,,,,,
,,,,ACG020,Галька мраморная,,,,,,
,,,,ACG030,Галька кремниевая,,,,,,
,,,,ACG040,Галька природная,,,,,02.2.01.01,
,,ACH,,,"Гравий и щебень, полученные путем обжига",,,По виду материала,,,
,,,,ACH010,Гравий керамзитовый,"Искусственный пористый заполнитель ячеистого строения округлой или гравелистой формы с шероховатой поверхностью, полученный при вспучивании (увеличении в объеме) полуфабриката в результате обжига легкоплавкого глинистого сырья",ГОСТ 32496-2013,,,02.2.01.03,
,,,,ACH020,Гравий шунгизитовый,"Искусственный пористый заполнитель, полученный обжигом со вспучиванием подготовленных гранул (зерен) из шунгитового сырья, содержащего тонкораспределенный аморфный углерод - шунгит",ГОСТ 32496-2013,,,02.2.01.05,
,,,,ACH030,Гравий термолитовый,"Искусственный пористый заполнитель, полученный обжигом со спеканием и поризацией подготовленных гранул (зерен) из кремнистых пород (трепелов, диатомитов, опок)",ГОСТ Р 56507-2015,,,02.2.01.04,
,,,,ACH040,Гравий зольный,"Искусственный пористый заполнитель округлой формы, получаемый путем гранулирования золы-уноса ТЭС с последующим вспучиванием при обжиге гранул полуфабриката во вращающейся печи",ГОСТ 33928-2016,,,,
,,,,ACH050,Гравий аглопоритовый,"Искусственный пористый заполнитель, имеющий округлую или гравелистую форму, полученный спеканием песчано-глинистых пород на решетках агломерационной машины",ГОСТ 32496-2013,,,,
,,,,ACH060,Щебень керамзитовый,"Искусственный пористый заполнитель произвольной, преимущественно угловатой формы, полученный при вспучивании в результате обжига фракционированного камнеподобного глинистого сырья или дроблении керамзита фракции более 20 мм",ГОСТ 32496-2013,,,,
,,,,ACH070,Щебень аглопоритовый,"Искусственный пористый заполнитель, полученный спеканием песчано-глинистых пород на решетках агломерационной машины непрерывного или переменного действия",ГОСТ 32496-2013,,,02.2.05.02,
,,,,ACH080,Щебень термолитовый,"Искусственный пористый заполнитель произвольной, преимущественно угловатой формы, полученный спеканием и поризацией в результате обжига фракционированный камнеподобных кремнистых пород (трепела, диатомиты, опоки) или дроблением термолитового гравия крупных фракций и кусков",ГОСТ Р 56507-2015,,,,
,,,,ACH090,Щебень шлакопемзовый,"Техногенный пористый заполнитель, получаемый на основе поризации расплава шлаков металлургического производства ",ГОСТ 5578-2019,,,,
,,,,ACH100,Вспученный вермикулит,"Материал, получаемый вспучиванием при обжиге подготовленных зерен из природных видов гидратированной слюды",ГОСТ 25137-82,,,23.99.19.12.2.03.04-0001,
,AD,,,,Песок,"Неорганический сыпучий материал с крупностью зерен до 4,0 мм",ГОСТ Р 58402.1-2019,По виду материала,,,
,,ADA,,,Песок природный,"Неорганический зернистый сыпучий строительный материал, получаемый при разработке песчаных месторождений или рассеве природных гравийно-песчаных смесей",ГОСТ 25137-82,По виду материала,,02.3.01.02,
,,,,ADA010,"Песок из изверженных, метаморфических и осадочные пород",,,,,02.3.01.04,
,,,,ADA020,Песок кварцевый,,,,,02.3.01.07,
,,,,ADA030,Песок из горных пород вулканического происхождения,,,,,02.3.01.03,
,,,,ADA040,Песок баритовый,,,,,02.3.01.01,
,,,,ADA050,Обогащенный,"Песок с улучшенным зерновым составом, получаемый с применением специального обогатительного оборудования и поставляемый без разделения на фракции",ГОСТ 25137-82,,,02.3.01.05,
,,ADB,,,Дробленый песок,"Неорганический зернистый сыпучий строительный материал, получаемый измельчением скальных горных пород и гравия с использованием специального дробильно-размольного оборудования",ГОСТ 25137-82,По виду материала,,02.3.01.05,
,,,,ADB010,Песок из отсевов дробления,"Песок, получаемый при производстве щебня, в том числе обогащенный крупный песок без фракций размером 0,16-0,315 и 0-0,16 мм, мелкий песок без фракции размером 0-0,16 мм, а также фракционированный песок",ГОСТ 32021-2012,,,02.3.01.05,
,,ADC,,,Фракционированный песок,"Природный неорганический сыпучий материал, разделенный на две или более фракций с использованием специального оборудования",ГОСТ 8736-2014,По виду материала,,08.12.11.02.3.01.04-0001,
,,ADD,,,"Песок, полученный путем обжига",,,По виду материала,,,
,,,,ADD010,Вспученный перлитовый песок,,,,,23.99.19.12.2.03.04-0031,
,,,,ADD020,Диатомитовая обожженная крошка,,,,,23.99.19.12.2.03.04-0021,
,,,,ADD030,Песок керамзитовый,"Заполнитель с размером зерен от 0,16 до 5 мм, полученный при обжиге мелких фракций полуфабриката или дроблении керамзита",ГОСТ 32026-2012,,,02.3.01.08,
,,,,ADD040,Песок термолитовый,"Искусственный пористый заполнитель с насыпной плотностью не более 1200 кг/м и размерами зерен менее 5 мм, получаемый при обжиге кремнистых пород мелкой фракции или дроблением термолитовых гравия и щебня и имеющий стабильную структуру",ГОСТ Р 56507-2015,,,,
,,,,ADD050,Песок шунгизитовый,,,,,,
,,,,ADD060,Песок аглопоритовый,"Искусственный пористый заполнитель, получаемый при обжиге путем агломерации шихты или гранул полуфабриката из золы ТЭС",ГОСТ 33928-2016,,,,
,,,,ADD070,Песок шлакопемзовый,"Материал, являющийся отсевом фракции от 0 до 5 мм получаемый при дроблении шлаковой пемзы на фракционированный щебень. Шлаковая пемза имеет пористую ноздреватую структуру",ОДМ 218.3.087-2017,,,,
,AE,,,,Глинистые фракции,,,По виду материала,,,
,,AEA,,,Глина,"Связный минеральный грунт, обладающий числом пластичности > 17",ГОСТ 25100-2020,По виду материала,,02.1.01.01,
,,,,AEA010,Глины тугоплавкие,,,,,08.12.22.02.1.01.01-1006,
,,,,AEA020,Глины легкоплавкие,,,,,,
,,AEB,,,Суглинок,Смесь песка (до 40%) с глиной (до 30%),Р НОСТРОЙ 2.17.7-2013,По виду материала,,,Суглинки обычно включают примеси углекислого кальция и гидроокислов железа.
,,AEC,,,Супесь,Смесь песка (90%-97%) с глиной (3%-10%),Р НОСТРОЙ 2.17.7-2013,По виду материала,,,
,,AED,,,Мергель,"Известняк, содержащий глину и представляющий собой связную и довольно твердую породу серо-зеленоватого, бурого или желтого цвета. При содержании глины в количестве 5-10% порода называется мергелистым известняком, а до 25% - известняковым мергелем и до 60% мергелем. При выветривании мергель превращается в рыхлую массу - рухляк",ЕНиР Сборник Е2. Земляные работы,По виду материала,,,
,AF,,,,Смеси минеральные,,,По виду материала,,,
,,,,AF010,Смесь песчано-гравийная,"Строительный материал, представляющий собой смесь песка и гравия",ГОСТ 23735-2014,,,02.2.04.03,
,,,,AF020,Смесь щебеночно-песчаная,,ГОСТ 25607-2009,,,02.2.04.04,
,,,,AF030,Смесь бентонитовая,,,,,,
,,,,AF040,Смесь керамзито-дробленная,,,,,02.2.04.02,
,AG,,,,Материалы на основе горных пород,,ГОСТ 30629-2011,По виду материала,,,
,,AGA,,,Стекло,"Аморфное тело, получаемое путем переохлаждения расплава независимо от его химического состава и температурной области затвердевания и обладающее в результате постепенного увеличения вязкости механическими свойствами твердых тел, причем процесс перехода из жидкого состояния в стеклообразное должен быть обратимым",ГОСТ 32539-2013,По виду материала,,01.8.02,
,,,AGAA,,Стекло листовое,"Изделие из стекла, изготовленное методами флоат, вертикального вытягивания или непрерывного проката без дополнительной обработки поверхностей, имеющее вид плоского прямоугольного листа",ГОСТ 32539-2013,,,01.8.02.06,
,,,,AGAA010,Кварцевое стекло,"Силикатное стекло, единственным компонентом которого является оксид кремния",ГОСТ 32539-2013,,,,
,,,,AGAA020,Натриево-силикатное стекло,,,,,,
,,,,AGAA030,Алюмосиликатное стекло,,,,,,
,,,,AGAA040,Известковое стекло,,,,,,
,,,,AGAA050,Свинцовое стекло,"Стекло с большим процентным содержанием соединений свинца для ослабления излучения, проходящего через него, которое используется как прозрачный защитный барьер",ГОСТ Р МЭК 60050-881-2008,,,,
,,,,AGAA060,Боросиликатное стекло,"Силикатное стекло, характеризующим компонентом которого является оксид бора",ГОСТ 32539-2013,,,,
,,,,AGAA070,Боратное стекло,,,,,,
,,,,AGAA080,Фосфатное стекло,,,,,,
,,,AGAB,,Пеностекло,"Материал в виде затвердевшей стеклянной пены с герметически закрытыми порами, заполненными смесью различных газов, изготовляемый в виде блоков или плит и предназначенный для теплозвукоизоляции ",СТ СЭВ 2439-80,,,23.19.12.01.7.10.15-0024,
,,,,AGAB010,Гранулированное пеностекло,"Сыпучее пеностекло в виде частиц размером в диапазоне 5-40 мм, имеющих форму, близкую к сферической, и неразвитую поверхность, отличную от внутреннего ячеистого строения частиц, выпускаемое в виде фракций размером 5-10, 10-20, 20-40 мм",ГОСТ 33676-2015,,,,
,,,,AGAB020,Блочное пеностекло,,ГОСТ 33676-2015,,,,
,,AGB,,,Минеральная вата,"Теплоизоляционный материал, имеющий структуру ваты и изготовленный из расплава горной породы, шлака или стекла","
ГОСТ 4640-2011",По виду материала,,23.99.19.12.2.03.02-0002,
,,,,AGB010,Базальтовая вата,,,,,,
,,,,AGB020,Стекловата,"Синтетическое некристаллическое изоляционное волокно на основе химического состава из кальция, магния и кремния, имеющее повышенную растворимость в жидких средах",ГОСТ Р 53682-2009,,,,
,,,,AGB030,Шлаковая вата,"Минеральная вата, полученная из расплава доменного шлака",ГОСТ 31913-2011,,,,
,,AGC,,,Минеральные вяжущие вещества,,,По виду материала,,,
,,,AGCA,,Гипсовые вяжущие вещества,"Вяжущее, состоящее из сульфата кальция в различных фазах гидратации, например полугидрат и ангидрит",ГОСТ Р 57957-2017,,,03.1.01.01,
,,,,AGCA010,Строительный гипс,,,,,03.1.01.01,
,,,,AGCA020,Высокопрочный гипс,,,,,03.1.01.01,
,,,,AGCA030,Формовочный гипс,,,,,,
,,,,AGCA040,Ангидрит (ангидритовый цемент),,,,,,
,,,,AGCA050,Высокообжиговый гипс (эстрих-гипс),,,,,,
,,,AGCB,,Цементы,"Порошкообразный строительный вяжущий материал, который обладает гидравлическими свойствами, состоит из клинкера и при необходимости гипса или других материалов, содержащих в основном сульфат кальция, минеральных добавок",ГОСТ Р 58033-2017,,,"03.2
",
,,,,AGCB010,Портландцемент бездобавочный,,ГОСТ 1581-96,,,03.2.01.01,
,,,,AGCB020,Портландцемент с минеральными добавками,,ГОСТ 10178-85,,,03.2.01.02,
,,,,AGCB030,Цемент глиноземистый,"Специальные цементы, получаемые тонким измельчением глиноземистого клинкера, обеспечивающие быстрое твердение растворов и бетонов
",ГОСТ 969-2019,,,03.2.01.03,
,,,,AGCB040,Композиционный портландцемент,,"
ГОСТ 31108-2016",,,"23.51.12.03.2.02.11-1002
23.51.12.03.2.02.11-1004
23.51.12.03.2.02.11-1006",
,,,,AGCB050,Цементы специальные,,ГОСТ 30515-2013,,,"03.2.02
",
,,,AGCC,,Известь строительная,"Известь, предназначенная для изготовления строительных материалов и изделий",ГОСТ 9179-2018,,,03.1.02.03,
,,,,AGCC010,Известь воздушная,"Известь, твердеющая в воздушно-сухих условиях под воздействием диоксида углерода. Воздушная известь не обладает гидравлическими свойствами и подразделяется на две подгруппы: кальциевую известь и доломитовую известь",ГОСТ 9179-2018,,,,
,,,,AGCC020,Известь гидравлическая,"Известь, твердеющая в воде или на воздухе при смешивании с водой, состоящая из гидроксида кальция, силикатов кальция и алюминатов кальция",ГОСТ 9179-2018,,,23.52.10.03.1.02.02-0013,
,,,AGCD,,Магнезиальные вяжущие вещества,,,,,,
,,,,AGCD010,Каустический магнезит,,,,,,
,,,,AGCD020,Каустический доломит,,,,,,
,,,AGCE,,Смешанные вяжущие,,ГОСТ 31357-2007,,,,
,,,,AGCE010,Смешанные гипсовые вяжущие,,ГОСТ Р 58275-2018,,,,
,,,,AGCE020,Смешанные известковые вяжущие,,,,,,
,,AGD,,,Материалы хризотилсодержащие,,,По виду материала,,"01.1.02
",
,,,AGDA,,Асботекстолит,,ГОСТ 5-78,,,01.1.02.01,
,,,AGDB,,Асбозурит,,ТУ 36-130-83,,,23.99.19.12.2.03.15-0001,
,,,AGDC,,Бумага асбестовая,,ГОСТ 23779-95,,,01.1.02.02,
,,,AGDD,,Картон асбестовый,,ГОСТ 2850-95,,,01.1.02.04,
,,,AGDE,,Набивка асбестовая,,ГОСТ 5152-84,,,01.1.02.05,
,,,AGDF,,Паронит,,ГОСТ 481-80,,,01.1.02.06,
,,,AGDG,,Ткань асбестовая,,ГОСТ 6102-94,,,01.1.02.09,
,,,AGDH,,Хризотил,"Волокнистый минерал класса силиката, группы серпентина, имеющий химический состав близкий к Mg3Si2O5(OH)4, щелочестоек, не растворим в воде, химически инертен",ГОСТ 12871-2013,,,01.1.02.10,
,,,,AGDH010,Хризотил специального назначения,,ГОСТ 12871-2013,,,"08.99.29.01.1.02.10-1010
08.99.29.01.1.02.10-1012",
,,,AGDJ,,Совелит,,,,,,
,,,,AGDJ010,Совелитовый порошок,,,,,,
,,,AGDK,,Асбестомагнезиальный порошок,,ГОСТ 4.209-79,,,,
,,,AGDL,,Лист хризотилцементный,,"ГОСТ 18124-2012
ГОСТ 30340-2012
КРС",,,"01.1.01.04
01.1.01.05",
,,AGE,,,Материалы на основе муллитокремнеземистой ваты,,ГОСТ 23619-79,По виду материала,,,
,,,,AGE010,Муллитокремнеземистая вата,"Теплоизоляционный материал, предназначенный в том числе для изготовления теплоизоляционных огнеупорных изделий",ГОСТ 23619-79,,,,
,,,,AGE020,Муллитокремнеземистый войлок,,ГОСТ 23619-79,,,23.20.13.17.1.02.03-0011,
,,,,AGE030,Муллитокремнеземистый хромсодержащий войлок,,ГОСТ 23619-79,,,23.20.13.17.1.02.03-1000,
,,,,AGE040,Муллитокремнеземистый рулонный материал,,ГОСТ 23619-79,,,23.20.13.17.1.02.03-0031,
,,,,AGE050,Муллитокремнеземистый хромсодержащий рулонный материал,,ГОСТ 23619-79,,,23.20.13.17.1.02.03-0042,
,,,,AGE060,Муллитокремнеземистый фетр,,ГОСТ 23619-79,,,23.20.13.17.1.02.03-0041,
,,AGF,,,Материалы из минералов,,ГОСТ Р 58407.3-2020,По виду материала,,,
,,,,AGF010,Миканит,,ГОСТ 6121-75,,,01.7.05.05,
,,AGG,,,Волокна и фибра минеральные,,ГОСТ Р ИСО 6938-2014,По виду материала,,,
,,,AGGA,,Волокно,,,,,,
,,,,AGGA010,Углеродное волокно,"Волокно для армирования полимерных композитов, образуемое путем пиролиза органических волокон прекурсоров и содержащее не менее 90% масс. Углерода",ГОСТ 32794-2014,,,,
,,,,AGGA020,Базальтовое волокно,,,,,,
,,,,AGGA030,Стеклянное волокно,,ГОСТ Р 56212-2014,,,12.2.03.09,
,,,,AGGA040,Борное волокно,,ГОСТ Р 56787-2015,,,,
,,,,AGGA050,Волокно из кварца,,ГОСТ Р 56212-2014,,,,
,,,,AGGA060,Волокно асбестовое,"Волокно, получаемое путем разделения на тонкие нити минеральных силикатов естественного происхождения, имеющих кристаллическую структуру",ГОСТ 31913-2011,,,01.1.02.03,
,,,AGGB,,Фибра,"Волокна из различных материалов, используемые для дисперсного армирования бетона",СТО НОСТРОЙ 2.29.113-2013,,,"08.4.01.05
25.1.06.04",
,,,,AGGB010,Фибра стеклянная,,,,,,
,,,,AGGB020,Фибра базальтовая,,,,,,
,AH,,,,Грунты,"Горные породы, почвы, техногенные образования, представляющие собой многокомпонентную и многообразную геологическую систему и являющиеся объектом инженерно-хозяйственной деятельности человека. Может служить материалов основания зданий и сооружений",СП 25.13330.2012,По виду материала,,02.1.01.02,
,,AHA,,,Местный грунт,"Грунты, разработанные в траншее или имеющиеся на стройплощадке (песчаные, глинистые, за исключением твердых глин, природные песчано-гравийные смеси без крупных включений)",СТО НОСТРОЙ 2.25.114-2013,По виду материала,,,
,,AHB,,,Плодородный грунт,"Грунт, искусственно формируемый из минерального и органического материала и обладающий заданными физическими, химическими и биологическими свойствами или состоящий из нарушенного субстрата естественно-природных гумусовых горизонтов. В плодородном грунте не должно быть включений бытового и строительного мусора. Содержание физической глины (фракции <0,01 мм) - не менее 30-40%, содержание гумуса - 3-4%, рН - 5,5-7",ТСН 30-307-2002,По виду материала,,08.12.12.02.1.01.02-1000,
,,AHC,,,Смеси грунтосодержащие,,,По виду материала,,"02.1.02
",
,,,,AHC010,Смесь битумно-грунтовая,,,,,02.1.02.01,
,,,,AHC020,Смесь цементно-грунтовые,,,,,02.1.02.02,
,,AHD,,,Торф,"Органическая горная порода, образующая в результате отмирания и неполного распада болотных растений в условиях повышенного увлажнения при недостатке кислорода и содержания не более 50% минеральных компонентов на сухое вещество",ГОСТ 21123-85,По виду материала,,16.2.01.03,
B,,,,,Органические материалы и соединения,,,По виду материала,,,
,BA,,,,Древесина и материалы на основе древесины,,ГОСТ 16483.10-73,По виду материала,,,
,,BAA,,,Древесина твердых пород,"Древесина всех широколиственных деревьев, составляющих листопадные леса, которая относительно тверже и долговечнее по сравнению с мягкой древесиной хвойных деревьев",ГОСТ Р 58033-2017,По виду материала,,,
,,,,BAA010,Бук,,СП 64.13330.2017,,,,
,,,,BAA020,Вишня,,,,,"02.10.11.16.2.02.02-1008
02.10.11.16.2.02.02-0041
02.10.11.16.2.02.02-0042
02.10.11.16.2.02.02-0043 ",
,,,,BAA030,Дуб,,СП 64.13330.2017,,,"02.10.11.16.2.02.02-0081
02.10.11.16.2.02.02-0082
02.10.11.16.2.02.02-0084",
,,,,BAA040,Клен,,СП 64.13330.2017,,,"02.10.11.16.2.02.02-0141
02.10.11.16.2.02.02-1002
02.10.11.16.2.02.02-0131
02.10.11.16.2.02.02-0132
02.10.11.16.2.02.02-0133
02.10.11.16.2.02.02-0134
02.10.11.16.2.02.02-1004 ",
,,,,BAA050,Мербау,,,,,,
,,,,BAA060,Орех,,,,,"02.10.11.16.2.02.02-0181
02.10.11.16.2.02.02-0182",
,,,,BAA070,Ясень,,СП 64.13330.2017,,,"02.10.11.16.2.02.02-0261
02.10.11.16.2.02.02-0262",
,,BAB,,,Древесина мягких пород,"Древесина в основном вечнозеленых хвойных пород. Из лиственных пород на территории России это ольха, липа, осина, береза",ГОСТ Р 58033-2017,По виду материала,,,
,,,,BAB010,Береза,,СП 64.13330.2017,,,"02.10.11.16.2.02.02-0022
02.10.11.16.2.02.02-0023
02.10.11.16.2.02.02-0024
02.10.11.16.2.02.02-0021",
,,,,BAB020,Липа,,СП 64.13330.2017,,,"02.10.11.16.2.02.02-0152
02.10.11.16.2.02.02-0153
02.10.11.16.2.02.02-0151",
,,,,BAB030,Осина,,СП 64.13330.2017,,,,
,,,,BAB040,Ольха,,СП 64.13330.2017,,,02.10.11.16.2.02.02-0171,
,,,,BAB050,Ель,,СП 64.13330.2017,,,"02.10.11.16.2.02.03-0001
02.10.11.16.2.02.03-0002
02.10.11.16.2.02.03-0003
02.10.11.16.2.02.03-0004
02.10.11.16.2.02.03-0005
02.10.11.16.2.02.03-0006
02.10.11.16.2.02.03-0007
02.10.11.16.2.02.03-0008
02.10.11.16.2.02.03-0009
02.10.11.16.2.02.03-0010
02.10.11.16.2.02.03-1040
02.10.11.16.2.02.03-1042
02.10.11.16.2.02.03-1044
02.10.11.16.2.02.03-1046
02.10.11.16.2.02.03-1048
02.10.11.16.2.02.03-1050
02.10.11.16.2.02.03-1052
02.10.11.16.2.02.03-1054
02.10.11.16.2.02.03-1056
02.10.11.16.2.02.03-1062
02.10.11.16.2.02.03-1064 ",
,,,,BAB060,Кедр,,СП 64.13330.2017,,,02.10.11.16.2.02.03-0011,
,,,,BAB070,Лиственница,,СП 64.13330.2017,,,"02.10.11.16.2.02.03-0021
02.10.11.16.2.02.03-0022
02.10.11.16.2.02.03-0023
02.10.11.16.2.02.03-0024
02.10.11.16.2.02.03-0025
02.10.11.16.2.02.03-0026",
,,,,BAB080,Пихта,,СП 64.13330.2017,,,"02.10.11.16.2.02.03-0031
02.10.11.16.2.02.03-0032
02.10.11.16.2.02.03-0034
02.10.11.16.2.02.03-0035
02.10.11.16.2.02.03-0036
02.10.11.16.2.02.03-0037
02.10.11.16.2.02.03-0038
02.10.11.16.2.02.03-0039
02.10.11.16.2.02.03-0040",
,,,,BAB090,Сосна,,СП 64.13330.2017,,,"02.10.11.16.2.02.03-0046
02.10.11.16.2.02.03-0047
02.10.11.16.2.02.03-0048
02.10.11.16.2.02.03-0049
02.10.11.16.2.02.03-0050
02.10.11.16.2.02.03-0051
02.10.11.16.2.02.03-0052
02.10.11.16.2.02.03-0053
02.10.11.16.2.02.03-0054
02.10.11.16.2.02.03-0055
02.10.11.16.2.02.03-0056
02.10.11.16.2.02.03-1058
02.10.11.16.2.02.03-1060",
,,BAC,,,Шпон,"Тонкий лист древесины заданной толщины, полученный при лущении",ГОСТ 33124-2014,По виду материала,,11.2.11.07,
,,,,BAC010,Лущёный шпон,"Шпон заданной толщины, полученный при лущении фанерного чурака",ГОСТ 15812-87,,,,
,,,,BAC020,Строганый шпон,"Шпон, полученный при строгании бруса или ванчеса",ГОСТ 15812-87,,,,
,,,,BAC030,Пилёный шпон,,,,,,
,,BAD,,,Целлюлозная вата (эковата),,,По виду материала,,,
,,BAE,,,Бумага и картон,,"
ГОСТ 19088-89",По виду материала,,"01.7.02
",
,,,,BAE010,Бумага мешочная,,,,,01.7.02.01,
,,,,BAE020,Бумага оберточная,,,,,01.7.02.02,
,,,,BAE030,Бумага упаковочная,,,,,01.7.02.03,
,,,,BAE040,Бумага электроизоляционная,,ГОСТ 24874-91,,,01.7.02.04,
,,,,BAE050,Гетинакс,,ГОСТ 2718-74,,,01.7.02.05,
,,,,BAE060,Картон строительный,,,,,01.7.02.06,
,,,,BAE070,Картон электроизоляционный,,ГОСТ 2824-86,,,01.7.02.07,
,,,,BAE080,Шпагат бумажный,,,,,01.7.02.09,
,,BAF,,,Кора древесная,, ТУ 2186-001-00501819-2014,По виду материала,,20.15.79.16.3.02.02-1010,
,,,BAFA,,Пробка,,ГОСТ 20350-74,,,,
,,,,BAFA010,Техническая пробка,,,,,,
,,,,BAFA020,Пробковый агломерат,,,,,,
,,BAG,,,Уголь древесный,,ГОСТ 7657-84,По виду материала,,01.7.07.21,
,,BAH,,,Древесина измельченная,"Древесные частицы различной формы и величины, получаемые в результате механической обработки",ГОСТ 23246-78,По виду материала,,,
,,,,BAH010,Щепа,"Измельченная древесина установленных размеров, получаемая в результате измельчения древесного сырья рубильными машинами и специальными устройствами, используемая в качестве технологического сырья или топлива ",ГОСТ 17462-84,,,16.10.23.16.2.03.02-0012,
,,,,BAH020,Дробленка,"Древесные частицы, полученные при измельчении древесины на дробилках и молотковых мельницах",ГОСТ 23246-78,,,,
,,,,BAH030,Древесная стружка,"Тонкие древесные частицы, образующиеся при резании древесины",ГОСТ 23246-78,,,,
,,,,BAH040,Древесные опилки,"Мелкие частицы древесины, образующиеся в процессе пиления",ГОСТ 23246-78,,,20.59.59.01.7.07.29-0091,
,,,,BAH050,Древесная мука,"Древесные частицы заданного гранулометрического состава, полученные путем сухого механического размола древесины",ГОСТ 23246-78,,,,
,,,,BAH060,Древесная пыль,Несортированные древесные частицы размером менее 1 мм,ГОСТ 23246-78,,,,
,BB,,,,Битумы и битумные вяжущие,,,По виду материала,,,
,,BBA,,,Битум нефтяной строительный,,ГОСТ 6617-76,По виду материала,,01.2.01.02,
,,,,BBA010,Битум нефтяной строительный модифицированный,,,,,19.20.42.01.2.01.02-0021,
,,,,BBA020,Битум нефтяной высокоплавкий,,ГОСТ 781-78,,,"23.99.12.01.2.01.02-0056
23.99.12.01.2.01.02-0058",
,,,,BBA030,Битум нефтяной хрупкий,,"
ГОСТ 21822-87",,,"23.99.12.01.2.01.02-0062
23.99.12.01.2.01.02-0064
23.99.12.01.2.01.02-0066",
,,BBB,,,Битум нефтяной дорожный,,ГОСТ 33141-2014,По виду материала,,01.2.01.01,
,,,,BBB010,Битум нефтяной дорожный жидкий,,ГОСТ 11955-82,,,"19.20.42.01.2.01.01-0001
19.20.42.01.2.01.01-0002",
,,,,BBB020,Битум нефтяной дорожный вязкий,,ГОСТ 33141-2014,,,"19.20.42.01.2.01.01-1028
19.20.42.01.2.01.01-1030
19.20.42.01.2.01.01-1032
19.20.42.01.2.01.01-1034
19.20.42.01.2.01.01-1036
19.20.42.01.2.01.01-1038
19.20.42.01.2.01.01-1040
19.20.42.01.2.01.01-1042
19.20.42.01.2.01.01-1044
19.20.42.01.2.01.01-1046
19.20.42.01.2.01.01-1048",
,,,,BBB030,Битум нефтяной дорожный модифицированный,,,,,19.20.42.01.2.01.01-1062,
,,,,BBB040,Битум нефтяной дорожный улучшенный,,,,,"19.20.42.01.2.01.01-0012
19.20.42.01.2.01.01-0013
19.20.42.01.2.01.01-0014
19.20.42.01.2.01.01-0015
19.20.42.01.2.01.01-0016
19.20.42.01.2.01.01-0017
19.20.42.01.2.01.01-0018
19.20.42.01.2.01.01-0019
19.20.42.01.2.01.01-0020",
,,,,BBB050,Битум нефтяной дорожный неокисленный,,,,,"19.20.42.01.2.01.01-1064
19.20.42.01.2.01.01-1066",
,,BBC,,,Вяжущее битумное,,ГОСТ 31740-2012,По виду материала,,,
,,,,BBC010,Вяжущее полимерно-битумное,, СТО 94108962-001-2016,,,01.2.03.01,
,,,,BBC020,Мастика вяжущая полимерно-битумная,,ГОСТ 30693-2000,,,01.2.03.03,
,,BBD,,,Гудрон (полугудрон),,ГОСТ 32264-2013,По виду материала,,23.99.12.01.2.03.08-0001,
,BC,,,,Смолы и латекс природные,,,По виду материала,,,
,,BCA,,,Природный каучук,,ГОСТ 28246-2017,По виду материала,,,
,,,,BCA010,Полуэбонит,,,,,01.7.19.05,
,,,,BCA020,Эбонит,,ГОСТ 21341-2014,,,01.7.19.05,
,,BCB,,,Канифоль,,ГОСТ 19113-84,По виду материала,,01.3.05.17,
,,BCC,,,Деготь древесный,,СТО 70238424.27.100.003-2008,По виду материала,,01.2.02.01,
,,,,BCC010,Деготь каменноугольный дорожный,,,,,01.2.02.01,
,,BCD,,,Природный асфальт,,,По виду материала,,,
,,BCE,,,Озокерит (горный воск),,,По виду материала,,,
,,BCF,,,Пек,,ГОСТ 32264-2013,По виду материала,,01.7.07.11,
,BD,,,,Олифы натуральные,,ГОСТ 7931-76,По виду материала,,14.5.05.02,
,,,,BD010,Олифа льняная,,,,,,
,,,,BD020,Олифа конопляная,,,,,,
,BE,,,,Органические соединения,,,По виду материала,,,
,,,,BE010,Ангидрид,,ГОСТ 24445.1-80,,,01.3.05.04,
,,,,BE020,Глицерин,,,,,01.3.05.09,
,,,,BE030,Фенол,,ГОСТ 11235-2017,,,01.3.05.33,
,,,,BE040,Церезин,,ГОСТ 2488-79,,,01.7.07.25,
,BF,,,,Материалы растительного происхождения,,,По виду материала,,,
,,BFA,,,Газон готовый рулонный,"Тонкий слой дернины, образованной переплетением корней и подземных побегов некоторых видов многолетних злаковых трав, получаемой путем срезания специальным комбайном верхнего слоя 2-3 летнего газона из мятлика лугового, овсяницы красной, райграса пастбищного в виде ковриков",ОДМ 218.2.064-2015,По виду материала,,16.2.03.01,
,,BFB,,,Дерн,,,По виду материала,,01.11.50.16.2.03.02-0001,
,,BFC,,,Мох,,,По виду материала,,01.11.50.16.2.03.02-0021,
,,BFE,,,Пакля,,,По виду материала,,20.59.59.01.7.07.29-0111,
,,BFF,,,Джут,"Род кустарников, полукустарников и трав семейства мальвовые, прядильная культура",СТО 79407897-002-2010,По виду материала,,13.20.14.01.7.20.03-0012,
,,BFG,,,Солома,,,По виду материала,,,
,,,,BFG010,Солома песчаного овса,,,,,01.11.50.16.2.03.02-0031,
,,,,BFG020,Солома прессованная,,,,,01.11.50.16.2.03.02-0032,
,,,,BFG030,Солома рассыпная,,,,,01.11.50.16.2.03.02-0033,
,BG,,,,Материалы посадочные,,,По виду материала,,,
,,BGA,,,Семена,,,По виду материала,,"16.2.02.07
16.2.02.08",
,,,BGAA,,Семена трав,,,,,16.2.02.07,
,,,BGAB,,Семена цветов,,,,,16.2.02.06,
,,,BGAC,,Семена хвойных пород,,,,,16.2.02.08,
,,,BGAD,,Семена лиственных пород,,,,,,
,,BGB,,,Саженцы,,,По виду материала,,,
,,,BGBA,,Рассада цветов однолетних,,,,,,
,,,BGBB,,Саженцы многолетних цветов,,,,,,
,,,BGBC,,Саженцы кустарников,,,,,"16.2.02.04
16.2.02.05",
,,,BGBD,,Саженцы деревьев,,,,,16.2.02.09,
,,,BGBE,,Саженцы крупномерных деревьев,,,,,16.2.02.09,
C,,,,,Материалы на основе вяжущих веществ,,ГОСТ 4.204-79,По виду материала,,,
,CA,,,,Смеси строительные,,ГОСТ 31357-2007,По виду материала,,"04.3.02
",
,,CAA,,,Смеси сухие строительные на цементных вяжущих,,ГОСТ 31357-2007,По виду материала,,04.3.02.09,
,,,,CAA010,Смесь сухая строительная на цементном вяжущем,,ГОСТ 31357-2007,,,04.3.02.09,
,,,,CAA020,Смесь сухая строительная клеевая на цементном вяжущем,,,,,23.64.10.04.3.02.09-1018,
,,,,CAA030,Смесь сухая строительная на цементном вяжущем для штукатурных работ,, ТУ 5745-015-54622672-2013,,,"23.64.10.04.3.02.09-1010
23.64.10.04.3.02.09-1014
23.64.10.04.3.02.09-1501
23.64.10.04.3.02.09-1502
23.64.10.04.3.02.09-1515
23.64.10.04.3.02.09-1516
23.64.10.04.3.02.09-1522
23.64.10.04.3.02.09-1526
23.64.10.04.3.02.09-3244
23.64.10.04.3.02.16-0002
23.64.10.04.3.02.16-0012",
,,,,CAA040,Смесь сухая строительная шпатлевочная на цементном вяжущем,,,,,"23.64.10.04.3.02.09-1008
23.64.10.04.3.02.09-1009
20.30.22.04.3.02.09-1024
23.64.10.04.3.02.09-1401
23.64.10.04.3.02.09-1402
23.64.10.04.3.02.09-3243",
,,,,CAA050,Смесь сухая строительная напольная на цементном вяжущем,,,,,"04.3.02.01
23.64.10.04.3.02.09-0696
23.64.10.04.3.02.09-0698",
,,,,CAA060,Смесь хризотилцементная,,,,,23.99.11.01.1.02.07-0001,
,,CAB,,,Смеси сухие строительные на гипсовых вяжущих,,ГОСТ Р 58276-2018,По виду материала,,04.3.02.05,
,,,,CAB010,Смесь сухая строительная на гипсовом вяжущем,,ГОСТ Р 58276-2018,,,04.3.02.05,
,,,,CAB020,Смесь сухая строительная клеевая на гипсовом вяжущем,,ГОСТ Р 58275-2018,,,23.64.10.04.3.02.05-1004,
,,,,CAB030,Смесь сухая строительная шпатлевочная на гипсовом вяжущем,,ГОСТ Р 58278-2018,,,"23.64.10.04.3.02.05-0020
23.64.10.04.3.02.05-1001
23.64.10.04.3.02.05-1002
23.64.10.04.3.02.05-1003
23.64.10.04.3.02.05-1005",
,,,,CAB040,Смесь сухая строительная штукатурная на гипсовом вяжущем,,,,,"23.64.10.04.3.02.05-1000
23.64.10.04.3.02.05-0012
23.64.10.04.3.02.05-0014
23.64.10.04.3.02.05-0016
23.64.10.04.3.02.16-0008
23.64.10.04.3.02.16-0018",
,,CAC,,,Смеси сухие строительные на известковых вяжущих,,ГОСТ 31189-2015,По виду материала,,"23.64.10.04.3.02.16-0006
23.64.10.04.3.02.16-0016",
,,CAD,,,Смеси сухие строительные на магнезиальных вяжущих,,ГОСТ 31189-2015,По виду материала,,,
,,CAE,,,Смеси сухие строительные на полимерных вяжущих,,ГОСТ 31189-2015,По виду материала,,04.3.02.08,
,,,,CAE010,Смесь на акриловой основе,,,,,04.3.02.06,
,,,,CAE020,Пол наливной эпоксидные,,,,,04.3.02.03,
,,,,CAE030,Пол наливной полиуретановые,,,,,04.3.02.02,
,,,,CAE040,Смесь на полимерной основе,,,,,04.3.02.08,
,,CAF,,,Смеси сухие строительные на смешанных вяжущих,,ГОСТ 31189-2015,По виду материала,,04.3.02.13,
,,,,CAF010,Смесь цементно-известково-песчаная,,,,,04.3.02.12,
,,CAG,,,Смеси асфальтобетонные и асфальтобетон щебеночно-мастичные,,ГОСТ 31015-2002,По виду материала,,"04.2.03
",
,,,CAGA,,Смесь асфальтобетонная щебеночно-мастичная,,ГОСТ 31015-2002,,,04.2.03.01,
,,,CAGB,,Смесь асфальтобетонная,"Рационально подобранная смесь минеральных материалов [щебня (гравия) и песка с минеральным порошком или без него] с битумом, взятых в определенных соотношениях и перемешанных в нагретом состоянии",ГОСТ 9128-2013,,,"04.2
",
,,,,CAGB010,Смесь асфальтобетонная высокоплотная,,ГОСТ 9128-2013,,,,
,,,,CAGB020,Смесь асфальтобетонная плотная,,ГОСТ 9128-2013,,,"23.99.13.04.2.01.01-0031
23.99.13.04.2.01.01-0032
23.99.13.04.2.01.01-0035
23.99.13.04.2.01.01-0039
23.99.13.04.2.01.01-0040
23.99.13.04.2.01.01-0041
23.99.13.04.2.01.01-0042
23.99.13.04.2.01.01-0043
23.99.13.04.2.01.01-0044
23.99.13.04.2.01.01-0045
23.99.13.04.2.01.01-0046
23.99.13.04.2.01.01-0047
23.99.13.04.2.01.01-0048
23.99.13.04.2.01.01-0049
23.99.13.04.2.01.01-0050
23.99.13.04.2.01.01-0051
23.99.13.04.2.01.01-0052
23.99.13.04.2.01.01-0053
23.99.13.04.2.01.01-0054
23.99.13.04.2.01.01-0055
23.99.13.04.2.01.01-0056
23.99.13.04.2.01.01-0057",
,,,,CAGB030,Смесь асфальтобетонная пористая,,ГОСТ 9128-2013,,,"23.99.13.04.2.01.02-0003
23.99.13.04.2.01.02-0004
23.99.13.04.2.01.02-0005
23.99.13.04.2.01.02-0006
23.99.13.04.2.01.02-0007
23.99.13.04.2.01.02-0008
23.99.13.04.2.01.02-0011
23.99.13.04.2.01.02-0012
23.99.13.04.2.01.02-0014",
,,,,CAGB040,Смесь асфальтобетонная высокопористая,,ГОСТ 9128-2013,,,23.99.13.04.2.01.02-0002,
,,,CAGC,,Смесь полимерасфальтобетонная,"Рационально подобранная смесь минеральных материалов (щебня, песка и минерального порошка), взятых в регламентированных настоящим стандартом соотношениях, с ПБВ и перемешанных в нагретом состоянии",ГОСТ 9128-2013,,,,
,,,,CAGC010,Смесь резинобитумная асфальтобетонная,,СТО 48853999-004-2016,,,,
,CB,,,,Растворы строительные,"Искусственный камневидный материал, представляющий собой затвердевшую растворную смесь.",ГОСТ Р 58766-2019,По виду материала,,,
,,CBA,,,Раствор строительный на основе гипсовых вяжущих,,ГОСТ 28013-98,По виду материала,,,
,,CBB,,,Раствор строительный на основе извести строительной,,ГОСТ 28013-98,По виду материала,,04.3.01.07,
,,,,CBB010,Раствор известковый,,ГОСТ 28013-98,,,04.3.01.07,
,,,,CBB020,Раствор известково-песчаный,,ГОСТ 28013-98,,,,
,,CBC,,,Раствор строительный на основе портландцемента и шлакопортландцемента,,ГОСТ 28013-98,По виду материала,,,
,,,,CBC010,Раствор на цементном вяжущем,,ГОСТ 28013-98,,,,
,,CBD,,,Раствор строительный на основе цемента пуццоланового,,ГОСТ 28013-98,По виду материала,,,
,,CBE,,,Раствор строительный на основе цемента,,ГОСТ 28013-98,По виду материала,,,
,,,,CBE010,Раствор цементно-песчаный,,ГОСТ 28013-98,,,,
,,,,CBE020,Раствор металлоцементный,,,,,04.3.01.08,
,,,,CBE030,Раствор цементно-глиняный,,ГОСТ 28013-98,,,04.3.01.11,
,,,,CBE040,Раствор асбоцементный,,,,,04.3.01.03,
,,CBF,,,Раствор строительный на основе глины,,ГОСТ 28013-98,По виду материала,,04.3.01.04,
,,,,CBF010,Раствор глиняный,,ГОСТ 28013-98,,,23.64.10.04.3.01.04-0001,
,,CBG,,,Раствор строительный на основе смешанных вяжущих,,ГОСТ 28013-98,По виду материала,,,
,,,,CBG010,Известково-гипсовый раствор,,ГОСТ 28013-98,,,23.64.10.04.3.01.13-0002,
,,,,CBG020,Глинисто-известковый раствор,,ГОСТ 28013-98,,,,
,,,,CBG030,Цементно-известковый раствор,,ГОСТ 28013-98,,,04.3.01.12,
,,CBH,,,Раствор строительный на основе иных видов вяжущих,,ГОСТ 28013-98,По виду материала,,04.3.01.13,
,,,,CBH010,Раствор грунтовый,,ГОСТ 28013-98,,,04.3.01.05,
,,CBJ,,,Раствор строительный сульфатостойкий,,ГОСТ 28013-98,По виду материала,,,
,CC,,,,Составы на основе цемента,,,По виду материала,,20.30.22.14.2.05.01-1006,
,,,,CC010,Изоляционный песчано-цементный состав,,,,,,
,CD,,,,Смеси бетонные,"Готовая к применению перемешанная однородная смесь вяжущего, заполнителей и воды с добавлением или без добавления химических и минеральных добавок, которая после уплотнения, схватывания и твердения превращается в бетон",ГОСТ 7473-2010,По виду материала,,"04.1
",
,,CDA,,,Бетонные смеси тяжелого бетона (бст),,ГОСТ 7473-2010,По виду материала,,"04.1.02.02
04.1.02.03
04.1.02.04
04.1.02.05
04.1.02.06",
,,,,CDA010,Смесь бетонная для тяжелого конструкционного бетона,,,,,04.1.02.05,
,,,,CDA020,Смесь бетонная для тяжелого бетона (бст) для транспортного строительства,,,,,04.1.02.04,
,,,,CDA030,Смесь бетонная для тяжелого бетона (бст) для дорожных и аэродромных покрытий,,,,,04.1.02.03,
,,,,CDA040,Смесь бетонная для тяжелого бетона (бст) для гидротехнических сооружений,,,,,04.1.02.02,
,,CDB,,,Бетонные смеси мелкозернистого бетона (бсм),,ГОСТ 7473-2010,По виду материала,,04.1.02.01,
,,,,CDB010,Смесь бетонная для мелкозернистого бетона,,ГОСТ 7473-2010,,,04.1.02.01,
,,CDC,,,Бетонные смеси легкого бетона (бсл),,ГОСТ 7473-2010,По виду материала,,"04.1.01
",
,,,,CDC010,Смесь бетонная легкая на пористых заполнителях,,,,,04.1.01.01,
,,,,CDC020,Смесь бетонная легкая для ячеистого бетона,,,,,04.1.01.03,
,,,,CDC030,Смесь бетонная легкая полимерная,,,,,04.1.01.02,
,CE,,,,Материалы на основе гипса,,,По виду материала,,,
,CG,,,,"Мастики, клеи и эмульсии на основе природных материалов",,,По виду материала,,,
,,CGA,,,Клеи органические,,,По виду материала,,,
,,,CGAA,,Клеи на основе природных смол,,ГОСТ 30535-97,,,"14.1.03
",
,,,,CGAA010,Клей на основе производных целлюлозы,,,,,14.1.03.01,
,,,,CGAA020,Клей на основе канифоли,,,,,,
,,,,CGAA030,Клей на основе натурального каучука,,ГОСТ 30535-97,,,20.52.10.14.1.02.04-1008,
,,,,CGAA040,Клеи на основе ароматических смол,,ГОСТ 30535-97,,,,
,,,CGAB,,Клеи животного происхождения,,,,,"14.1.01
",
,,,,CGAB010,Клей казеиновый,,ГОСТ 3056-90,,,20.52.10.14.1.01.01-0001,
,,,,CGAB020,Клей костный,,ГОСТ 2067-93,,,,
,,,,CGAB030,Клей мездровый,,ГОСТ 3252-80,,,,
,,,,CGAB040,Клей рыбий,,,,,,
,,CGB,,,"Мастики, грунтовки, эмульсии битумные",,,По виду материала,,,
,,,CGBA,,Мастики битумосодержащие,,,,,01.2.03.03,
,,,,CGBA010,Мастика битумная,,ГОСТ 2889-80,,,23.99.12.01.2.03.03-0007,
,,,,CGBA020,Мастика битумно-бутилкаучуковая,,,,,23.99.12.01.2.03.03-0032,
,,,,CGBA030,Мастика битумно-латексная,,ТУ 5775-002-019158212-2014,,,23.99.12.01.2.03.03-0044,
,,,,CGBA040,Мастика битумно-полимерная,,ГОСТ 30693-2000,,,"23.99.12.01.2.03.03-0045
20.30.22.01.2.03.03-0051
23.99.12.01.2.03.03-0052
23.99.12.01.2.03.03-0056",
,,,,CGBA050,Мастика битумно-кукерсольная,,ТТК. Устройство изоляции из двух слоев пергамина на битумно-кукерсольной мастике по песчаному основанию на один резервуар,,,23.99.12.01.2.03.03-0043,
,,,,CGBA060,Мастика битумно-резиновая,,ГОСТ 30693-2000,,,"20.30.22.01.2.03.03-0062
20.30.22.01.2.03.03-0068",
,,,,CGBA070,Мастика нетвердеющая строительная,,ГОСТ 30693-2000,,,20.30.22.01.2.03.03-0104,
,,,,CGBA080,Мастика битумно-масляная,,,,,20.30.22.01.2.03.03-0107,
,,,CGBB,,Грунтовка битумосодержащая,,,,,01.2.03.02,
,,,,CGBB010,Грунтовка полиакрилат-битумная однокомпонентная,,,,,23.99.12.01.2.03.02-0021,
,,,,CGBB020,Праймер битумный,,,,,01.2.03.05,
,,,,CGBB030,Грунтовка битумно-полимерная,,,,,"23.99.12.01.2.03.02-0002
23.99.12.01.2.03.02-0011
23.99.12.01.2.03.02-0012",
,,,CGBC,,Эмульсия битумная,,ГОСТ Р 52128-2003,,,01.2.03.07,
,,,,CGBC010,Эмульсия битумно-катионная,,ГОСТ Р 52128-2003,,,"23.99.19.01.2.03.07-0024
23.99.19.01.2.03.07-0025
23.99.19.01.2.03.07-0026
23.99.19.01.2.03.07-0041
23.99.19.01.2.03.07-0042
23.99.19.01.2.03.07-0043
23.99.19.01.2.03.07-0044",
,,,,CGBC020,Эмульсия битумная анионная,,ГОСТ Р 52128-2003,,,"23.99.19.01.2.03.07-0045
23.99.19.01.2.03.07-0046
23.99.19.01.2.03.07-0047",
,,,,CGBC030,Эмульсия битумно-латексная,,СТО 45870833-1-2019,,,"23.99.19.01.2.03.07-0027
23.99.19.01.2.03.07-0028",
,,,,CGBC040,Эмульсия битумно-полимерная,"Однородная, маловязкая жидкость темно-коричневого цвета рационально подобранного состава, получаемая путем введения полимера в битум либо в водный раствор эмульгатора с последующим диспергированием, либо в готовую битумную эмульсию",ГОСТ Р 52128-2003,,,"23.99.19.01.2.03.07-0029
23.99.19.01.2.03.07-0048
23.99.19.01.2.03.07-0049
23.99.19.01.2.03.07-0050
23.99.19.01.2.03.07-0051
23.99.19.01.2.03.07-0052
23.99.19.01.2.03.07-0053",
,,,CGBD,,Эмульгатор битумный,"Поверхностно-активное вещество (ПАВ), активизирующее процесс диспергирования битума и обеспечивающее устойчивость образующейся эмульсии",ГОСТ Р 52128-2003,,,01.2.03.06,
,,,,CGBD010,Эмульгатор для битумных эмульсий,,ГОСТ Р 55427-2013,,,23.99.19.01.2.03.06-0002,
,,,CGBE,,Герметик битумный,,ГОСТ 32872-2014,,,20.30.22.14.5.01.11-0203,
,,,,CGBE010,Жидкая резина,,ГОСТ 15836-79,,,23.99.12.01.2.03.03-1043,
,,,CGBF,,Пропитка битумная,,СТО 65396612-007-2019,,,,
,,,CGBG,,Паста битумная,,ТУ 23.99.12-001-81767232-2017,,,20.30.22.14.5.06.03-0003,
,,CGC,,,Мастики на основе минеральных материалов,,,По виду материала,,,
,,,,CGC010,Мастика асбозуритовая,,,,,,
,,,,CGC020,Мастика сланцевая,,,,,20.30.22.14.5.04.08-0012,
,,,,CGC030,Мастика известково-кремнеземистая,,,,,20.30.22.14.5.04.08-0006,
D,,,,,Металлические сплавы и материалы на их основе,,,По виду материала,,,
,DA,,,,Сплавы черных металлов,,ГОСТ 7565-81,По виду материала,,,
,,DAA,,,Чугун,,ГОСТ 22536.1-88,По виду материала,,"24.10.11.08.1.02.25-0131
24.10.11.08.1.02.25-0132",
,,,,DAA010,Высокопрочный чугун,,ГОСТ Р 57430-2017,,,,
,,,,DAA020,Ковкий чугун,,ГОСТ 8943-75,,,,
,,,,DAA030,Серый чугун,, СК 2111-89,,,,
,,,,DAA040,Чугун со специальными свойствами,,ГОСТ 7769-82,,,,
,,,,DAA050,Белый чугун,,,,,,
,,DAB,,,Сталь углеродистая,,ГОСТ 380-2005,По виду материала,,,
,,,,DAB010,Сталь высокоуглеродистая,,,,,,
,,,,DAB020,Сталь среднеуглеродистая,,,,,,
,,,,DAB030,Сталь низкоуглеродистая,,,,,,
,,DAC,,,Сталь легированная,,ГОСТ 12365-84,По виду материала,,24.10.80.08.3.12.06-0011,
,,,,DAC010,Сталь высоколегированная,,ГОСТ 12365-84,,,,
,,,,DAC020,Сталь среднелегированная,,,,,,
,,,,DAC030,Сталь низколегированная,,ГОСТ 380-2005,,,,
,,DAD,,,Сталь коррозионно-стойкая,,ГОСТ 5632-2014,По виду материала,,,
,,DAE,,,Сталь жаропрочная,,ГОСТ 5632-2014,По виду материала,,,
,DB,,,,Сплавы цветных металлов,,ГОСТ 25086-2011,По виду материала,,,
,,DBA,,,Алюминий и сплавы,,ГОСТ 4784-2019,По виду материала,,"10.1
",
,,,,DBA010,Алюминий первичный,,ГОСТ Р 57434-2017,,,10.1.01.01,
,,,,DBA020,Сплавы алюминия,,ГОСТ 4784-2019,,,10.1.01.02,
,,DBB,,,Медь и сплавы,,ГОСТ 32597-2013,По виду материала,,"10.2
",
,,,,DBB010,Бронза оловянная,,ГОСТ 613-79,,,10.2.01.01,
,,,,DBB020,Латунь литейная,,ГОСТ 17711-93,,,10.2.01.02,
,,,,DBB030,Сплавы медно-фосфористые,,ГОСТ 4515-93,,,10.2.01.03,
,,DBC,,,"Свинец, цинк, олово и сплавы",,,По виду материала,,"10.3
",
,,,,DBC010,Свинец,,ГОСТ 22861-93,,,10.3.02.05,
,,,,DBC020,Олово,,ГОСТ Р 57774-2017,,,10.3.02.02,
,,,,DBC030,Цинк и сплавы цинковые антифрикционные,,ГОСТ 21438-95,,,10.3.02.06,
,,,,DBC040,Баббит оловянный и свинцовый,,,,,10.3.02.01,
,,,,DBC050,Роли свинцовые,,ГОСТ 89-2018,,,10.3.02.04,
,,,,DBC060,Припои оловянно-свинцовые,, ГСССД 149-90,,,10.3.02.03,
,,DBD,,,Вольфрам и его сплавы,,,По виду материала,,,
,,DBE,,,Никель и его сплавы,,ГОСТ 6689.2-92,По виду материала,,,
,,DBF,,,Латунь,,ГОСТ 17711-93,По виду материала,,,
,,DBG,,,Титановый сплав,,ГОСТ 19863.1-91,По виду материала,,,
,DC,,,,Материалы на основе металлических сплавов,,,По виду материала,,,
,,DCA,,,Листовые материалы,,ГОСТ 11269-76,По виду материала,,,
,,,DCAA,,Листовая сталь,,ГОСТ 19903-2015,,,"08.3.05
",
,,,DCAB,,Сталь листовая из титан-цинка,,,,,24.10.35.08.3.05.06-0001,
,,,DCAC,,Листовой алюминий,,ГОСТ 21631-2019,,,,
,,,DCAD,,Листовая медь,,"Руководство по проектированию и устройству кровель из листовой меди (в развитие СНиП II-26-76 ""Кровли. Нормы проектирования"" и СНиП 3.04.01-87 ""Изоляционные и отделочные покрытия"")",,,,
,,,DCAE,,Профнастил из листовой стали,,СП 266.1325800.2016,,,"08.3.06
",
,,,DCAF,,Листовой прокат,,"ГОСТ 19903-2015
ГОСТ 19904-90",,,"08.3.05
",
,,,DCAG,,Фольга,,ГОСТ 618-2014,,,12.2.03.12,
,,,,DCAG010,Фольга алюминиевая,,ГОСТ 618-2014,,,"23.99.19.12.2.03.12-0001
23.99.19.12.2.03.12-0002
23.99.19.12.2.03.12-0004
23.99.19.12.2.03.12-0005
23.99.19.12.2.03.12-0006
23.99.19.12.2.03.12-0007
23.99.19.12.2.03.12-0008
23.99.19.12.2.03.12-0009
23.99.19.12.2.03.12-0010
23.99.19.12.2.03.12-0011",
,,,,DCAG020,Фольга медная,,ГОСТ 5638-2018,,,23.99.19.12.2.03.12-0021,
,,DCB,,,Пигменты готовые,,,По виду материала,,"14.5.07
",
,,,,DCB010,Пудра алюминиевая,,ГОСТ 5494-95,,,14.5.07.01,
,,,,DCB020,Пудра бронзовая,,,,,14.5.07.02,
,,,,DCB030,Сурик,,"
ГОСТ 8135-74",,,14.5.07.03,
,,DCC,,,Фибра стальная,, СТО НОСТРОЙ 2.27.125-2013,По виду материала,,"24.32.10.08.4.01.05-0003
24.32.10.08.4.01.05-0004
24.32.10.08.4.01.05-0005
24.32.10.08.4.01.05-0006
24.32.10.08.4.01.05-0007
24.32.10.08.4.01.05-0008
24.32.10.08.4.01.05-0009
24.32.10.08.4.01.05-0010
24.32.10.08.4.01.05-0011",
E,,,,,Полимеры,,ГОСТ 24888-81,По виду материала,,"01.7.14
",
,EA,,,,Термопласты,,,По виду материала,,,
,,EAA,,,Полиэтилен,,ГОСТ 24888-81,По виду материала,,01.7.14.05,
,,EAB,,,Полипропилен,,ГОСТ 24888-81,По виду материала,,01.7.14.02,
,,EAC,,,Полистирол,,ГОСТ 24888-81,По виду материала,,01.7.14.03,
,,EAD,,,Поливинилхлорид,,ГОСТ 24888-81,По виду материала,,,
,,,,EAD010,Хлорированный поливинилхлорид,,ГОСТ Р ИСО 2507-2-2015,,,,
,,EAE,,,Полиизобутилен,,ГОСТ 24888-81,По виду материала,,,
,,EAF,,,Полибутен,,ГОСТ Р 56730-2015,По виду материала,,,
,,EAG,,,Полиметилметакрилат,,ГОСТ 24888-81,По виду материала,,,
,,EAH,,,Поливинилацетат,,ГОСТ 24888-81,По виду материала,,,
,,EAJ,,,Полифторэтилен,,,По виду материала,,,
,,EAK,,,Полиакрилат,,ГОСТ 24888-81,По виду материала,,,
,,EAL,,,Полиметакрилат,,ТУ 6-01-270-84,По виду материала,,,
,,EAM,,,Поликарбонат,,ГОСТ 24888-81,По виду материала,,,
,,EAN,,,Полиамид,,ГОСТ 24888-81,По виду материала,,,
,,EAP,,,Ацетат целлюлозы,,,По виду материала,,,
,,EAQ,,,Фторполимер,,ГОСТ 31610.20-2-2017,По виду материала,,,
,,,,EAQ010,Тефлон (фторопласт),,ГОСТ Р МЭК 62561.4-2014,,,01.7.14.06,
,EB,,,,Реактопласты,,,По виду материала,,,
,,EBA,,,Ненасыщенные полиэфиры,,ГОСТ 27952-2017,По виду материала,,20.59.59.01.3.05.38-0181,
,,EBB,,,Полиизоцианат,,,По виду материала,,20.16.56.14.2.04.04-0101,
,,EBC,,,Кремнийорганические полимеры,,ГОСТ 32794-2014,По виду материала,,,
,,EBD,,,Смолы и соединения эпоксидные,,ГОСТ Р 56752-2015,По виду материала,,"14.2.04.02
14.2.04.03
14.2.04.04",
,,,,EBD010,Смола акриловая,,,,,,
,,,,EBD020,Смола алкидная,,ГОСТ 26194-84,,,,
,,,,EBD030,Смола аминоформальдегидная,,,,,,
,,,,EBD040,Смола виниловая,,ГОСТ Р 54560-2015,,,,
,,,,EBD050,Смола винилэфирная,,ГОСТ 32794-2014,,,,
,,,,EBD060,Смола карбамидная,,ГОСТ 32794-2014,,,"20.16.55.14.2.04.04-0211
20.16.56.14.2.04.04-0212",
,,,,EBD070,Смола меламиновая,,ГОСТ 32794-2014,,,,
,,,,EBD080,Смола мочевиноформальдегидная,,,,,20.16.56.14.2.04.04-0301,
,,,,EBD090,Смола пенополиуретановая,,,,,20.16.56.14.2.04.04-1005,
,,,,EBD100,Смола полиамидная,,,,,20.16.59.14.2.04.04-0304,
,,,,EBD110,Смола полиэфирная,"Термореактивная смола, содержащая эпоксидные группы, способные к образованию поперечных связей в процессе отверждения, в результате которого формируется эпоксидопласт",ГОСТ 27952-2017,,,20.16.56.14.2.04.02-1004,
,,,,EBD120,Смола феноловая,,ГОСТ 32794-2014,,,,
,,,,EBD130,Смола фенолформальдегидная,,ГОСТ 32794-2014,,,,
,,,,EBD140,Смола эпоксидная,,ГОСТ 32794-2014,,,14.2.04.03,
,,,,EBD150,Ненасыщенные полиэстровые смолы,,,,,,
,EC,,,,Синтетические каучуки,,ГОСТ 11138-2019,По виду материала,,14.2.06.04,
,,,,EC010,Бутадиенстирольный каучук,,СБЦП 81-02-13-2001,,,,
,,,,EC020,Бутиловый каучук,,ГОСТ ISO 2302-2016,,,,
,,,,EC030,Полихлоропреновый каучук,,ГОСТ ISO 2475-2013,,,,
,,,,EC040,Полисульфидный каучук,,ГОСТ ISO 1629-2019,,,,
,,,,EC050,Полиуретановый каучук,,ГОСТ 34376.2-2017,,,,
,,,,EC060,Силиконовый каучук,,,,,,
,ED,,,,Материалы на основе полимеров,,,По виду материала,,"01.7.14
",
,,EDA,,,Пленки,,,По виду материала,,,
,,,,EDA010,Полиэтиленовая пленка,,ГОСТ 10354-82,,,01.7.07.12,
,,,,EDA020,Полипропиленовая пленка,,ГОСТ 33118-2014,,,,
,,,,EDA030,Пленка поливинилхлоридная,,ГОСТ 24944-81,,,,
,,,,EDA040,Пленка полиэтилентерефталатная,,ГОСТ 24234-80,,,,
,,,,EDA050,Пленка поливинилбутиральная клеящая,,ГОСТ 9438-85,,,,
,,,,EDA060,Пленка винипластовая каландрированная,,ГОСТ 16398-81,,,,
,,EDB,,,Пористая резина,,ГОСТ 11722-78,По виду материала,,,
,,,,EDB010,Пористая резина на основе EVA (этиленвинилацетат),,ГОСТ 11722-78,,,,
,,,,EDB020,Пористая резина на основе EPDM (этилен-пропиленовый каучук),,ГОСТ 11722-78,,,,
,,,,EDB030,Пористая резина на основе неопрена CR/SBR,,ГОСТ 11722-78,,,,
,,,,EDB040,Пористая резина на основе твердого каучука,,ГОСТ 11722-78,,,,
,,EDC,,,Газонаполненные полимеры,,,По виду материала,,,
,,,EDCA,,Пенопласт,,ГОСТ 24434-80,,,22.21.41.01.7.14.07-1000,
,,,,EDCA010,Пенополистирол,,ГОСТ 15588-2014,,,,
,,,,EDCA020,Пенополиуретан,,,,,20.30.22.14.5.01.05-0101,
,,,,EDCA030,Поролон,,,,,08.99.29.01.7.10.17-1000,
,,,,EDCA040,Пенофенопласт,,ГОСТ Р 56076-2014,,,,
,,,,EDCA050,Пенополипропилен,,СП 23-103-2003,,,,
,,,EDCB,,Поропласт,,ГОСТ 32794-2014,,,,
,,,,EDCB010,Пенополиэтилен,"Полужесткий или эластичный теплоизоляционный материал на основе полимеров, полученных из этилена, или на основе полимеров, полученных из этилена и/или пропилена",ГОСТ Р 56729-2015,,,,
,,,,EDCB020,Поропласт фенольно-формальдегидный,,,,,,
,,,,EDCB030,Поропласт кремнийорганический,,,,,,
,,,,EDCB040,Пенополивинилхлорид,,,,,,
,,,EDCC,,Сотопласт,, ТУ 2296-003-68732358-2015,,,,
,,EDD,,,Волокна и фибра полимерные,, СТО НОСТРОЙ 2.27.125-2013,По виду материала,,,
,,,EDDA,,Фибра полимерная,, СТО НОСТРОЙ 2.27.125-2013,,,,
,,,,EDDA010,Фибра полиэфирная,,,,,,
F,,,,,Синтетические материалы,,,По виду материала,,,
,FA,,,,Клеи неорганические,,,По виду материала,,,
,,FAA,,,Клей на акриловой основе,,,По виду материала,,14.1.02.01,
,,FAB,,,Клеи на основе карбамидоформальдегидных смол,,ГОСТ 30535-97,По виду материала,,,
,,FAC,,,Клей поливинилацетатный,,,По виду материала,,20.52.10.14.1.05.02-1003,
,,FAD,,,Клей полиуретановый,,ТУ 2252-014-65173993-2013,По виду материала,,14.1.05.02,
,,FAE,,,Клеи на основе резорциноформальдегидных смол,,ГОСТ 20907-2016,По виду материала,,,
,,FAF,,,Клей на основе эпоксидных смол,,ОДМ 218.3.100-2017,По виду материала,,14.1.05.04,
,,,,FAF010,Клей на основе эпоксидных смол холодного отверждения,,ОДМ 218.3.100-2017,,,,
,,,,FAF020,Клеи на основе эпоксидных смол горячего отверждения,,ОДМ 218.3.100-2017,,,,
,,FAG,,,Клеи на основе фенолформальдегидных смол,,ГОСТ 30535-97,По виду материала,,,
,,FAH,,,Клей фенолополивинилацетальный,,ГОСТ 30535-97,По виду материала,,14.1.05.03,
,,FAJ,,,Клей на основе гипса,,ГОСТ Р 58275-2018,По виду материала,,14.1.06.01,
,,FAK,,,Клей на основе цемента,,ГОСТ Р 56387-2018,По виду материала,,14.1.06.02,
,,,,FAK010,Клей полимерцементный,,ГОСТ Р 56387-2018,,,14.1.06.04,
,,FAL,,,Клей на силикатной основе,,,По виду материала,,14.1.06.03,
,,FAM,,,Клей на основе полиуретанов,,ГОСТ 33122-2014,По виду материала,,,
,,FAN,,,Клей на основе полиэфирных смол,,ГОСТ 30535-97,По виду материала,,,
,,FAP,,,Клей на основе полиэфирных смол насыщенных,,ГОСТ 30535-97,По виду материала,,,
,,FAQ,,,Клей на основе полиэфирных смол ненасыщенных,,ГОСТ 30535-97,По виду материала,,,
,,FAR,,,Клей на основе полиамидов,,ГОСТ 30535-97,По виду материала,,,
,,FAS,,,Клей на основе полимеров и сополимеров винил хлорида,,ГОСТ 30535-97,По виду материала,,,
,,FAT,,,Клей на основе поливинилацетата,,ГОСТ 30535-97,По виду материала,,,
,,FAU,,,Клей на основе поливинилакрилатов,,ГОСТ 30535-97,По виду материала,,,
,,FAV,,,Клей на основе синтетических каучуков,,ГОСТ 30535-97,По виду материала,,,
,,FAW,,,"Клей на основе сополимеров этилена с винилацетатом, полиолефинов, полиамидов (клеи-расплавы)",,ГОСТ 30535-97,По виду материала,,,
,FB,,,,Лакокрасочные материалы,"Жидкий, пастообразный или порошковый материал, образующий при нанесении на окрашиваемую поверхность лакокрасочное покрытие с защитными, декоративными и/или специальными техническими свойствами",ГОСТ 28246-2017,По виду материала,,,
,,FBA,,,Лаки,"Лакокрасочный материал, образующий при нанесении на окрашиваемую поверхность прозрачное лакокрасочное покрытие с защитными, декоративными или специальными техническими свойствами",ГОСТ 28246-2017,По виду материала,,"14.3.03
14.4.03",
,,,FBAA,,"Лаки на основе сложных полиэфиров, акриловых или виниловых полимеров в неводной среде",,,,,"14.4.03
",
,,,,FBAA010,Лак алкидный,,ГОСТ Р 52165-2003,,,14.4.03.01,
,,,,FBAA020,Лак бакелитовый,,ГОСТ 901-2017,,,14.4.03.02,
,,,,FBAA030,Лак битумный,,ГОСТ Р 52165-2003,,,14.4.03.03,
,,,,FBAA040,Лак каменноугольный,,ГОСТ 1709-75,,,14.4.03.04,
,,,,FBAA050,Лак кремнийорганический,,ГОСТ Р 52165-2003,,,14.4.03.05,
,,,,FBAA060,Лак меламинный,,ГОСТ Р 52165-2003,,,14.4.03.06,
,,,,FBAA070,Лак мочевинный,,ГОСТ 24404-80,,,14.4.03.07,
,,,,FBAA080,Лак на основе акриловых сополимеров,,ГОСТ Р 52165-2003,,,14.4.03.08,
,,,,FBAA090,Лак на основе сополимеров винилхлорида,,ГОСТ Р 52165-2003,,,14.4.03.09,
,,,,FBAA100,Лак на основе хлорсульфированного полиэтилена,,,,,14.4.03.10,
,,,,FBAA110,Лак нитроцеллюлозный,,ГОСТ Р 52165-2003,,,14.4.03.11,
,,,,FBAA120,Лак пентафталевый,,ГОСТ Р 52165-2003,,,14.4.03.12,
,,,,FBAA130,Лак перхлорвиниловый,,ГОСТ Р 52165-2003,,,14.4.03.13,
,,,,FBAA140,Лак поливинилацетатный,,ГОСТ Р 52165-2003,,,14.4.03.14,
,,,,FBAA150,Лак полиуретановый,,ГОСТ Р 52165-2003,,,14.4.03.15,
,,,,FBAA160,Лак эпоксидный,,ГОСТ Р 52165-2003,,,14.4.03.16,
,,,FBAB,,Лаки на основе акриловых или виниловых полимеров в водной среде,,ГОСТ Р 52165-2003,,,"14.3.03
",
,,,,FBAB010,Лак водно-дисперсионный акриловый,,ГОСТ Р 52165-2003,,,14.3.03.01,
,,FBB,,,Краски,"Жидкий или пастообразный пигментированный лакокрасочный материал, в котором пленкообразующим веществом лакокрасочного материала являются различные марки олиф или водная дисперсия синтетических полимеров, образующий при нанесении на окрашиваемую поверхность непрозрачное лакокрасочное покрытие",ГОСТ 28246-2017,По виду материала,,"14.3.02
14.4.02",
,,,FBBA,,"Краски на основе сложных полиэфиров, акриловых или виниловых полимеров в неводной среде",,,,,"14.4.02
",
,,,,FBBA010,Белила готовые,,ГОСТ 10503-71,,,14.4.02.01,
,,,,FBBA020,Краска кремнийорганическая,,ГОСТ 9.401-2018,,,14.4.02.02,
,,,,FBBA030,Краска минерального типа,,,,,14.4.02.03,
,,,,FBBA040,Краска на масляной основе,,ГОСТ 10503-71,,,14.4.02.04,
,,,,FBBA050,Краска на основе силиконовой смолы,,,,,14.4.02.05,
,,,,FBBA060,Краска на основе эпоксидных смол,,,,,14.4.02.06,
,,,,FBBA070,Краска перхлорвиниловая,,,,,14.4.02.07,
,,,,FBBA080,Краска полиуретановая,,СП 28.13330.2017,,,14.4.02.08,
,,,FBBB,,Краски на основе акриловых или виниловых полимеров в водной среде,"Жидкий пигментированный лакокрасочный материал, в котором лакокрасочной средой является дисперсия органического пленкообразующего вещества лакокрасочного материала в воде, образующая при нанесении на окрашиваемую поверхность непрозрачное лакокрасочное покрытие",ГОСТ 28246-2017,,,"14.3.02
",
,,,,FBBB010,Краска водно-дисперсионная акрилатная,,ГОСТ 28196-89,,,14.3.02.01,
,,,,FBBB020,Краска водно-дисперсионная латексная,,ГОСТ 28196-89,,,14.3.02.02,
,,,,FBBB030,Краска водно-дисперсионная поливинилацетатная,,ГОСТ 28196-89,,,14.3.02.03,
,,,,FBBB040,Краска водно-дисперсионная стирол-бутадиеновая,,ГОСТ 28196-89,,,14.3.02.04,
,,,,FBBB050,Краска водо-дисперсионная силикатная,,ГОСТ 28196-89,,,14.3.02.05,
,,,FBBC,,Краска порошковая полимерная,,ГОСТ 30763-2001,,,14.5.03.01,
,,FBC,,,Эмали,"Жидкий или пастообразный пигментированный лакокрасочный материал, в котором лакокрасочной средой является раствор пленкообразующего вещества лакокрасочного материала в органических растворителях, образующий непрозрачное лакокрасочное покрытие при нанесении на окрашиваемую поверхность",ГОСТ 28246-2017,По виду материала,,"14.4.04
",
,,,,FBC010,Нитроэмаль,,ГОСТ 6631-74,,,14.4.04.01,
,,,,FBC020,Эмаль акриловая,,,,,14.4.04.02,
,,,,FBC030,Эмаль алкидная,,,,,14.4.04.03,
,,,,FBC040,Эмаль кремнийорганическая,,,,,14.4.04.04,
,,,,FBC050,Эмаль на основе меламиноформальдегидных смол,,,,,14.4.04.05,
,,,,FBC060,Эмаль на основе хлорсульфированного полиэтилена,,,,,14.4.04.06,
,,,,FBC070,Эмаль нитроцеллюлозная,,,,,14.4.04.07,
,,,,FBC080,Эмаль пентафталевая,,,,,14.4.04.08,
,,,,FBC090,Эмаль перхлорвиниловая,,,,,14.4.04.09,
,,,,FBC100,Эмаль полиуретановая,,,,,14.4.04.10,
,,,,FBC110,Эмаль на основе эпоксидных смол и органических растворителей,,,,,14.4.04.11,
,,,,FBC120,Эмаль эпоксидная,,,,,14.4.04.12,
,,FBD,,,Олифы синтетические,,ГОСТ 190-78,По виду материала,,14.5.05.01,
,,FBE,,,Шпатлевки,"Лакокрасочный материал с высоким содержанием наполнителя, который наносят на окрашиваемую поверхность перед окрашиванием для выравнивания неровностей или получения гладкой ровной поверхности",ГОСТ 28246-2017,По виду материала,,"14.5.11
",
,,,,FBE010,Шпатлевка масляно-клеевая,,,,,14.5.11.01,
,,,,FBE020,Шпатлевка на акриловой основе,,,,,14.5.11.02,
,,,,FBE030,Шпатлевка на основе гипса,,ГОСТ Р 57957-2017,,,14.5.11.03,
,,,,FBE040,Шпатлевка на основе полимеров,,,,,14.5.11.04,
,,,,FBE050,Шпатлевка на основе синтетической смолы,,,,,14.5.11.05,
,,,,FBE060,Шпатлевка на основе цемента,,,,,14.5.11.06,
,,,,FBE070,Шпатлевка нитроцеллюлозная,,,,,14.5.11.07,
,,,,FBE080,Шпатлевка перхлорвиниловая,,,,,14.5.11.08,
,,,,FBE090,Шпатлевка эпоксидная,,,,,14.5.11.09,
,,FBF,,,Грунтовки,"Лакокрасочный материал, образующий при нанесении на окрашиваемую поверхность непрозрачное или прозрачное однородное лакокрасочное покрытие с хорошей адгезией к окрашиваемой поверхности и следующим слоям и предназначенный для улучшения свойств лакокрасочной системы",ГОСТ 28246-2017,По виду материала,,"14.3.01
14.4.01",
,,,FBFA,,"Грунтовки на основе сложных полиэфиров, акриловых или виниловых полимеров в неводной среде",,,,,"14.4.01
",
,,,,FBFA010,Грунтовка глифталевая,,ГОСТ 25129-82,,,14.4.01.01,
,,,,FBFA020,Грунтовка на акриловой основе,,ГОСТ 25718-83,,,14.4.01.02,
,,,,FBFA030,Грунтовка на латексной основе,,,,,14.4.01.03,
,,,,FBFA040,Грунтовка на масляной основе,,ГОСТ Р 51693-2000,,,14.4.01.04,
,,,,FBFA050,Грунтовка на основе алкидных смол,,,,,14.4.01.05,
,,,,FBFA060,Грунтовка на основе полиметилметакрилата,,ГОСТ Р 53627-2009,,,14.4.01.06,
,,,,FBFA070,"Грунтовка на основе полисилоксанов, модифицированных акриловыми смолами",,,,,14.4.01.07,
,,,,FBFA080,Грунтовка на основе суспензии,,,,,14.4.01.08,
,,,,FBFA090,Грунтовка на основе эпоксидных смол,,ГОСТ Р 51693-2000,,,14.4.01.09,
,,,,FBFA100,Грунтовка на силикатной основе,,,,,14.4.01.10,
,,,,FBFA110,Грунтовка нитроцеллюлозные,,,,,14.4.01.11,
,,,,FBFA120,Грунтовка пентафталевые,,,,,14.4.01.12,
,,,,FBFA130,Грунтовка перхлорвиниловые,,,,,14.4.01.13,
,,,,FBFA140,Грунтовка поливинилацетатные фосфатирующие,,,,,14.4.01.14,
,,,,FBFA150,Грунтовка полиуретан-цементная,,,,,14.4.01.15,
,,,,FBFA160,Грунтовка полиуретановая,,,,,14.4.01.16,
,,,,FBFA170,Грунтовка фенолоформальдегидная,,ГОСТ Р 51693-2000,,,14.4.01.17,
,,,,FBFA180,Грунтовка цинконаполненная,,,,,14.4.01.18,
,,,FBFB,,Грунтовки на основе акриловых или виниловых полимеров в водной среде,,,,,"14.3.01
",
,,,,FBFB010,Грунтовка адгезионная,,,,,14.3.01.01,
,,,,FBFB020,Грунтовка полиакриловая,,,,,14.3.01.02,
,,,,FBFB030,Составы грунтовочные акриловые,,,,,14.3.01.03,
,FC,,,,Мастики на основе синтетических полимеров,,ГОСТ 30307-95,По виду материала,,"14.5.04
",
,,,,FC010,Мастика бутилкаучуковая,,ГОСТ 24064-80,,,14.5.04.01,
,,,,FC020,Мастика на основе кумароновых смол,,,,,14.5.04.02,
,,,,FC030,Мастика на основе синтетических каучуков,,ГОСТ 24064-80,,,14.5.04.03,
,,,,FC040,Мастика на основе синтетических смол,,,,,14.5.04.04,
,,,,FC050,Мастика полимерная,,ГОСТ 30307-95,,,14.5.04.05,
,,,,FC060,Мастика полиуретановая,,,,,14.5.04.06,
,,,,FC070,Мастика полиизобутиленовая,,,,,20.30.22.14.5.04.08-0014,
,,,,FC080,Мастик тиоколовая,,,,,14.5.04.07,
,FD,,,,Герметики и замазки,,,По виду материала,,"14.5.01
14.5.02",
,,FDA,,,Замазки,,ГОСТ 25621-83,По виду материала,,"14.5.02
",
,,,,FDA010,Замазка тиоколовая,,ГОСТ 25621-83,,,14.5.02.01,
,,FDB,,,Герметики,,,По виду материала,,"14.5.01
",
,,,,FDB010,Герметик акриловый,,,,,14.5.01.01,
,,,,FDB020,Герметик битумно-полимерный,,ГОСТ 30740-2000,,,14.5.01.02,
,,,,FDB030,Герметик кремнийорганический,,ТУ 6-02-I-015-89,,,14.5.01.04,
,,,,FDB040,Герметик пенополиуретановый,,ГОСТ 24285-80,,,14.5.01.05,
,,,,FDB050,Герметик полиуретановый,,ГОСТ 25621-83,,,14.5.01.06,
,,,,FDB060,Герметик силиконовый,,ГОСТ Р 57400-2017,,,14.5.01.07,
,,,,FDB070,Герметик тиоколовый,,ГОСТ 13489-79,,,14.5.01.08,
,,,,FDB080,Герметик фенольно-каучуковый,,,,,14.5.01.09,
,FE,,,,Составы и композиции,,,По виду материала,,,
,,FEA,,,Покрытия,,,По виду материала,,,
,,,FEAA,,Покрытия защитные,,,,,"14.2.03
",
,,,,FEAA010,Воск полиэтиленовый,,ТР ТС 029/2012,,,"20.41.42.01.7.07.03-0011
20.41.42.01.7.07.03-0012
20.41.42.01.7.07.03-0007",
,,,,FEAA020,Покрытие на акрилатной основе защитное,,ГОСТ 33095-2014,,,14.2.03.01,
,,,,FEAA030,Покрытие на основе эпоксидных смол защитное,,,,,14.2.03.02,
,,,,FEAA040,Покрытие на основе полимочевины защитное,,,,,14.2.03.03,
,,,,FEAA050,Покрытие на основе полиуретановых смол защитное,,,,,14.2.03.04,
,,,,FEAA060,Покрытие на цементной основе защитное,,,,,14.2.03.05,
,,,,FEAA070,Покрытие полимерцементное защитное,,,,,14.2.03.06,
,,,FEAB,,Покрытия лакокрасочные декоративные,,ГОСТ 33095-2014,,,"14.5.08
",
,,,,FEAB010,Покрытие декоративное на основе акриловой дисперсии,,ГОСТ 33095-2014,,,14.5.08.01,
,,,,FEAB020,Покрытие декоративной на основе водной полимерной дисперсии,,ГОСТ 33095-2014,,,14.5.08.02,
,,,,FEAB030,Покрытие на основе акриловой дисперсии,,ГОСТ 33095-2014,,,14.5.08.03,
,,,,FEAB040,Покрытие текстурное на основе акриловых сополимеров,,ГОСТ 33095-2014,,,14.5.08.04,
,,FEB,,,Композиции защитные,,,По виду материала,,"14.2.01
",
,,,,FEB010,Композиция органо-силикатная защитная,,,,,14.2.01.01,
,,,,FEB020,Композиция полиуретановая защитная,,,,,14.2.01.02,
,,,,FEB030,Композиция эпоксидно-каменноугольная защитная,,,,,14.2.01.03,
,,,,FEB040,Композиция эпоксидная защитная,,,,,14.2.01.04,
,,,,FEB050,Композиция полимерная защитная,,,,,14.2.01.05,
,,FEC,,,Составы защитные,,СП 71.13330.2017,По виду материала,,"14.2.05
",
,,,,FEC010,Состав минеральный защитный,,,,,14.2.05.01,
,,,,FEC020,Состав на основе полимочевины защитный,,,,,14.2.05.02,
,,,,FEC030,Состав на основе полиуретановых смол защитный,,,,,14.2.05.03,
,,,,FEC040,Состав на основе эпоксидных смол защитный,,,,,14.2.05.04,
,,,,FEC050,Состав на цементно-эпоксидной основе защитный,,ВСН 344-75,,,14.2.05.05,
,,,,FEC060,Антикоррозионный минеральный состав,,ГОСТ 21.513-83,,,20.30.22.14.2.03.07-1000,
G,,,,,Композиционные материалы,,,По виду материала,,,
,GA,,,,Каменная кладка,,ГОСТ 32047-2012,По виду материала,,,
,,GAA,,,Кладка из камней из горных пород,,ГОСТ 4001-2013,По виду материала,,,
,,GAB,,,Кладка из керамических камней,,ГОСТ Р 57842-2017,По виду материала,,,
,,GAC,,,Кладка из бетонных мелких блоков,,ГОСТ 21520-89,По виду материала,,,
,GB,,,,Кирпичная кладка,,ГОСТ 32047-2012,По виду материала,,,
,,GBA,,,Кирпичная кладка из керамического кирпича на цементно-песчаном растворе,,СП 15.13330.2012,По виду материала,,,
,,GBB,,,Кирпичная кладка из силикатного кирпича на цементно-песчаном растворе,,СП 15.13330.2012,По виду материала,,,
,GC,,,,Бетон,,ГОСТ 25192-2012,По виду материала,,,
,,,,GC010,Асфальтобетон,,ГОСТ Р 54401-2020,,,,
,,,,GC020,Цементобетон,,ОДМ 218.3.081-2016,,,,
,,,,GC030,Известковый бетон,,ГОСТ 7473-2010,,,,
,,,,GC040,Шлакобетон,,ГОСТ 7473-2010,,,,
,,,,GC050,Бетон на магнезиальном вяжущем,,ГОСТ 25192-2012,,,,
,,,,GC060,Гипсобетон,,ГОСТ 7473-2010,,,,
,,,,GC070,Полимербетон,,ГОСТ 25192-2012,,,,
,,,,GC080,Пенобетон,,ГОСТ 25485-2019 и ГОСТ 31359-2007  ,,,,
,,,,GC090,Арболит,,ГОСТ 19222-2019,,,,
,,,,GC100,Опилкобетон,,,,,,
,GD,,,,Армированный бетон,,,По виду материала,,,
,,GDA,,,Железобетон,,СП 63.13330.2018,По виду материала,,,
,,,,GDA010,Преднапряженный железобетон,,СП 52-102-2004,,,,
,,GDB,,,Фибробетон,"Бетон, армированный равномерно распределенными в его объеме фибрами, имеющими сцепление с бетоном по их поверхности",СП 297.1325800.2017,По виду материала,,,
,,,,GDB010,Стеклофибробетон,,СП 297.1325800.2017,,,,
,,,,GDB020,Сталефибробетон,,СП 360.1325800.2017,,,,
,,,,GDB030,Базальтофибробетон,,СП 297.1325800.2017,,,,
,,,,GDB040,Фибробетон с пропиленовыми волокнами,,СП 297.1325800.2017,,,,
,GE,,,,Композиты на основе древесины,,ГОСТ Р 57843-2017,По виду материала,,,
,GF,,,,Материалы композитные на основе битума,,,По виду материала,,,
,,GFA,,,Гидроизол,,ГОСТ 7415-86,По виду материала,,12.1.02.01,
,,GFB,,,Каучук синтетический армированный стеклотканью,,ГОСТ 14925-79,По виду материала,,12.1.02.02,
,,GFC,,,Материал битумно-полимерный на основе полиэстера,,ГОСТ 32805-2014   ,По виду материала,,12.1.02.03,
,,GFD,,,Материал битумно-полимерный на основе стеклоткани,,ГОСТ 32805-2014   ,По виду материала,,12.1.02.04,
,,GFE,,,Материал битумно-полимерный на основе стеклохолста,,ГОСТ 32805-2014   ,По виду материала,,12.1.02.05,
,,GFF,,,Материал битумный на основе картона,,ГОСТ 32805-2014   ,По виду материала,,12.1.02.06,
,,,,GFF010,Рубероид,,ГОСТ 32805-2014   ,,,12.1.02.06,
,,,,GFF020,Пергамин,,ГОСТ 32805-2014   ,,,12.1.02.12,
,,GFG,,,Материал битумный на основе полиэстера,,ГОСТ 32805-2014   ,По виду материала,,12.1.02.07,
,,GFH,,,Материал битумный на основе стеклоткани,,ГОСТ 32805-2014   ,По виду материала,,12.1.02.08,
,,GFJ,,,Материал битумный на основе стеклохолста,,ГОСТ 32805-2014   ,По виду материала,,12.1.02.09,
,,GFK,,,Стеклорубероид,,ГОСТ 15879-70,По виду материала,,12.1.02.13,
,GG,,,,Полимерные композитные материалы,,ГОСТ Р 57921-2017,По виду материала,,,
,,GGA,,,Фольгоизол,,ГОСТ 20429-84,По виду материала,,12.2.03.13,
,,GGB,,,Углепластик,,ГОСТ Р 57407-2017,По виду материала,,,
,,GGC,,,Стеклопластик,,ГОСТ 27380-87,По виду материала,,12.2.03.10,
,,,,GGC010,Стеклоткань,,ГОСТ 26246.4-89,,,12.2.03.11,
,,,,GGC020,Стеклотекстолит,,ГОСТ 10316-78,,,01.7.05.08,
,,GGD,,,Боропластик,,ГОСТ 33519-2015,По виду материала,,,
,,GGE,,,Органопластик,,,По виду материала,,,
,,GGF,,,Текстолит,,ГОСТ 2910-74,По виду материала,,"01.7.05.09
01.7.05.10",
,,,,GGF010,Текстолит листовой,,ГОСТ 2910-74,,,01.7.05.09,
,,,,GGF020,Текстолит фасонный,,ГОСТ 5385-74,,,01.7.05.10,
,,GGG,,,Геосинтетики,,ГОСТ 32804-2014,По виду материала,,,
,,,GGGA,,Геополотно,,ГОСТ Р 55028-2012,,,,
,,,,GGGA010,Геополотно нетканое геотекстильное из полипропилена,,ГОСТ Р 55028-2012,,,"13.95.10.01.7.12.05-1002
22.23.19.01.7.12.05-1055
22.23.19.01.7.12.05-1056
22.23.19.01.7.12.05-1057
22.23.19.01.7.12.05-1058
22.23.19.01.7.12.05-1059
22.23.19.01.7.12.05-1060
22.23.19.01.7.12.05-1061
22.23.19.01.7.12.05-1062
22.23.19.01.7.12.05-1063
22.23.19.01.7.12.05-1064
22.23.19.01.7.12.05-1065",
,,,,GGGA020,Геополотно нетканое геотекстильное из полиэфирного волокна,,ГОСТ Р 55028-2012,,,"13.95.10.01.7.12.05-0053
13.95.10.01.7.12.05-0055",
,,,,GGGA030,Геополотно тканое полипропиленовое,,ГОСТ Р 55028-2012,,,"13.20.31.01.7.12.06-0001
13.20.31.01.7.12.06-0002
13.20.31.01.7.12.06-0003
13.20.31.01.7.12.06-0011
13.20.31.01.7.12.06-0012
13.20.31.01.7.12.06-0013",
,,,,GGGA040,Геополотно тканое полиэфирное,,ГОСТ Р 55028-2012,,,"22.23.19.01.7.12.06-1012
22.23.19.01.7.12.06-1014
22.23.19.01.7.12.06-1016
22.23.19.01.7.12.06-1018
22.23.19.01.7.12.06-1020
22.23.19.01.7.12.06-1022
22.23.19.01.7.12.06-1024
22.23.19.01.7.12.06-1026
22.23.19.01.7.12.06-1028
22.23.19.01.7.12.06-1030
22.23.19.01.7.12.06-1032
22.23.19.01.7.12.06-1034
22.23.19.01.7.12.06-1036
22.23.19.01.7.12.06-1038
22.23.19.01.7.12.06-1040
22.23.19.01.7.12.06-1042
22.23.19.01.7.12.06-1044
22.23.19.01.7.12.06-1046
22.23.19.01.7.12.06-1048
22.23.19.01.7.12.06-1050
22.23.19.01.7.12.06-1052
22.23.19.01.7.12.06-1054
22.23.19.01.7.12.06-1056
22.23.19.01.7.12.06-1058
22.23.19.01.7.12.06-1060
22.23.19.01.7.12.06-1062
22.23.19.01.7.12.06-1064
22.23.19.01.7.12.06-1066
22.23.19.01.7.12.06-1068
22.23.19.01.7.12.06-1070
22.23.19.01.7.12.06-1072
22.23.19.01.7.12.06-1074
22.23.19.01.7.12.06-1076
22.23.19.01.7.12.06-1078
22.23.19.01.7.12.06-1080
22.23.19.01.7.12.06-1082
22.23.19.01.7.12.06-1084
22.23.19.01.7.12.06-1086",
,,,GGGB,,Геокомпозит,,ГОСТ Р 55028-2012,,,01.7.12.12,
,,,GGGC,,Армогеокомпозит,,ОДМ 218.5.003-2010,,,01.7.12.01,
,,GGH,,,Стекломагниевый лист,,,По виду материала,,,
,,GGJ,,,Лакостеклоткани,,ГОСТ Р 50375.1-92,По виду материала,,"01.7.05
",
,,,,GGJ010,Лакоткани капроновые,,ГОСТ Р 50375.1-92,,,01.7.05.01,
,,,,GGJ020,Лакоткани на натуральном шелке,,ГОСТ Р 50375.1-92,,,01.7.05.02,
,,,,GGJ030,Лакоткани стеклянные,,ГОСТ Р 50375.1-92,,,01.7.05.03,
,,,,GGJ040,Лакоткани хлопчатобумажные,,ГОСТ 28034-89,,,01.7.05.04,
,,GGK,,,Мембраны,,,По виду материала,,,
,,,GGKA,,Мембрана ПВХ,,ГОСТ Р 56704-2015,,,"23.99.12.12.1.02.10-1355
23.99.12.12.1.02.10-1356
23.99.12.12.1.02.10-0089
23.99.12.12.1.02.10-0095
23.99.12.12.1.02.10-1010
23.99.12.12.1.02.10-1012
23.99.12.12.1.02.10-1014
28.13.31.12.1.02.10-1018
26.51.85.12.1.02.10-1020
23.99.12.12.1.02.10-1024
23.99.12.12.1.02.10-1026
23.99.12.12.1.02.10-1028
23.99.12.12.1.02.10-1030
23.99.12.12.1.02.10-1032
23.99.12.12.1.02.10-1034
23.99.12.12.1.02.10-1036
23.99.12.12.1.02.10-1038
23.99.12.12.1.02.10-1040
23.99.12.12.1.02.10-1042
23.99.12.12.1.02.10-1044
23.99.12.12.1.02.10-1046
23.99.12.12.1.02.10-1048
23.99.12.12.1.02.10-1050
23.99.12.12.1.02.10-1052
23.99.12.12.1.02.10-1054
23.99.12.12.1.02.10-1056
23.99.12.12.1.02.10-1058
23.99.12.12.1.02.10-1060
23.99.12.12.1.02.10-1062",12.1.02.10
,,,GGKB,,Мембрана полипропиленовая,,,,,12.1.02.11,
,,,GGKC,,Мембрана тпо (смесь каучука и полипропилена),,,,,"23.99.12.12.1.02.11-1000
23.99.12.12.1.02.10-1314
23.99.12.12.1.02.10-1316
23.99.12.12.1.02.10-1318
23.99.12.12.1.02.10-1320
23.99.12.12.1.02.10-1322
23.99.12.12.1.02.10-1324
23.99.12.12.1.02.10-1326
23.99.12.12.1.02.10-1328
23.99.12.12.1.02.10-1330
23.99.12.12.1.02.10-1266
23.99.12.12.1.02.10-1268
23.99.12.12.1.02.10-1270
23.99.12.12.1.02.10-1272
23.99.12.12.1.02.10-1274
23.99.12.12.1.02.10-1276
23.99.12.12.1.02.10-1278
23.99.12.12.1.02.10-1280",
,,,GGKD,,ЭПДМ мембрана (синтетический каучук),,,,,"23.99.12.12.1.02.10-1331
23.99.12.12.1.02.10-1332
23.99.12.12.1.02.10-1334
23.99.12.12.1.02.10-1336
23.99.12.12.1.02.10-1338
23.99.12.12.1.02.10-1340
23.99.12.12.1.02.10-1342
23.99.12.12.1.02.10-1344
23.99.12.12.1.02.10-1346
23.99.12.12.1.02.10-1348
23.99.12.12.1.02.10-1350
23.99.12.12.1.02.10-1352
23.99.12.12.1.02.10-1354",
,,,GGKE,,Геомембрана,,ГОСТ Р 56586-2015,,,01.7.12.04,
,,,,GGKE010,"Полотно дренажное, полиэтиленовое",,ГОСТ Р 56586-2015,,,"22.23.19.01.7.12.06-1088
22.23.19.01.7.12.06-1090
22.23.19.01.7.12.06-1092",
H,,,,,Отходы промышленности,,,По виду материала,,,
,HA,,,,Смеси шлака и аналогичных промышленных отходов,,,По виду материала,,,
,,HAA,,,Щебень шлаковый,,ГОСТ 32858-2014,По виду материала,,02.4.03.02,
,,HAB,,,Смеси шлаковые,,ГОСТ Р 58770-2019,По виду материала,,"02.4.02
",
,HB,,,,Отходы металлургии,,,По виду материала,,,
,,HBA,,,Шлаки цветной металлургии,,ГОСТ 5578-2019,По виду материала,,02.4.03.03,
,,HBB,,,Ферросплавные шлаки,,ГОСТ 5578-2019,По виду материала,,,
,,HBC,,,Сталеплавильные шлаки,,ГОСТ 5578-2019,По виду материала,,,
,,,,HBC010,Песок шлаковый для дорожного строительства,,ГОСТ 3344-83,,,"02.4.01.02
",
,,,,HBC020,Щебень пористый из металлургического шлака,,ГОСТ 32496-2013,,,02.4.03.02,
,,,,HBC030,Щебень из доменного шлака для бетона,,ГОСТ 32496-2013,,,02.4.03.01,
,,,,HBC040,Песок пористый из металлургического шлака,,ГОСТ 32496-2013,,,02.4.01.01,
,,,,HBC050,Смеси щебеночно-песчаные из шлаков черной металлургии,,ГОСТ 32496-2013,,,02.4.02.01,
,,HBD,,,Продукты обогащения руд,,ГОСТ 14180-80,По виду материала,,,
,,HBE,,,Нефелиновый шлам,,ОДМ 218.3.043-2015,По виду материала,,,
,HC,,,,Отходы топливной промышленности и тепловой энергетики,,,По виду материала,,,
,,,,HC010,Отходы углеобогащения,,ГОСТ 15489.1-93,,,,
,,,,HC020,Смеси золошлаковые,,,,,,
,,,,HC030,Зола ТЭЦ,,ГОСТ 25818-2017,,,,
,,,,HC040,Сажа,,ГОСТ 18307-78,,,01.7.07.17,
,,,,HC050,Шлаки ТЭЦ,,ГОСТ Р 57789-2017,,,,
,,,,HC060,Шахтные породы,,ГОСТ Р 58150-2018,,,,
,,,,HC070,Каменноугольные фусы,, ТУ 19.10.20-003-53496484-2019,,,,
,HD,,,,Отходы химической промышленности,,,По виду материала,,,
,,HDA,,,Железистные отходы,,ГОСТ 30775-2001,По виду материала,,,
,,HDB,,,Известьсодержащие отходы,,ГОСТ 30775-2001,По виду материала,,,
,,HDC,,,Гипсосодержащие отходы,,ГОСТ 30775-2001,По виду материала,,,
,,HDD,,,Солесодержащие шламы,,ГОСТ 30775-2001,По виду материала,,,
,,HDE,,,Нефтяные шламы,,ГОСТ 30775-2001,По виду материала,,,
,,HDF,,,Гидроксидсодержащие шламы,,ГОСТ 30775-2001,По виду материала,,,
,,HDG,,,Содопродукты,,,По виду материала,,,
,,HDH,,,Шлаки фосфорного производства,,ГОСТ 3344-83,По виду материала,,,
,,,,HDH010,Щебень из фосфорных шлаков,,ГОСТ 3344-83,,,,
,,HDJ,,,Вторичные полимерные продукты,,ГОСТ Р 57058-2016,По виду материала,,,