Класс,Подкласс 1,Подкласс 2,Подкласс 3,Подкласс 4,Подкласс 5,Тип (%%),Наименование,Определение,Источник,Критерии определения подклассов,Примеры,Код по классификатору МССК,Примечания,Синонимы
A,,,,,,,Организация эксплуатации,"Комплекс мероприятий по содержанию, обслуживанию и ремонту зданий (сооружений), обеспечивающих их безопасное функционирование и санитарное состояние в соответствии с их функциональным назначением.",,По виду работ,,,,
,AA,,,,,,Участие во вводе в эксплуатацию ОКС,"Производит приемочная комиссия (представители заказчика, генерального подрядчика, субподрядных организаций, проектной организации, осуществляющей авторский надзор, органов государственного санитарного и пожарного надзора и других организаций)",,По виду работ,,,,
,,AAA,,,,,Участие в приемке конструктивных элементов ,,СП 68.13330.2017,,,,,
,,AAB,,,,,Участие в приемке инженерного оборудования ,,СП 68.13330.2017,,,,,
,,AAC,,,,,Приемка исполнительной документации ,,СП 68.13330.2017,,,,,
,AB,,,,,,Разработка политики эксплуатации ОКС,,,По виду работ,,,,
,,ABA,,,,,Разработка положения по обеспечению безопасной эксплуатации ,,СП 255.1325800.2016,,,,,
,,ABB,,,,,Разработка стандартов эксплуатации ,,,,,,"Синтезировано на основе ГОСТ Р ИСО 9001-2015 
СП 255.1325800.2016
Жилищный кодекс Российской Федерации от 29.12.2004 N 188-ФЗ",
,,ABC,,,,,Разработка программы эксплуатации ,,,,,,"Синтезировано на основе ГОСТ Р ИСО 9001-2015 
СП 255.1325800.2016
Жилищный кодекс Российской Федерации от 29.12.2004 N 188-ФЗ",
,,,ABCA,,,,Исследование частоты возникновения неисправностей ,,,,,,"Синтезировано на основе ГОСТ Р ИСО 9001-2015 
СП 255.1325800.2016
Жилищный кодекс Российской Федерации от 29.12.2004 N 188-ФЗ",
,,,ABCB,,,,Разработка плановой программы эксплуатации ,,,,,,"Синтезировано на основе ГОСТ Р ИСО 9001-2015 
СП 255.1325800.2016
Жилищный кодекс Российской Федерации от 29.12.2004 N 188-ФЗ",
,,,,,,ABCB010,Разработка программы эксплуатации ОКС по ресурсу,,,,,,"Синтезировано на основе ГОСТ Р ИСО 9001-2015 
СП 255.1325800.2016
Жилищный кодекс Российской Федерации от 29.12.2004 N 188-ФЗ",
,,,,,,ABCB020,Разработка программы эксплуатации ОКС по сроку,,,,,,"Синтезировано на основе ГОСТ Р ИСО 9001-2015 
СП 255.1325800.2016
Жилищный кодекс Российской Федерации от 29.12.2004 N 188-ФЗ",
,,,,,,ABCB030,Разработка программы эксплуатации ОКС по состоянию,,,,,,"Синтезировано на основе ГОСТ Р ИСО 9001-2015 
СП 255.1325800.2016
Жилищный кодекс Российской Федерации от 29.12.2004 N 188-ФЗ",
,,,ABCC,,,,Разработка ответной программы эксплуатации (по выходу ОКС из строя),,,,,,"Синтезировано на основе ГОСТ Р ИСО 9001-2015 
СП 255.1325800.2016
Жилищный кодекс Российской Федерации от 29.12.2004 N 188-ФЗ",
,,ABD,,,,,Разработка плана текущего ремонта строительных конструкций ,"Процесс осуществляется на основании осмотров и данных о целесообразности предупредительных ремонтных работ с учетом экономических и технических возможностей собственников здания (сооружения). Конкретный перечень работ по текущему и капитальному ремонтам определяет эксплуатирующая организация самостоятельно, исходя из технического состояния зданий (сооружений) и местных условий. ","СП 255.1325800.2016
ПОТ Р О-14000-004-98 ",,,,,
,,ABE,,,,,Разработка перспективного плана капитального ремонта строительных конструкций ,"Процесс осуществляется на основании данных, указанных в проекте, и/или по результатам обследования и мониторинга технического состояния зданий (сооружений). Капитальный ремонт зданий (сооружений) следует осуществлять только по утвержденным проектам и сметам. ","СП 255.1325800.2016
ПОТ Р О-14000-004-98 ",,,,,
,AC,,,,,,Диспетчерское обслуживание ОКС,"Процесс, который объединяет аварийно-ремонтные работы и круглосуточную диспетчерскую службу. диспетчер (оператор): Диспетчер принимает, перерабатывает, анализирует и фиксирует поступающую информацию, заявки и обращения об аварийных ситуациях и неисправностях. Обеспечивает координацию действий аварийно-ремонтных служб при ликвидации аварийных ситуаций и неисправностей.",,По виду работ,,,,
,,ACA,,,,,Обслуживание системы инженерно-технического обеспечения ,,"СП 255.1325800.2016
ПОТ Р О-14000-004-98 ",,,,,
,,ACB,,,,,Обслуживание инженерных коммуникаций ,,"СП 255.1325800.2016
ПОТ Р О-14000-004-98 ",,,,,
,,ACC,,,,,Обслуживание системы общего мониторинга технического состояния несущих строительных конструкций ,,"СП 255.1325800.2016
ПОТ Р О-14000-004-98 ",,,,,
,,ACD,,,,,Оказание технической помощи по вопросам содержания строительных конструкций ,,"СП 255.1325800.2016
ПОТ Р О-14000-004-98 ",,,,,
,,ACE,,,,,Оказание технической помощи по вопросам содержания инженерного оборудования ,,"СП 255.1325800.2016
ПОТ Р О-14000-004-98 ",,,,,
,AD,,,,,,Ведение технической эксплуатационной документации ОКС,"Процесс внесения изменений, возникших при эксплуатации объекта, в эксплуатационный паспорт здания (сооружения), и внесение сведений в журнал эксплуатации здания (сооружения);",,По типу документации,,,,
,,ADA,,,,,Ведение технического паспорта ОКС,,"СП 255.1325800.2016
ПОТ Р О-14000-004-98
ГОСТ 33388-2015",,,,,
,,,ADAA,,,,Организация изготовления технического паспорта,,"СП 255.1325800.2016
ПОТ Р О-14000-004-98
ГОСТ 33388-2015",,,,,
,,,ADAB,,,,Организация актуализации технического паспорта,,"СП 255.1325800.2016
ПОТ Р О-14000-004-98
ГОСТ 33388-2015",,,,,
,,ADB,,,,,Ведение журнала технического состояния ОКС,,"СП 255.1325800.2016
ПОТ Р О-14000-004-98 ",,,,,
,,ADC,,,,,Ведение эксплуатационного паспорта ОКС,,"СП 255.1325800.2016
ПОТ Р О-14000-004-98 ",,,,,
,,ADD,,,,,Ведение энергетического паспорта ОКС,,"СП 255.1325800.2016
ПОТ Р О-14000-004-98 ",,,,,
,,ADE,,,,,Ведение санитарного паспорта ОКС,,"СП 255.1325800.2016
ПОТ Р О-14000-004-98 ",,,,,
,,ADF,,,,,Ведение паспорта безопасности (антитеррористический паспорт) ОКС,,"СП 255.1325800.2016
ПОТ Р О-14000-004-98 ",,,,,
,,ADG,,,,,Выдача технических условий на прокладку коммуникаций в зоне ОКС,,"СП 86.13330.2022 
Приказ Минтранса России от 23.6.2022 N 250",,,,,
,,ADH,,,,,Выдача разрешения на перевоз груза по мостовому ОКС,,Распоряжение Росавтодора (Российского дорожного агентства) от 30.08.1999 N 7-р,,,,,
,,,,,,ADH010,Выдача разрешения на перевоз тяжеловесного груза по мостовому ОКС,,Распоряжение Росавтодора (Российского дорожного агентства) от 30.08.1999 N 7-р,,,,,
,,,,,,ADH020,Выдача разрешения на перевоз негабаритного груза по мостовому ОКС,,Распоряжение Росавтодора (Российского дорожного агентства) от 30.08.1999 N 7-р,,,,,
,,ADJ,,,,,Ведение документации по текущему ремонту ОКС,,СП 255.1325800.2016,,,,,
,,,ADJA,,,,Составление дефектной ведомости для текущего ремонта ,,СП 255.1325800.2016,,,,,
,,,ADJB,,,,Составление акта приемки выполненных работ по текущему ремонту ,,СП 255.1325800.2016,,,,,
,,,ADJC,,,,Составление ведомости характеристик состояния и устройства железнодорожного пути после ремонтных работ,,Приказ Минтранса России от 23.6.2022 N 250,,,,,
,,,ADJD,,,,Составление схемы исполненного продольного профиля железнодорожных путей,,Приказ Минтранса России от 23.6.2022 N 250,,,,,
,,,ADJE,,,,Составление характеристики кривых железнодорожных путей,,Приказ Минтранса России от 23.6.2022 N 250,,,,,
,,,ADJF,,,,Проведение оценки состояния геометрии рельсовой колеи,,Приказ Минтранса России от 23.6.2022 N 250,,,,,
,,,ADJG,,,,Составление Акта о ремонте балластной призмы железнодорожного ОКС,,Приказ Минтранса России от 23.6.2022 N 250,,,,,
,,,ADJH,,,,Составление Ведомости габаритных промеров после ремонтных работ железнодорожного ОКС,,Приказ Минтранса России от 23.6.2022 N 250,,,,,
,,,ADJJ,,,,Составление Акта об укладке в железнодорожный путь рельсовых плетей,,Приказ Минтранса России от 23.6.2022 N 250,,,,,
,,ADK,,,,,Организация выполнения рекомендаций по итогам контроля промышленной безопасности опасных ОКС,,ПОТ Р О-14000-004-98 ,,,,,
,,ADL,,,,,Ведение документации по трубопроводному ОКС,,"СП 36.13330.2012
Приказ Ростехнадзора от 27.12.2012 N 784",,,,,
,,,ADLA,,,,Ведение Журнала учета роста остаточных деформаций трубопроводного ОКС,,"СП 36.13330.2012
Приказ Ростехнадзора от 27.12.2012 N 784",,,,,
,,,ADLB,,,,Составление Акта ревизии трубопроводного ОКС,,"СП 36.13330.2012
Приказ Ростехнадзора от 27.12.2012 N 784",,,,,
,,,ADLC,,,,Ведение журнала сварочных работ на ремонт трубопроводного ОКС,,"СП 36.13330.2012
Приказ Ростехнадзора от 27.12.2012 N 784",,,,,
,,,ADLD,,,,"Ведение журнала контроля металла трубопровода, работающего в водородсодержащей среде",,"СП 36.13330.2012
Приказ Ростехнадзора от 27.12.2012 N 784",,,,,
,,,ADLE,,,,Ведение журнала установки-снятия заглушек трубопроводного ОКС,,"СП 36.13330.2012
Приказ Ростехнадзора от 27.12.2012 N 784",,,,,
,,,ADLF,,,,Составление Акта отбраковки трубопроводного ОКС,,"СП 36.13330.2012
Приказ Ростехнадзора от 27.12.2012 N 784",,,,,
,,,ADLG,,,,Ведение журнала термической обработки сварных соединений трубопроводного ОКС,,"СП 36.13330.2012
Приказ Ростехнадзора от 27.12.2012 N 784",,,,,
,,,ADLH,,,,Составление Заключения о качестве сварных швов трубопроводного ОКС,,"СП 36.13330.2012
Приказ Ростехнадзора от 27.12.2012 N 784",,,,,
,,,ADLJ,,,,Составление Акта испытания трубопроводного ОКС,,"СП 36.13330.2012
Приказ Ростехнадзора от 27.12.2012 N 784",,,,,
,,,ADLK,,,,Составление схемы трубопроводного ОКС,,"СП 36.13330.2012
Приказ Ростехнадзора от 27.12.2012 N 784",,,,,
,AE,,,,,,Взаимодействие с государственными органами контроля и надзора,Подготовка и предоставление информации и документов государственным органам контроля и надзора,,По виду работ,"Ведение переписки, сопровождение проверяющего на объекте",,,
,,AEA,,,,,Подготовка ответов на запросы государственных органов контроля и надзора,,,,,,"Синтезировано на основе ГОСТ Р ИСО 9001-2015 
СП 255.1325800.2016
Жилищный кодекс Российской Федерации от 29.12.2004 N 188-ФЗ
ПОТ Р О-14000-004-98 ",
,,AEB,,,,,"Организация устранения нарушений, указанных государственными органами контроля и надзора",,,,,,"Синтезировано на основе ГОСТ Р ИСО 9001-2015 
СП 255.1325800.2016
Жилищный кодекс Российской Федерации от 29.12.2004 N 188-ФЗ
ПОТ Р О-14000-004-98 ",
,,AEC,,,,,Направление статистической отчетности по специфике ОКС в отраслевой орган,,,,,,"Синтезировано на основе ГОСТ Р ИСО 9001-2015 
СП 255.1325800.2016
Жилищный кодекс Российской Федерации от 29.12.2004 N 188-ФЗ
ПОТ Р О-14000-004-98 ",
,,AED,,,,,Участие в работе комиссии по расследованию возникшей аварии на ОКС,,,,,,"Синтезировано на основе ГОСТ Р ИСО 9001-2015 
СП 255.1325800.2016
Жилищный кодекс Российской Федерации от 29.12.2004 N 188-ФЗ
ПОТ Р О-14000-004-98 ",
,AF,,,,,,Взаимодействие с подрядными организациями,"Подготовка договора подряда, согласование, надзор за реализацией. Использование типовых контрактов FIDIC",,По этапу работ,,,,
,,AFA,,,,,Разработка технического задания,,,,,,"Синтезировано на основе ГОСТ Р ИСО 9001-2015 
СП 255.1325800.2016
Гражданский кодекс Российской Федерации (часть первая) от 30.11.1994 N 51-ФЗ",
,,AFB,,,,,Подготовка конкурсной документации,,,,,,"Синтезировано на основе ГОСТ Р ИСО 9001-2015 
СП 255.1325800.2016
Гражданский кодекс Российской Федерации (часть первая) от 30.11.1994 N 51-ФЗ",
,,AFC,,,,,Сопровождение договора на производство работ,,,,,,"Синтезировано на основе ГОСТ Р ИСО 9001-2015 
СП 255.1325800.2016
Гражданский кодекс Российской Федерации (часть первая) от 30.11.1994 N 51-ФЗ",
,,,AFCA,,,,Проведение конкурсных процедур,,,,,,"Синтезировано на основе ГОСТ Р ИСО 9001-2015 
СП 255.1325800.2016
Гражданский кодекс Российской Федерации (часть первая) от 30.11.1994 N 51-ФЗ",
,,,AFCB,,,,Заключение договора на производство работ,,,,,,"Синтезировано на основе ГОСТ Р ИСО 9001-2015 
СП 255.1325800.2016
Гражданский кодекс Российской Федерации (часть первая) от 30.11.1994 N 51-ФЗ",
,,,AFCC,,,,Контроль соблюдения условий договора,,,,,,"Синтезировано на основе ГОСТ Р ИСО 9001-2015 
СП 255.1325800.2016
Гражданский кодекс Российской Федерации (часть первая) от 30.11.1994 N 51-ФЗ",
,,,,AFCCA,,,Проверка соблюдения условий договора,,,,,,"Синтезировано на основе ГОСТ Р ИСО 9001-2015 
СП 255.1325800.2016
Гражданский кодекс Российской Федерации (часть первая) от 30.11.1994 N 51-ФЗ",
,,,,,AFCCAA,,Контроль качества работ по договору,,,,,,"Синтезировано на основе ГОСТ Р ИСО 9001-2015 
СП 255.1325800.2016
Гражданский кодекс Российской Федерации (часть первая) от 30.11.1994 N 51-ФЗ",
,,,,,AFCCAB,,Контроль выполнения сроков работ по договору,,,,,,"Синтезировано на основе ГОСТ Р ИСО 9001-2015 
СП 255.1325800.2016
Гражданский кодекс Российской Федерации (часть первая) от 30.11.1994 N 51-ФЗ",
,,,,AFCCB,,,Составление актов на скрытые работы,,,,,,"Синтезировано на основе ГОСТ Р ИСО 9001-2015 
СП 255.1325800.2016
Гражданский кодекс Российской Федерации (часть первая) от 30.11.1994 N 51-ФЗ",
,,,,AFCCC,,,Претензионно-исковая работа,,,,,,"Синтезировано на основе ГОСТ Р ИСО 9001-2015 
СП 255.1325800.2016
Гражданский кодекс Российской Федерации (часть первая) от 30.11.1994 N 51-ФЗ",
,,,AFCD,,,,"Приемка службой эксплуатации работ, выполненных подрядной организацией",,,,,,"Синтезировано на основе ГОСТ Р ИСО 9001-2015 
СП 255.1325800.2016
Гражданский кодекс Российской Федерации (часть первая) от 30.11.1994 N 51-ФЗ",
,AG,,,,,,Организация прекращения эксплуатации ОКС,,,По виду работ,,,,
,,AGA,,,,,Установление аварийного (ограниченно-работоспособного) технического состояния ,,,,,,"Синтезировано на основе ГОСТ Р ИСО 9001-2015 
СП 255.1325800.2016
Гражданский кодекс Российской Федерации (часть первая) от 30.11.1994 N 51-ФЗ",
,,AGB,,,,,Выполнение рекомендаций по результатам эксплуатационного контроля ,,,,,,"Синтезировано на основе 
СП 255.1325800.2016
ПОТ Р О-14000-004-98 ",
,,AGC,,,,,Выполнение требований государственных органов контроля и надзора,,,,,,"Синтезировано на основе 
СП 255.1325800.2016
ПОТ Р О-14000-004-98 ",
,,AGD,,,,,Организация консервации ОКС,,,,,,"Синтезировано на основе 
СП 255.1325800.2016
ПОТ Р О-14000-004-98 ",
,,AGE,,,,,Списание с баланса изношенного ОКС,,,,,,Синтезировано на основе СП 325.1325800.2017  Приказ Минфина России от 30.03.2001 N 26н,
,,AGF,,,,,Организация сноса (демонтажа) ОКС,,СП 325.1325800.2017 ,,,,,
B,,,,,,,Эксплуатационный контроль,,Федеральный закон от 30.12.2009 N 384-ФЗ,По виду работ,,,,
,BA,,,,,,Проведение осмотра ОКС,Целью осмотров является установление возможных причин возникновения дефектов и выработка мер по их устранению. В ходе осмотров осуществляется также контроль за использованием и содержанием помещений.,,По виду работ,,,,
,,BAA,,,,,Проведение текущего осмотра ОКС,,СП 255.1325800.2016,,,,,
,,,BAAA,,,,Проверка соблюдения пользователями правил содержания и ухода за строительными конструкциями ,,"СП 255.1325800.2016
ПОТ Р О-14000-004-98 ",,,,,
,,,BAAB,,,,Проверка соблюдения пользователями условий для осуществления нормального хода производственных процессов,,"СП 255.1325800.2016
ПОТ Р О-14000-004-98 ",,,,,
,,,BAAC,,,,Проверка температурно-влажностного режима в помещении,,"СП 255.1325800.2016
ПОТ Р О-14000-004-98 ",,,,,
,,,BAAD,,,,Проведение осмотра соединений линейного ОКС,,"СТО 70238424.29.240.20.002-2011
Приказ Ростехнадзора от 27.12.2012 N 784
СП 36.13330.2012",,,,,
,,,BAAE,,,,Проведение осмотра опор линейного ОКС,,"СТО 70238424.29.240.20.002-2011
Приказ Ростехнадзора от 27.12.2012 N 784
СП 36.13330.2012",,,,,
,,,BAAF,,,,Проведение осмотра линии электропередач,,СТО 70238424.29.240.20.002-2011,,,,,
,,,,BAAFA,,,Измерение расстояний от проводов до деревьев и кустарников под проводами,,СТО 70238424.29.240.20.002-2011,,,,,
,,,,BAAFB,,,Измерение стрел провеса проводов линии электропередач,,СТО 70238424.29.240.20.002-2011,,,,,
,,,,BAAFC,,,Измерение ширины просеки для линии электропередач,,СТО 70238424.29.240.20.002-2011,,,,,
,,,,BAAFD,,,Проверка загнивания деталей деревянной опоры линии электропередач,,СТО 70238424.29.240.20.002-2011,,,,,
,,,,BAAFE,,,Проверка состояния изоляторов линии электропередач,,СТО 70238424.29.240.20.002-2011,,,,,
,,,,BAAFF,,,Проверка тяжения в оттяжках опоры линии электропередач,,СТО 70238424.29.240.20.002-2011,,,,,
,,,,BAAFG,,,Измерение сопротивления заземления опоры линии электропередач,,СТО 70238424.29.240.20.002-2011,,,,,
,,,,BAAFH,,,Измерение сопротивления петли фаза-ноль линии электропередач,,СТО 70238424.29.240.20.002-2011,,,,,
,,,BAAG,,,,Регистрация данных о нарушениях (РАС),,Система идентификации электростанции (KKS) ,,,,,
,,BAB,,,,,Проведение сезонного осмотра ОКС,Целью осмотров является установление возможных причин возникновения дефектов и выработка мер по их устранению. В ходе осмотров осуществляется также контроль за использованием и содержанием помещений.,СП 255.1325800.2016,,,,,
,,,BABA,,,,Проведение весеннего осмотра ОКС,Целью осмотров является установление возможных причин возникновения дефектов и выработка мер по их устранению. В ходе осмотров осуществляется также контроль за использованием и содержанием помещений.,СП 255.1325800.2016,,,,,
,,,,BABAA,,,Проверка технического состояния конструкций ,,,,,,"Синтезировано на основе 
СП 255.1325800.2016
ПОТ Р О-14000-004-98 ",
,,,,BABAB,,,Проверка технического состояния инженерных систем ,,,,,,"Синтезировано на основе 
СП 255.1325800.2016
ПОТ Р О-14000-004-98 ",
,,,,BABAC,,,"Определение характера опасности повреждений, полученных в результате эксплуатации ОКС в зимний период",,,,,,"Синтезировано на основе 
СП 255.1325800.2016
ПОТ Р О-14000-004-98 ",
,,,,BABAD,,,Проведение осмотра системы пожарной безопасности ,,,,,,"Синтезировано на основе 
СП 255.1325800.2016
ПОТ Р О-14000-004-98 ",
,,,,BABAE,,,Проведение осмотра системы эвакуации ,,,,,,"Синтезировано на основе 
СП 255.1325800.2016
ПОТ Р О-14000-004-98 ",
,,,,BABAF,,,Проверка исправности ливневых водостоков ,,,,,,"Синтезировано на основе 
СП 255.1325800.2016
ПОТ Р О-14000-004-98 ",
,,,BABB,,,,Проведение осеннего осмотра ОКС,,,,,,"Синтезировано на основе 
СП 255.1325800.2016
ПОТ Р О-14000-004-98 ",
,,,,BABBA,,,Проверка исправности открывающихся элементов дверных (оконных) заполнений ,,,,,,"Синтезировано на основе 
СП 255.1325800.2016
ПОТ Р О-14000-004-98 ",
,,,,BABBB,,,Проверка наличия инструмента для очистки покрытий от снега,,,,,,"Синтезировано на основе 
СП 255.1325800.2016
ПОТ Р О-14000-004-98 ",
,,,,BABBC,,,Проверка исправности обогрева кровли и водостоков ,,,,,,"Синтезировано на основе 
СП 255.1325800.2016
ПОТ Р О-14000-004-98 ",
,,,,BABBD,,,Проверка состояния водостоков ,,,,,,"Синтезировано на основе 
СП 255.1325800.2016
ПОТ Р О-14000-004-98 ",
,,,,BABBE,,,Проверка исправности элементов доступа в ОКС,,,,,,"Синтезировано на основе 
СП 255.1325800.2016
ПОТ Р О-14000-004-98 ",
,,,,BABBF,,,Проверка состояния кровли ,,,,,,"Синтезировано на основе 
СП 255.1325800.2016
ПОТ Р О-14000-004-98 ",
,,BAC,,,,,Проведение планового осмотра ОКС,,,,,,"Синтезировано на основе 
СП 255.1325800.2016
ПОТ Р О-14000-004-98 ",
,,,BACA,,,,Проверка механической безопасности конструктивных элементов ,,,,,,"Синтезировано на основе 
СП 255.1325800.2016
ПОТ Р О-14000-004-98 ",
,,,BACB,,,,Проверка исправности функционирования инженерных систем ,,,,,,"Синтезировано на основе 
СП 255.1325800.2016
ПОТ Р О-14000-004-98 ",
,,,BACC,,,,Осмотр элементов системы пожарной безопасности ,,,,,,"Синтезировано на основе 
СП 255.1325800.2016
ПОТ Р О-14000-004-98 ",
,,,BACD,,,,Осмотр элементов системы эвакуации ,,,,,,"Синтезировано на основе 
СП 255.1325800.2016
ПОТ Р О-14000-004-98 ",
,,,BACE,,,,Проверка безопасных условий пребывания в ,,,,,,"Синтезировано на основе 
СП 255.1325800.2016
ПОТ Р О-14000-004-98 ",
,,,BACF,,,,Осмотр элементов системы доступа в ОКС,,,,,,"Синтезировано на основе 
СП 255.1325800.2016
ПОТ Р О-14000-004-98 ",
,,,BACG,,,,Осмотр элементов системы доступности ОКС,,,,,,"Синтезировано на основе 
СП 255.1325800.2016
ПОТ Р О-14000-004-98 ",
,,,BACH,,,,Осмотр элементов системы безопасной эксплуатации территории ОКС,,,,,,"Синтезировано на основе 
СП 255.1325800.2016
ПОТ Р О-14000-004-98 ",
,,,BACJ,,,,"Осмотр элементов экстерьера ОКС (фасадов балконов, козырьков, витражей, наружных дверей, карнизов, кровли, водостоков)",,,,,,"Синтезировано на основе 
СП 255.1325800.2016
ПОТ Р О-14000-004-98 ",
,,,BACK,,,,Осмотр элементов интерьера ОКС,,,,,,"Синтезировано на основе 
СП 255.1325800.2016
ПОТ Р О-14000-004-98 ",
,,,BACL,,,,Осмотр архитектурных форм ,,,,,,"Синтезировано на основе 
СП 255.1325800.2016
ПОТ Р О-14000-004-98 ",
,,BAD,,,,,Проведение внеочередного осмотра ОКС,,,,,,"Синтезировано на основе 
СП 255.1325800.2016
ПОТ Р О-14000-004-98 ",
,BB,,,,,,Проведение обследования технического состояния ОКС специализированной организацией,"Комплекс мероприятий по определению и оценке фактических значений контролируемых параметров, характеризующих эксплуатационное состояние, пригодность и работоспособность объектов обследования и определяющих возможность их дальнейшей эксплуатации или необходимость восстановления и усиления.",,По виду работ,,,"Синтезировано на основе Классификации процессов обследования (см. КТ ""Процессы инженерных изысканий"")",
,,BBA,,,,,Проведение первичного обследования технического состояния после ввода в эксплуатацию,,"ГОСТ 31937-2011
СП 13-102-2003",,,,,
,,BBB,,,,,Проведение периодического обследования технического состояния,,"ГОСТ 31937-2011
СП 13-102-2003",,,,,
,,BBC,,,,,Проведение внеочередного обследования технического состояния,,"ГОСТ 31937-2011
СП 13-102-2003",,,,,
,,BBD,,,,,Установление степени повреждения строительной конструкции,,"ГОСТ 31937-2011
СП 13-102-2003",,,,,
,,BBE,,,,,Установление степени повреждения инженерного оборудования,,"ГОСТ 31937-2011
СП 13-102-2003",,,,,
,,BBF,,,,,Установление состояния грунтов основания,,"ГОСТ 31937-2011
СП 13-102-2003",,,,,
,,BBG,,,,,Установление степени повреждения ОКС в целом,,"ГОСТ 31937-2011
СП 13-102-2003",,,,,
,,BBH,,,,,Установление категории технического состояния ОКС,,"ГОСТ 31937-2011
СП 13-102-2003",,,,,
,,BBJ,,,,,Принятие обоснованного решения о возможности дальнейшей безаварийной эксплуатации ОКС,,"ГОСТ 31937-2011
СП 13-102-2003",,,,,
,,BBK,,,,,Составление заключения о техническом состоянии ОКС,,"ГОСТ 31937-2011
СП 13-102-2003",,,,,
,,BBL,,,,,Обследование технического состояния опасных ОКС специализированной лицензированной организацией,,"ГОСТ 31937-2011
СП 13-102-2003
ПОТ Р О-14000-004-98 ",,,,,
,,BBM,,,,,Составление заключения экспертизы промышленной безопасности по продлению срока безопасной эксплуатации опасных ОКС,,"ГОСТ 31937-2011
СП 13-102-2003
ПОТ Р О-14000-004-98 ",,,,,
,BC,,,,,,Проведение мониторинга технического состояния ОКС специализированной организацией,"Система наблюдения и контроля, проводимая по определенной программе, утверждаемой заказчиком, для выявления объектов, на которых произошли значительные изменения напряженно-деформированного состояния несущих конструкций или крена и для которых необходимо обследование их технического состояния (изменения напряженно-деформированного состояния характеризуются изменением имеющихся и возникновением новых деформаций или определяются путем инструментальных измерений).",,По виду ОКС и работ,,,"Синтезировано на основе Классификации процессов мониторинга (см. КТ ""Процессы инженерных изысканий"")",
,,BCA,,,,,Проведение общего мониторинга технического состояния ОКС,,"ГОСТ 31937-2011
СП 13-102-2003",,,,,
,,BCB,,,,,"Проведение мониторинга технического состояния ОКС, находящегося в ограниченно-работоспособном (аварийном) состоянии",,"ГОСТ 31937-2011
СП 13-102-2003",,,,,
,,BCC,,,,,"Проведение мониторинга технического состояния ОКС, попадающего в зону влияния нового строительства (реконструкции, природно-техногенных воздействий)",,"ГОСТ 31937-2011
СП 13-102-2003",,,,,
,,BCD,,,,,Проведение мониторинга технического состояния высотного ОКС,"Процесс выявления изменений, связанные с превышением предельных значений: - крена здания; параметров собственных колебаний здания в соответствии с ГОСТ 34081; общих деформаций здания; деформаций отдельных конструкций и узлов.","ГОСТ 31937-2011
СП 13-102-2003",,,,,
,,BCE,,,,,Проведение мониторинга технического состояния уникального ОКС,,"ГОСТ 31937-2011
СП 13-102-2003",,,,,
,,BCF,,,,,Составление заключения по итогам проведения мониторинга технического состояния ОКС,,"ГОСТ 31937-2011
СП 13-102-2003",,,,,
,BD,,,,,,Проведение ревизии (освидетельствования) линейного ОКС,,,По виду работ,,,,
,,BDA,,,,,Проведение осмотра линейного ОКС,,"СП 36.13330.2012
Приказ Ростехнадзора от 27.12.2012 N 784
СТО 70238424.29.240.20.002-2011",,,,,
,,BDB,,,,,Измерение толщины стенки трубопроводного ОКС,,"СП 36.13330.2012
Приказ Ростехнадзора от 27.12.2012 N 784",,,,,
,,BDC,,,,,Выполнение контроля сварных стыков трубопроводного ОКС,,"СП 36.13330.2012
Приказ Ростехнадзора от 27.12.2012 N 784",,,,,
,,BDD,,,,,Измерение деформации трубопроводного ОКС,,"СП 36.13330.2012
Приказ Ростехнадзора от 27.12.2012 N 784",,,,,
,,BDE,,,,,Выборочное измерение резьбовым калибром резьбового соединения трубопроводного ОКС,,"СП 36.13330.2012
Приказ Ростехнадзора от 27.12.2012 N 784",,,,,
,,BDF,,,,,Выборочная проверка прокладки трубопроводного ОКС,,"СП 36.13330.2012
Приказ Ростехнадзора от 27.12.2012 N 784",,,,,
,,BDG,,,,,Проверка опоры линейного ОКС,,"СП 36.13330.2012
Приказ Ростехнадзора от 27.12.2012 N 784
СТО 70238424.29.240.20.002-2011",,,,,
,,BDH,,,,,Проверка крепежной детали линейного ОКС,,"СП 36.13330.2012
Приказ Ростехнадзора от 27.12.2012 N 784
СТО 70238424.29.240.20.002-2011",,,,,
,,BDJ,,,,,Оформление акта ревизии линейного ОКС,,"СП 36.13330.2012
Приказ Ростехнадзора от 27.12.2012 N 784
СТО 70238424.29.240.20.002-2011",,,,,
C,,,,,,,Техническое обслуживание,"Комплекс мероприятий, целью которых является обеспечение эффективной и безопасной эксплуатации оборудования и коммуникаций. ",,По виду работ,,НД 10,,Техническое обслуживание
,CA,,,,,,Текущее обслуживание ОКС,"Поддержание надлежащего технического состояния зданий (сооружений) в части параметров устойчивости, надежности, а также исправности строительных конструкций, систем инженерно-технического обеспечения, строительных конструкций, систем инженерно-технического обеспечения, сетей инженерно-технического обеспечения, их элементов в соответствии с требованиями технических регламентов, проектной документации зданий (сооружений) в части параметров устойчивости, надежности, а также исправности строительных конструкций, систем инженерно-технического обеспечения, строительных конструкций, систем инженерно-технического обеспечения, сетей инженерно-технического обеспечения, их элементов в соответствии с требованиями технических регламентов, проектной документации.",,По виду объекта обслуживания,,НД 10 10,,Обслуживание инженерных систем здания
,,CAA,,,,,Текущее обслуживание строительной конструкции,,СП 255.1325800.2016,,,,,
,,,CAAA,,,,Поддержание в эксплуатационном состоянии строительной конструкции,,,,,,"Синтезировано на основе 
СП 255.1325800.2016
ПОТ Р О-14000-004-98 ",
,,,,CAAAA,,,Устранение нарушений правил содержания строительной конструкции,,,,,,"Синтезировано на основе 
СП 255.1325800.2016
ПОТ Р О-14000-004-98 ",
,,,,,CAAAAA,,Устранение проникновения технологических вод ОКС в грунт,,,,,,"Синтезировано на основе 
СП 255.1325800.2016
ПОТ Р О-14000-004-98 ",
,,,,,CAAAAB,,Устранение проникновения хозяйственных вод ОКС в грунт,,,,,,"Синтезировано на основе 
СП 255.1325800.2016
ПОТ Р О-14000-004-98 ",
,,,,,CAAAAC,,Устранение перегрузки строительной конструкции,"Запрет на установку оборудования, не предусмотренного проектом, защита конструкций от ударов",,,,,"Синтезировано на основе 
СП 255.1325800.2016
ПОТ Р О-14000-004-98 ",
,,,,,CAAAAD,,Устранение неисправности системы дренажа,,,,,,"Синтезировано на основе 
СП 255.1325800.2016
ПОТ Р О-14000-004-98 ",
,,,,,CAAAAE,,Устранение неисправности системы водопонижения,,,,,,"Синтезировано на основе 
СП 255.1325800.2016
ПОТ Р О-14000-004-98 ",
,,,,CAAAB,,,Поддержание подвального помещения в эксплуатационном состоянии,,,,,,"Синтезировано на основе 
СП 255.1325800.2016
ПОТ Р О-14000-004-98 ",
,,,,,,CAAAB010,Поддержание подвального помещения в сухом состоянии,,,,"Поддержание работоспособности гидроизоляции
Поддержание работоспособности системы дренирования
Поддержание работоспособности системы откачки воды",,"Синтезировано на основе 
СП 255.1325800.2016
ПОТ Р О-14000-004-98 ",
,,,,,,CAAAB020,Поддержание подвального помещения освещенным,,,,,,"Синтезировано на основе 
СП 255.1325800.2016
ПОТ Р О-14000-004-98 ",
,,,,,,CAAAB030,Поддержание подвального помещения вентилируемым,,,,,,"Синтезировано на основе 
СП 255.1325800.2016
ПОТ Р О-14000-004-98 ",
,,,CAAB,,,,Поддержание в помещениях температурно-влажностного режима,,,,,,"Синтезировано на основе 
СП 255.1325800.2016
ПОТ Р О-14000-004-98 ",
,,,CAAC,,,,Предохранение ОКС от механического воздействия,,,,,,"Синтезировано на основе 
СП 255.1325800.2016
ПОТ Р О-14000-004-98 ",
,,,CAAD,,,,Предохранение ОКС от воздействия оборудования,,,,,,"Синтезировано на основе 
СП 255.1325800.2016
ПОТ Р О-14000-004-98 ",
,,,CAAE,,,,Предохранение ОКС от воздействия среды,,,,"Устройство изоляционных материалов, монтаж предохраняющих конструкций, козырьков",,"Синтезировано на основе 
СП 255.1325800.2016
ПОТ Р О-14000-004-98 ",
,,,,,,CAAE010,Предохранение ОКС от температурного воздействия среды,,,,,,"Синтезировано на основе 
СП 255.1325800.2016
ПОТ Р О-14000-004-98 ",
,,,,,,CAAE020,Предохранение ОКС от химического воздействия среды,,,,,,"Синтезировано на основе 
СП 255.1325800.2016
ПОТ Р О-14000-004-98 ",
,,,CAAF,,,,Предохранение ОКС от воздействия грунтовых вод,,,,,,"Синтезировано на основе 
СП 255.1325800.2016
ПОТ Р О-14000-004-98 ",
,,,,CAAFA,,,Контроль химического состава грунтовых вод,,,,,,"Синтезировано на основе 
СП 255.1325800.2016
ПОТ Р О-14000-004-98 ",
,,,,CAAFB,,,Контроль уровня грунтовых вод,,,,,,"Синтезировано на основе 
СП 255.1325800.2016
ПОТ Р О-14000-004-98 ",
,,,,CAAFC,,,Содержание в исправном состоянии влагоизолирующих слоев фундаментов,,,,,,"Синтезировано на основе 
СП 255.1325800.2016
ПОТ Р О-14000-004-98 ",
,,,CAAG,,,,Устранение химического воздействия среды на строительную конструкцию,,,,,,"Синтезировано на основе 
СП 255.1325800.2016
ПОТ Р О-14000-004-98 ",
,,,,CAAGA,,,Антикоррозийная обработка металлических конструкций,,,,,,"Синтезировано на основе 
СП 255.1325800.2016
ПОТ Р О-14000-004-98 ",
,,,,CAAGB,,,Обеспечение вентилирования деревянных конструкций,,,,,,"Синтезировано на основе 
СП 255.1325800.2016
ПОТ Р О-14000-004-98 ",
,,,,CAAGC,,,Обеспечение просушки деревянных конструкций,,,,,,"Синтезировано на основе 
СП 255.1325800.2016
ПОТ Р О-14000-004-98 ",
,,,CAAH,,,,Предохранение ОКС от воздействия атмосферных осадков,,,,,,"Синтезировано на основе 
СП 255.1325800.2016
ПОТ Р О-14000-004-98 ",
,,,,CAAHA,,,Содержание в исправном состоянии наружных слоев ограждающих конструкций,,,,,,"Синтезировано на основе 
СП 255.1325800.2016
ПОТ Р О-14000-004-98 ",
,,,,CAAHB,,,Содержание в исправном состоянии конструкций отвода дождевых (талых) вод,,,,,,"Синтезировано на основе 
СП 255.1325800.2016
ПОТ Р О-14000-004-98 ",
,,,,,CAAHBA,,Содержание в исправном состоянии разжелобков,,,,,,"Синтезировано на основе 
СП 255.1325800.2016
ПОТ Р О-14000-004-98 ",
,,,,,CAAHBB,,Содержание в исправном состоянии фартуков отвода дождевых (талых) вод,,,,,,"Синтезировано на основе 
СП 255.1325800.2016
ПОТ Р О-14000-004-98 ",
,,,,,CAAHBC,,Содержание в исправном состоянии сливов,,,,,,"Синтезировано на основе 
СП 255.1325800.2016
ПОТ Р О-14000-004-98 ",
,,,,,CAAHBD,,Содержание в исправном состоянии наружных водостоков,,,,,,"Синтезировано на основе 
СП 255.1325800.2016
ПОТ Р О-14000-004-98 ",
,,,,,CAAHBE,,Содержание в исправном состоянии внутренних водостоков,,,,,,"Синтезировано на основе 
СП 255.1325800.2016
ПОТ Р О-14000-004-98 ",
,,,,,CAAHBF,,Содержание в исправном состоянии сетей ливневой канализации,,,,,,"Синтезировано на основе 
СП 255.1325800.2016
ПОТ Р О-14000-004-98 ",
,,,,,CAAHBG,,Содержание в исправном состоянии системы дренажа,,,,,,"Синтезировано на основе 
СП 255.1325800.2016
ПОТ Р О-14000-004-98 ",
,,,,CAAHC,,,Поддержание в эксплуатационном состоянии покрытий,,СП 78.13330.2012,,,,,
,,,,,CAAHCA,,Поддержание сплошности покрытия,,СП 78.13330.2012,,,,,
,,,,,CAAHCB,,Поддержание ровности покрытия,,СП 78.13330.2012,,,,,
,,,,,CAAHCC,,Поддержание проектного уклона покрытия,,СП 78.13330.2012,,,,,
,,,,CAAHD,,,Поддержание проектной планировки территории,,,,,,"Синтезировано на основе 
СП 255.1325800.2016
ПОТ Р О-14000-004-98 ",
,,,CAAJ,,,,Текущее обслуживание автодорожного линейного ОКС,,СП 78.13330.2012,,,,,
,,,,CAAJA,,,Обновление разметки в рамках текущего обслуживания автодорожного линейного ОКС,,СП 78.13330.2012,,,,,
,,,,CAAJB,,,Обновление навигационного знака в рамках текущего обслуживания автодорожного линейного ОКС,,СП 78.13330.2012,,,,,
,,,,CAAJC,,,Обновление габаритных ворот в рамках текущего обслуживания автодорожного линейного ОКС,,СП 78.13330.2012,,,,,
,,,,CAAJD,,,Обновление знаков организации движения по мосту в рамках текущего обслуживания автодорожного линейного ОКС,,СП 78.13330.2012,,,,,
,,,,CAAJE,,,Ямочный ремонт покрытия в рамках текущего обслуживания автодорожного линейного ОКС,,СП 78.13330.2012,,,,,
,,,,CAAJF,,,Устранение волны в рамках текущего обслуживания автодорожного линейного ОКС,,СП 78.13330.2012,,,,,
,,,,CAAJG,,,Зачеканка щелей между тротуарными блоками в рамках текущего обслуживания автодорожного линейного ОКС,,СП 78.13330.2012,,,,,
,,,,CAAJH,,,Заделка трещин покрытия в рамках текущего обслуживания автодорожного линейного ОКС,,СП 78.13330.2012,,,,,
,,,,CAAJJ,,,Окраска ограждений в рамках текущего обслуживания автодорожного линейного ОКС,,СП 78.13330.2012,,,,,
,,,,CAAJK,,,Замена мастики в деформационном шве в рамках текущего обслуживания автодорожного линейного ОКС,,СП 78.13330.2012,,,,,
,,,,CAAJL,,,Досыпка грунта в рамках текущего обслуживания автодорожного линейного ОКС,,СП 78.13330.2012,,,,,
,,,CAAK,,,,Опробование инженерно-технической системы ОКС,,,,,,"Синтезировано на основе 
СП 255.1325800.2016
ПОТ Р О-14000-004-98 ",
,,,CAAL,,,,Проведение испытания системы инженерного оборудования ОКС,,,,,,"Синтезировано на основе 
СП 255.1325800.2016
ПОТ Р О-14000-004-98 ",
,,,,CAALA,,,Ежегодное проведение испытания системы инженерного оборудования,,,,,,"Синтезировано на основе 
СП 255.1325800.2016
ПОТ Р О-14000-004-98 ",
,,,,CAALB,,,Проведение испытания системы инженерного оборудования после капитального ремонта,,,,,,"Синтезировано на основе 
СП 255.1325800.2016
ПОТ Р О-14000-004-98 ",
,,,,CAALC,,,Проведение испытания системы инженерного оборудования после реконструкции,,,,,,"Синтезировано на основе 
СП 255.1325800.2016
ПОТ Р О-14000-004-98 ",
,,,,CAALD,,,Проведение испытания системы инженерного оборудования после завершения монтажных работ,,,,,,"Синтезировано на основе 
СП 255.1325800.2016
ПОТ Р О-14000-004-98 ",
,,,CAAM,,,,Наладка инженерно-технической системы ОКС,,ГЭСНп,,,,"Синтезировано на основе 
СП 255.1325800.2016
ПОТ Р О-14000-004-98 ",
,,,CAAN,,,,Регулирование инженерно-технической системы ОКС,,,,,,"Синтезировано на основе 
СП 255.1325800.2016
ПОТ Р О-14000-004-98 ",
,,,CAAP,,,,Установка автоматизированной информационно-измерительной системы учета ресурсов ОКС,,,,,,"Синтезировано на основе 
СП 255.1325800.2016
ПОТ Р О-14000-004-98 ",
,,CAB,,,,,Текущее обслуживание автоматизированной системы мониторинга высотных и уникальных ОКС,,,,,,"Синтезировано на основе 
СП 255.1325800.2016
ПОТ Р О-14000-004-98 ",
,,,CABA,,,,Обеспечение работоспособности системы мониторинга динамического поведения прилегающего грунта высотного или уникального ОКС,,,,"Замена вышедших из строя датчиков, элементов питания",,"Синтезировано на основе 
СП 255.1325800.2016
ПОТ Р О-14000-004-98 ",
,,,CABB,,,,Обеспечение работоспособности системы мониторинга технического состояния конструкций высотного или уникального ОКС,"В ближайшие два-три года после ввода станции мониторинга в эксплуатацию проводят измерения, на основании которых делают выводы о техническом состоянии здания, направленности и скорости изменений технического состояния здания, а также о целесообразности корректирования программы, методики проведения мониторинга и его регламента, состава станции мониторинга.",СП 343.1325800.2017,,,,,
,,,CABC,,,,Обеспечение работоспособности системы мониторинга динамического поведения конструкций высотного или уникального ОКС,,СП 343.1325800.2017,,,,,
,,CAC,,,,,Выполнение мероприятий по энергосбережению ОКС,,СП 255.1325800.2016,,,,,
,,,CACA,,,,Выполнение мероприятий по энергосбережению в системе электроснабжения,,,,,,"Синтезировано на основе 
СП 255.1325800.2016
СП 54.13330.2016",
,,,,CACAA,,,Установка выключателя нагрузки перед вводами силового трансформатора,,,,,,"Синтезировано на основе 
СП 255.1325800.2016
СП 54.13330.2016",
,,,,CACAB,,,Замена высоковольтного масляного выключателя на вакуумный,,,,,,"Синтезировано на основе 
СП 255.1325800.2016
СП 54.13330.2016",
,,,,CACAC,,,Равномерное распределение нагрузки по фазам,,,,,,"Синтезировано на основе 
СП 255.1325800.2016
СП 54.13330.2016",
,,,,CACAD,,,Оснащение системы электроснабжения системой мониторинга потребления электрической энергии,,,,,,"Синтезировано на основе 
СП 255.1325800.2016
СП 54.13330.2016",
,,,,CACAE,,,Сокращение числа электроприборов,,,,,,"Синтезировано на основе 
СП 255.1325800.2016
СП 54.13330.2016",
,,,,CACAF,,,Оптимизация времени использования оргтехники,,,,,,"Синтезировано на основе 
СП 255.1325800.2016
СП 54.13330.2016",
,,,,CACAG,,,Применение частотного регулирования насосов систем водоснабжения,,,,,,"Синтезировано на основе 
СП 255.1325800.2016
СП 54.13330.2016",
,,,,CACAH,,,Внедрение энергосберегающих конфорок на кухонной электрической плите,,,,,,"Синтезировано на основе 
СП 255.1325800.2016
СП 54.13330.2016",
,,,,CACAJ,,,Установка терморегулятора на систему электрического отопления,,,,,,"Синтезировано на основе 
СП 255.1325800.2016
СП 54.13330.2016",
,,,,CACAK,,,Ограничение холостого хода электроприемника,,,,,,"Синтезировано на основе 
СП 255.1325800.2016
СП 54.13330.2016",
,,,,CACAL,,,Ограничение холостого хода трансформаторной подстанции,,,,,,"Синтезировано на основе 
СП 255.1325800.2016
СП 54.13330.2016",
,,,CACB,,,,Выполнение мероприятий по энергосбережению в системе освещения ОКС,,,,,,"Синтезировано на основе 
СП 255.1325800.2016
СП 54.13330.2016",
,,,,CACBA,,,Замена лампы накаливания на светильник с люминесцентной лампой,,,,,,"Синтезировано на основе 
СП 255.1325800.2016
СП 54.13330.2016",
,,,,CACBB,,,Замена традиционной системы освещения на светодиодную,,,,,,"Синтезировано на основе 
СП 255.1325800.2016
СП 54.13330.2016",
,,,,CACBC,,,Замена электромагнитного пускорегулирующего устройства у люминесцентной лампы на электронное,,,,,,"Синтезировано на основе 
СП 255.1325800.2016
СП 54.13330.2016",
,,,,CACBD,,,Децентрализация включения освещения,,,,,,"Синтезировано на основе 
СП 255.1325800.2016
СП 54.13330.2016",
,,,,CACBE,,,Окраска стен помещений в светлый тон,,,,,,"Синтезировано на основе 
СП 255.1325800.2016
СП 54.13330.2016",
,,,CACC,,,,Выполнение мероприятий по энергосбережению в системе отопления ОКС,,,,,,"Синтезировано на основе 
СП 255.1325800.2016
СП 54.13330.2016",
,,,,CACCA,,,Гидравлическая наладка внутренней системы отопления,,,,,,"Синтезировано на основе 
СП 255.1325800.2016
СП 54.13330.2016",
,,,,CACCB,,,Химическая очистка внутренней поверхности нагрева оборудования системы отопления,,,,,,"Синтезировано на основе 
СП 255.1325800.2016
СП 54.13330.2016",
,,,,CACCC,,,Автоматизация систем теплоснабжения путем установки индивидуальных тепловых пунктов (ИТП) с регулированием подачи теплоты,,,,,,"Синтезировано на основе 
СП 255.1325800.2016
СП 54.13330.2016",
,,,,CACCD,,,Установка теплоотражателя за радиатором отопления в ОКС,,,,,,"Синтезировано на основе 
СП 255.1325800.2016
СП 54.13330.2016",
,,,,CACCE,,,Установка запорного термостатического вентиля на радиаторе отопления в ОКС,,,,,,"Синтезировано на основе 
СП 255.1325800.2016
СП 54.13330.2016",
,,,,CACCF,,,Применение частотного регулирования скорости вращения вентилятора,,,,,,"Синтезировано на основе 
СП 255.1325800.2016
СП 54.13330.2016",
,,,,CACCG,,,Замена однотрубной системы отопления на двухтрубную,,,,,,"Синтезировано на основе 
СП 255.1325800.2016
СП 54.13330.2016",
,,,,CACCH,,,Установка тепловой завесы на входе,,,,,,"Синтезировано на основе 
СП 255.1325800.2016
СП 54.13330.2016",
,,,,CACCJ,,,Разработка системы рекуперации тепла,,,,,,"Синтезировано на основе 
СП 255.1325800.2016
СП 54.13330.2016",
,,,CACD,,,,Выполнение мероприятий по энергосбережению в системе вентиляции ОКС,,,,,,"Синтезировано на основе 
СП 255.1325800.2016
СП 54.13330.2016",
,,,,CACDA,,,Отключение вентиляционной установки в нерабочее время,,,,,,"Синтезировано на основе 
СП 255.1325800.2016
СП 54.13330.2016",
,,,,CACDB,,,Применение блокировки вентилятора воздушной завесы с механизмом открывания дверей,,,,,,"Синтезировано на основе 
СП 255.1325800.2016
СП 54.13330.2016",
,,,,CACDC,,,Применение устройства автоматического управления вентиляционной установкой,,,,,,"Синтезировано на основе 
СП 255.1325800.2016
СП 54.13330.2016",
,,,CACE,,,,Выполнение мероприятий по энергосбережению в системе водоснабжения ОКС,,,,"Монтаж дополнительного энергосберегающего оборудования, очистного оборудования, резервуаров, ресиверов",,"Синтезировано на основе 
СП 255.1325800.2016
СП 54.13330.2016",
,,,,CACEA,,,Автоматизация регулирования системы водоснабжения,,,,,,"Синтезировано на основе 
СП 255.1325800.2016
СП 54.13330.2016",
,,,,CACEB,,,Обеспечение рециркуляции воды в системе водоснабжения,,,,,,"Синтезировано на основе 
СП 255.1325800.2016
СП 54.13330.2016",
,,,CACF,,,,Выполнение мероприятий по энергосбережению в конструктивных элементах ОКС,,,,,,"Синтезировано на основе 
СП 255.1325800.2016
СП 54.13330.2016",
,,,,CACFA,,,Гидрофобизация стен,"Обработка поверхности химическими препаратами, с целью получения водоотталкивающего эффекта",,,,,"Синтезировано на основе 
СП 255.1325800.2016
СП 54.13330.2016",
,,,,CACFB,,,Установка низкоэмиссионной теплоотражающей пленки на оконное стекло,,,,,,"Синтезировано на основе 
СП 255.1325800.2016
СП 54.13330.2016",
,,,,CACFC,,,Установка дополнительного стекла в межрамном пространстве окна,,,,,,"Синтезировано на основе 
СП 255.1325800.2016
СП 54.13330.2016",
,,,,CACFD,,,Установка пленки ПВХ в межрамном пространстве окна,,,,,,"Синтезировано на основе 
СП 255.1325800.2016
СП 54.13330.2016",
,,CAD,,,,,Принятие неотложных мер в аварийных ситуациях,,,,,,"Синтезировано на основе 
СП 255.1325800.2016
ПОТ Р О-14000-004-98 ",
,,,CADA,,,,Установка ограждения при аварийной ситуации,,,,,,"Синтезировано на основе 
СП 255.1325800.2016
ПОТ Р О-14000-004-98 ",
,,,CADB,,,,Установка сетки при аварийной ситуации,,,,,,"Синтезировано на основе 
СП 255.1325800.2016
ПОТ Р О-14000-004-98 ",
,,,CADC,,,,Демонтаж разрушающейся части элементов,,,,,,"Синтезировано на основе 
СП 255.1325800.2016
ПОТ Р О-14000-004-98 ",
,,,CADD,,,,Ликвидация аварии,,,,,,"Синтезировано на основе 
СП 255.1325800.2016
ПОТ Р О-14000-004-98 ",
,,,CADE,,,,Обеспечение пожаротушения,,"ГОСТ Р 53296-2009 
Федеральный закон от 30.12.2009 N 384-ФЗ",,,"НД 11 10
НД 11 10 10",,Транспортировка пожарных подразделений
,,,CADF,,,,Обеспечение пожарной безопасности,,Федеральный закон от 30.12.2009 N 384-ФЗ,,,"НД 11 15
НД 11",,Пожарная безопасность
,,CAE,,,,,Подготовка к сезонной эксплуатации ОКС,,,,,,"Синтезировано на основе 
СП 255.1325800.2016
ПОТ Р О-14000-004-98 ",
,,,CAEA,,,,Принятие защитных мер от сезонного подтопления,,,,,,"Синтезировано на основе 
СП 255.1325800.2016
ПОТ Р О-14000-004-98 ",
,,,,CAEAA,,,Очистка ливнесборного колодца,,,,,,"Синтезировано на основе 
СП 255.1325800.2016
ПОТ Р О-14000-004-98 ",
,,,,CAEAB,,,Очистка ливнесборного лотка,,,,,,"Синтезировано на основе 
СП 255.1325800.2016
ПОТ Р О-14000-004-98 ",
,,,,CAEAC,,,Очистка дренажного колодца,,,,,,"Синтезировано на основе 
СП 255.1325800.2016
ПОТ Р О-14000-004-98 ",
,,,CAEB,,,,Укрепление водосточной трубы,,,,,,"Синтезировано на основе 
СП 255.1325800.2016
ПОТ Р О-14000-004-98 ",
,,,CAEC,,,,Раскрытие продухов,,,,,,"Синтезировано на основе 
СП 255.1325800.2016
ПОТ Р О-14000-004-98 ",
,,,CAED,,,,Подготовка поливочной системы,,,,,,"Синтезировано на основе 
СП 255.1325800.2016
ПОТ Р О-14000-004-98 ",
,,,CAEE,,,,Укрепление флагодержателей,,,,,,"Синтезировано на основе 
СП 255.1325800.2016
ПОТ Р О-14000-004-98 ",
,,,CAEF,,,,Опорожнение трубопроводного ОКС,,"СП 36.13330.2012
Приказ Ростехнадзора от 27.12.2012 N 784",,,,,
,,,,CAEFA,,,Продувка трубопроводного ОКС,,"СП 36.13330.2012
Приказ Ростехнадзора от 27.12.2012 N 784",,,,,
,,,,CAEFB,,,Дренаж трубопроводного ОКС,,"СП 36.13330.2012
Приказ Ростехнадзора от 27.12.2012 N 784",,,,,
,,,,CAEFC,,,Промывка трубопроводного ОКС,,"СП 36.13330.2012
Приказ Ростехнадзора от 27.12.2012 N 784",,,,,
,,,CAEG,,,,Испытание трубопроводного ОКС,,"СП 36.13330.2012
Приказ Ростехнадзора от 27.12.2012 N 784",,,,,
,,,,CAEGA,,,Гидравлическое испытание трубоводного ОКС,,"СП 36.13330.2012
Приказ Ростехнадзора от 27.12.2012 N 784",,,,,
,,,,CAEGB,,,Пневматическое испытание трубопроводного ОКС,,"СП 36.13330.2012
Приказ Ростехнадзора от 27.12.2012 N 784",,,,,
,CB,,,,,,Ремонтное обслуживание ОКС,,ГЭСНр,По составу работ,,,,
,,CBA,,,,,Проведение текущего ремонта в ОКС,,СП 255.1325800.2016,,,,,
,,,CBAA,,,,Выполнение профилактических работ в ОКС,,СП 255.1325800.2016,,,,,
,,,CBAB,,,,Выполнение работ по заявкам пользователей,,"СП 255.1325800.2016
ПОТ Р О-14000-004-98 ",,,,,
,,,CBAC,,,,Устранение аварийной ситуации в ОКС,,СП 255.1325800.2016,,,,,
,,,CBAD,,,,Проведение текущего ремонта линейного ОКС,,"Приказ Минтранса России от 23.6.2022 N 250
СП 36.13330.2012
СП 34.13330.2021
Приказ Ростехнадзора от 27.12.2012 N 784",,,,,
,,,,CBADA,,,Проведение текущего ремонта земляного полотна линейного ОКС,,"Приказ Минтранса России от 16.11.2012 N 402
Приказ Минтранса России от 23.6.2022 N 250
СП 36.13330.2012
СП 34.13330.2021
Приказ Ростехнадзора от 27.12.2012 N 784",,,,,
,,,,,CBADAA,,Проведение текущего ремонта разрушенных участков земляного полотна линейного ОКС,,"Приказ Минтранса России от 23.6.2022 N 250
СП 36.13330.2012
СП 34.13330.2021
Приказ Ростехнадзора от 27.12.2012 N 784
Приказ Минтранса России от 16.11.2012 N 402",,,,,
,,,,,CBADAB,,Проведение текущего ремонта дренажного устройства земляного полотна линейного ОКС,,"Приказ Минтранса России от 23.6.2022 N 250
СП 36.13330.2012
СП 34.13330.2021
Приказ Ростехнадзора от 27.12.2012 N 784
Приказ Минтранса России от 16.11.2012 N 402",,,,,
,,,,,CBADAC,,Укрепление обочины земляного полотна линейного ОКС,,"Приказ Минтранса России от 23.6.2022 N 250
СП 36.13330.2012
СП 34.13330.2021
Приказ Ростехнадзора от 27.12.2012 N 784
Приказ Минтранса России от 16.11.2012 N 402",,,,,
,,,,CBADB,,,Проведение текущего ремонта дорожной одежды линейного ОКС,,"СП 34.13330.2021
Приказ Минтранса России от 16.11.2012 N 402",,,,,
,,,,,CBADBA,,Восстановление дорожной одежды в месте ремонта земляного полотна линейного ОКС,,"СП 34.13330.2021
Приказ Минтранса России от 16.11.2012 N 402",,,,,
,,,,,CBADBB,,Укладка выравнивающего слоя с обеспечением ровности и сцепных свойств покрытия дорожной одежды линейного ОКС,,"СП 34.13330.2021
Приказ Минтранса России от 16.11.2012 N 402",,,,,
,,,,,CBADBC,,Восстановление изношенного покрытия дорожной одежды линейного ОКС,,"СП 34.13330.2021
Приказ Минтранса России от 16.11.2012 N 402",,,,,
,,,,,CBADBD,,Ликвидация колеи дорожной одежды линейного ОКС,,"СП 34.13330.2021
Приказ Минтранса России от 16.11.2012 N 402",,,,,
,,,,,CBADBE,,Ремонт бордюра линейного ОКС,,"СП 34.13330.2021
Приказ Минтранса России от 16.11.2012 N 402",,,,,
,,,,,CBADBF,,Ремонт плиты цементобетонного покрытия дорожной одежды линейного ОКС,,"СП 34.13330.2021
Приказ Минтранса России от 16.11.2012 N 402",,,,,
,,,,,CBADBG,,Выравнивание плиты цементобетонного покрытия дорожной одежды линейного ОКС,,"СП 34.13330.2021
Приказ Минтранса России от 16.11.2012 N 402",,,,,
,,,,,CBADBH,,Нарезка бороздки на цементобетонном покрытии дорожной одежды линейного ОКС,,"СП 34.13330.2021
Приказ Минтранса России от 16.11.2012 N 402",,,,,
,,,,,CBADBJ,,Перемощение поврежденного участка мостовой дорожной одежды линейного ОКС с частичной заменой песчаного основания,,"СП 34.13330.2021
Приказ Минтранса России от 16.11.2012 N 402",,,,,
,,,,,CBADBK,,Восстановление профиля грунтового линейного ОКС,,"СП 34.13330.2021
Приказ Минтранса России от 16.11.2012 N 402",,,,,
,,,,,CBADBL,,Нанесение временной разметки в период проведения текущего ремонта линейного ОКС,,"СП 34.13330.2021
Приказ Минтранса России от 16.11.2012 N 402",,,,,
,,,,,CBADBM,,Удаление временной разметки после завершения ремонта линейного ОКС,,"СП 34.13330.2021
Приказ Минтранса России от 16.11.2012 N 402",,,,,
,,,,,CBADBN,,Нанесение постоянной разметки после завершения ремонта линейного ОКС,,"СП 34.13330.2021
Приказ Минтранса России от 16.11.2012 N 402",,,,,
,,,,CBADC,,,"Текущий ремонт мостовых, тоннельных, эстакадных, пролетных сооружений линейных ОКС",,"СП 35.13330.2011
Распоряжение Росавтодора (Российского дорожного агентства) от 30.08.1999 N 7-р
Приказ Минтранса России от 16.11.2012 N 402",,,,,
,,,,,CBADCA,,Замена отдельных балок пролетных строений в ходе текущего ремонта линейного ОКС,,"СП 35.13330.2011
Распоряжение Росавтодора (Российского дорожного агентства) от 30.08.1999 N 7-р
Приказ Минтранса России от 16.11.2012 N 402",,,,,
,,,,,CBADCB,,Замена отдельных элементов опор в ходе текущего ремонта линейного ОКС,,"СП 35.13330.2011
Распоряжение Росавтодора (Российского дорожного агентства) от 30.08.1999 N 7-р
Приказ Минтранса России от 16.11.2012 N 402",,,,,
,,,,,CBADCC,,Замена отдельных звеньев инженерной системы в ходе текущего ремонта линейного ОКС,,"СП 35.13330.2011
Распоряжение Росавтодора (Российского дорожного агентства) от 30.08.1999 N 7-р
Приказ Минтранса России от 16.11.2012 N 402",,,,,
,,,,,CBADCD,,Устройство козырьков вдоль пролетов с горизонтальных поверхностей конструкций в ходе текущего ремонта линейного ОКС,,"СП 35.13330.2011
Распоряжение Росавтодора (Российского дорожного агентства) от 30.08.1999 N 7-р
Приказ Минтранса России от 16.11.2012 N 402",,,,,
,,,,,CBADCE,,Устройство карнизов с фасадов пролетных строений в ходе текущего ремонта линейного ОКС,,"СП 35.13330.2011
Распоряжение Росавтодора (Российского дорожного агентства) от 30.08.1999 N 7-р
Приказ Минтранса России от 16.11.2012 N 402",,,,,
,,,,,CBADCF,,Восстановление защитного слоя железобетонной конструкции в ходе текущего ремонта линейного ОКС,,"СП 35.13330.2011
Распоряжение Росавтодора (Российского дорожного агентства) от 30.08.1999 N 7-р
Приказ Минтранса России от 16.11.2012 N 402",,,,,
,,,,,CBADCG,,Замена деформационных швов в ходе текущего ремонта линейного ОКС,,"СП 35.13330.2011
Распоряжение Росавтодора (Российского дорожного агентства) от 30.08.1999 N 7-р
Приказ Минтранса России от 16.11.2012 N 402",,,,,
,,,,,CBADCH,,Восстановление гидроизоляции в ходе текущего ремонта линейного ОКС,,"СП 35.13330.2011
Распоряжение Росавтодора (Российского дорожного агентства) от 30.08.1999 N 7-р
Приказ Минтранса России от 16.11.2012 N 402",,,,,
,,,,,CBADCJ,,Ремонт регуляционных сооружений в ходе текущего ремонта линейного ОКС,,"СП 35.13330.2011
Распоряжение Росавтодора (Российского дорожного агентства) от 30.08.1999 N 7-р
Приказ Минтранса России от 16.11.2012 N 402",,,,,
,,,,,CBADCK,,Восстановление берегозащитного сооружения в ходе текущего ремонта линейного ОКС,,"СП 35.13330.2011
Распоряжение Росавтодора (Российского дорожного агентства) от 30.08.1999 N 7-р
Приказ Минтранса России от 16.11.2012 N 402",,,,,
,,,,,CBADCL,,Восстановление противоэрозионного сооружения в ходе текущего ремонта линейного ОКС,,"СП 35.13330.2011
Распоряжение Росавтодора (Российского дорожного агентства) от 30.08.1999 N 7-р
Приказ Минтранса России от 16.11.2012 N 402",,,,,
,,,,,CBADCM,,Ремонт системы водоотвода в ходе текущего ремонта линейного ОКС,,"СП 35.13330.2011
Распоряжение Росавтодора (Российского дорожного агентства) от 30.08.1999 N 7-р
Приказ Минтранса России от 16.11.2012 N 402",,,,,
,,,,,CBADCN,,Ремонт ограждения в ходе текущего ремонта линейного ОКС,,"СП 35.13330.2011
Распоряжение Росавтодора (Российского дорожного агентства) от 30.08.1999 N 7-р
Приказ Минтранса России от 16.11.2012 N 402",,,,,
,,,,,CBADCP,,Ремонт смотрового приспособления в ходе текущего ремонта линейного ОКС,,"СП 35.13330.2011
Распоряжение Росавтодора (Российского дорожного агентства) от 30.08.1999 N 7-р
Приказ Минтранса России от 16.11.2012 N 402",,,,,
,,,,,CBADCQ,,Ремонт окраски металла пролетного строения в ходе текущего ремонта линейного ОКС,,"СП 35.13330.2011
Распоряжение Росавтодора (Российского дорожного агентства) от 30.08.1999 N 7-р
Приказ Минтранса России от 16.11.2012 N 402",,,,,
,,,,,CBADCR,,Восстановление снегозащитного сооружения в ходе текущего ремонта линейного ОКС,,"СП 35.13330.2011
Распоряжение Росавтодора (Российского дорожного агентства) от 30.08.1999 N 7-р
Приказ Минтранса России от 16.11.2012 N 402",,,,,
,,,,,CBADCS,,Восстановление шумозащитного сооружения в ходе текущего ремонта линейного ОКС,,"СП 35.13330.2011
Распоряжение Росавтодора (Российского дорожного агентства) от 30.08.1999 N 7-р
Приказ Минтранса России от 16.11.2012 N 402",,,,,
,,,,,CBADCT,,Восстановление укрепительного сооружения в ходе текущего ремонта линейного ОКС,,"СП 35.13330.2011
Распоряжение Росавтодора (Российского дорожного агентства) от 30.08.1999 N 7-р
Приказ Минтранса России от 16.11.2012 N 402",,,,,
,,,,,CBADCU,,Восстановление связей пролетных строений в ходе текущего ремонта линейного ОКС,,"СП 35.13330.2011
Распоряжение Росавтодора (Российского дорожного агентства) от 30.08.1999 N 7-р
Приказ Минтранса России от 16.11.2012 N 402",,,,,
,,,,,CBADCV,,Восстановление очистного сооружения в ходе текущего ремонта линейного ОКС,,"СП 35.13330.2011
Распоряжение Росавтодора (Российского дорожного агентства) от 30.08.1999 N 7-р
Приказ Минтранса России от 16.11.2012 N 402",,,,,
,,,,,CBADCW,,"Ремонт инженерных систем, обеспечивающих движение пролетного строения в ходе текущего ремонта линейного ОКС",,"СП 35.13330.2011
Распоряжение Росавтодора (Российского дорожного агентства) от 30.08.1999 N 7-р
Приказ Минтранса России от 16.11.2012 N 402",,,,,
,,,,CBADD,,,Текущий ремонт элементов обустройства линейного ОКС,,"СП 35.13330.2011
Распоряжение Росавтодора (Российского дорожного агентства) от 30.08.1999 N 7-р
Приказ Минтранса России от 23.6.2022 N 250
Приказ Минтранса России от 16.11.2012 N 402",,,,,
,,,,,CBADDA,,Восстановление информационных систем в ходе текущего ремонта линейного ОКС,,"СП 35.13330.2011
Распоряжение Росавтодора (Российского дорожного агентства) от 30.08.1999 N 7-р
Приказ Минтранса России от 23.6.2022 N 250
Приказ Минтранса России от 16.11.2012 N 402",,,,,
,,,,,CBADDB,,Восстановление павильонов в ходе текущего ремонта линейного ОКС,,"СП 35.13330.2011
Распоряжение Росавтодора (Российского дорожного агентства) от 30.08.1999 N 7-р
Приказ Минтранса России от 23.6.2022 N 250
Приказ Минтранса России от 16.11.2012 N 402",,,,,
,,,,,CBADDC,,Восстановление площадок в ходе текущего ремонта линейного ОКС,,"СП 35.13330.2011
Распоряжение Росавтодора (Российского дорожного агентства) от 30.08.1999 N 7-р
Приказ Минтранса России от 23.6.2022 N 250
Приказ Минтранса России от 16.11.2012 N 402",,,,,
,,,,,CBADDD,,Восстановление электроосвещения в ходе текущего ремонта линейного ОКС,,"СП 35.13330.2011
Распоряжение Росавтодора (Российского дорожного агентства) от 30.08.1999 N 7-р
Приказ Минтранса России от 23.6.2022 N 250
Приказ Минтранса России от 16.11.2012 N 402",,,,,
,,,,,CBADDE,,Восстановление устройств связи в ходе текущего ремонта линейного ОКС,,"СП 35.13330.2011
Распоряжение Росавтодора (Российского дорожного агентства) от 30.08.1999 N 7-р
Приказ Минтранса России от 23.6.2022 N 250
Приказ Минтранса России от 16.11.2012 N 402",,,,,
,,,,,CBADDF,,Восстановление элементов габаритного контроля в ходе текущего ремонта линейного ОКС,,"СП 35.13330.2011
Распоряжение Росавтодора (Российского дорожного агентства) от 30.08.1999 N 7-р
Приказ Минтранса России от 23.6.2022 N 250
Приказ Минтранса России от 16.11.2012 N 402",,,,,
,,,,,CBADDG,,Восстановление элементов весового контроля в ходе текущего ремонта линейного ОКС,,"СП 35.13330.2011
Распоряжение Росавтодора (Российского дорожного агентства) от 30.08.1999 N 7-р
Приказ Минтранса России от 23.6.2022 N 250
Приказ Минтранса России от 16.11.2012 N 402",,,,,
,,,,CBADE,,,Сплошная смена рельсов в ходе текущего ремонта линейного ОКС,,"Приказ Минтранса России от 23.6.2022 N 250
СП 314.1325800.2017",,,,,
,,,,CBADF,,,Сплошная смена металлических частей стрелочных переводов в ходе текущего ремонта линейного ОКС,,"Приказ Минтранса России от 23.6.2022 N 250
СП 314.1325800.2017",,,,,
,,,,CBADG,,,Средний ремонт железнодорожного пути в ходе текущего ремонта линейного ОКС,,"Приказ Минтранса России от 23.6.2022 N 250
СП 314.1325800.2017",,,,,
,,,,,CBADGA,,Сплошная очистка щебеночной балластной призмы в ходе текущего ремонта линейного ОКС,,"Приказ Минтранса России от 23.6.2022 N 250
СП 314.1325800.2017",,,,,
,,,,,CBADGB,,Замена дефектных шпал железнодорожного пути в ходе текущего ремонта линейного ОКС,,"Приказ Минтранса России от 23.6.2022 N 250
СП 314.1325800.2017",,,,,
,,,,,CBADGC,,Замена дефектных элементов скреплений железнодорожного пути в ходе текущего ремонта линейного ОКС,,"Приказ Минтранса России от 23.6.2022 N 250
СП 314.1325800.2017",,,,,
,,,,,CBADGD,,Ремонт переезда железнодорожного пути в ходе текущего ремонта линейного ОКС,,"Приказ Минтранса России от 23.6.2022 N 250
СП 314.1325800.2017",,,,,
,,,,,CBADGE,,Ремонт перехода железнодорожного пути в ходе текущего ремонта линейного ОКС,,"Приказ Минтранса России от 23.6.2022 N 250
СП 314.1325800.2017",,,,,
,,,,CBADH,,,Подъемочный ремонт железнодорожного пути в ходе текущего ремонта линейного ОКС,,"Приказ Минтранса России от 23.6.2022 N 250
СП 314.1325800.2017",,,,,
,,,,,CBADHA,,Сплошная подъемка железнодорожного пути в ходе текущего ремонта линейного ОКС,,"Приказ Минтранса России от 23.6.2022 N 250
СП 314.1325800.2017",,,,,
,,,,,CBADHB,,Выправка железнодорожного пути с подбивкой шпал в ходе текущего ремонта линейного ОКС,,"Приказ Минтранса России от 23.6.2022 N 250
СП 314.1325800.2017",,,,,
,,,,,CBADHC,,Замена дефектных шпал железнодорожного пути в ходе подъемочного ремонта железнодорожного пути в рамках текущего ремонта линейного ОКС,,"Приказ Минтранса России от 23.6.2022 N 250
СП 314.1325800.2017",,,,,
,,,,,CBADHD,,Замена дефектных скреплений железнодорожного пути в ходе текущего ремонта линейного ОКС,,"Приказ Минтранса России от 23.6.2022 N 250
СП 314.1325800.2017",,,,,
,,,,,CBADHE,,Восстановление дренирующих свойств балластного слоя железнодорожного пути в ходе текущего ремонта линейного ОКС,,"Приказ Минтранса России от 23.6.2022 N 250
СП 314.1325800.2017",,,,,
,,,,CBADJ,,,Ремонт стрелочных переводов железнодорожного пути в ходе текущего ремонта линейного ОКС,,"Приказ Минтранса России от 23.6.2022 N 250
СП 314.1325800.2017",,,,,
,,,,,CBADJA,,Замена стрелочных переводов железнодорожного пути в ходе текущего ремонта линейного ОКС,,"Приказ Минтранса России от 23.6.2022 N 250
СП 314.1325800.2017",,,,,
,,,,,CBADJB,,Замена переводных брусьев железнодорожного пути в ходе текущего ремонта линейного ОКС,,"Приказ Минтранса России от 23.6.2022 N 250
СП 314.1325800.2017",,,,,
,,,,,CBADJC,,Полная замена балласта железнодорожного пути в ходе текущего ремонта линейного ОКС,,"Приказ Минтранса России от 23.6.2022 N 250
СП 314.1325800.2017",,,,,
,,,,CBADK,,,Планово-предупредительная выправка железнодорожного пути в ходе текущего ремонта линейного ОКС,,"Приказ Минтранса России от 23.6.2022 N 250
СП 314.1325800.2017",,,,,
,,,,,CBADKA,,Частичная замена балласта железнодорожного пути в ходе текущего ремонта линейного ОКС,,"Приказ Минтранса России от 23.6.2022 N 250
СП 314.1325800.2017",,,,,
,,,,,CBADKB,,Замена дефектных элементов верхней части железнодорожного пути в ходе текущего ремонта линейного ОКС,,"Приказ Минтранса России от 23.6.2022 N 250
СП 314.1325800.2017",,,,,
,,CBB,,,,,Организация капитального ремонта ОКС,,СП 255.1325800.2016,,,,"См. КТ ""Процессы ремонта""",
,,CBC,,,,,Организация аварийного ремонта ОКС,,СП 255.1325800.2016,,,,"См. КТ ""Процессы ремонта""",
,,CBD,,,,,Организация технического надзора за проведением ремонтных работ ОКС,,СП 255.1325800.2016,,,,,
,CC,,,,,,Обращение с отходами в ОКС,"Деятельность по сбору, накоплению, транспортированию, обработке, утилизации, обезвреживанию, размещению отходов;",,По этапу работ,,,,
,,CCA,,,,,Сбор отходов,,,,,НД 05 05 22,"Синтезировано на основе:
Федеральный закон от 24.06.1998 N 89-ФЗ
СП 255.1325800.2016",Сбор неопасных отходов
,,CCB,,,,,Переработка отходов,,,,,НД 05 05 23,"Синтезировано на основе:
Федеральный закон от 24.06.1998 N 89-ФЗ
СП 255.1325800.2016",Обработка и утилизация неопасных отходов
,,CCC,,,,,Хранение отходов,,,,,,"Синтезировано на основе:
Федеральный закон от 24.06.1998 N 89-ФЗ
СП 255.1325800.2016",
,,CCD,,,,,Вывоз отходов,,,,,,"Синтезировано на основе:
Федеральный закон от 24.06.1998 N 89-ФЗ
СП 255.1325800.2016",
D,,,,,,,Санитарное содержание,,,По виду работ,,,,
,DA,,,,,,Санитарно-эпидемиологическое содержание ОКС,,ОК 029-2014,По виду работ,,,,
,,DAA,,,,,Проведение дератизации,,СанПиН 2.2.1/2.1.1.1200-03,,,,,
,,DAB,,,,,Проведение дезинсекции,"Комплекс методов и средств борьбы с членистоногими, переносящими инфекционные заболевания и наносящими вред пищевым и сельскохозяйственным продуктам и жилищу человека.",СанПиН 2.2.1/2.1.1.1200-03,,,,,
,,DAC,,,,,Выполнение дезинфекции,"Умерщвление (удаление, уничтожение) микроорганизмов - возбудителей инфекционных и паразитарных болезней - на (в) объектах с целью прерывания путей передачи эпидемического процесса.",СанПиН 2.2.1/2.1.1.1200-03,,,,,
,DB,,,,,,Уборка помещений ОКС,"Операции, проводимые с целью сохранения эксплуатационных свойств поверхностей и поддержания их в надлежащем санитарном состоянии.",ОК 029-2014,По виду работ,,"НД 05 05 03
НД 05 05 04
НД 05 05 05",,"Деятельность по комплексному обслуживанию помещений
Деятельность по общей уборке зданий
Деятельность по чистке и уборке жилых зданий и нежилых помещений прочая"
,,DBA,,,,,Сбор мусора,,"ГОСТ Р 56192-2014 
СП 255.1325800.2016",,,,,
,,DBB,,,,,Подметание полов,,"ГОСТ Р 56192-2014 
СП 255.1325800.2016",,,,,
,,DBC,,,,,Мытье полов,,"ГОСТ Р 56192-2014 
СП 255.1325800.2016",,,,,
,,DBD,,,,,Мытье стен,,"ГОСТ Р 56192-2014 
СП 255.1325800.2016",,,,,
,,DBE,,,,,Протирка пыли,,"ГОСТ Р 56192-2014 
СП 255.1325800.2016",,,,,
,,DBF,,,,,Мытье заполнения проемов,,"ГОСТ Р 56192-2014 
СП 255.1325800.2016",,,,,
,,DBG,,,,,Мытье фонарей,,"СП 255.1325800.2016
ПОТ Р О-14000-004-98 ",,,,,
,,DBH,,,,,Уборка лестниц,,"ГОСТ Р 56192-2014 
СП 255.1325800.2016",,,,,
,,DBJ,,,,,Уборка лифтов,,"ГОСТ Р 56192-2014 
СП 255.1325800.2016",,,,,
,DC,,,,,,Уборка территории ОКС,"Комплекс мероприятий по инженерной подготовке к озеленению, устройству покрытий, освещению, размещению малых архитектурных форм и объектов монументального искусства, направленных на улучшение функционального, санитарного, экологического и эстетического состояния участка.","ОК 029-2014 81, ОКПД2 81.1, ОКПД2 81.2",По этапу работ,,,,
,,DCA,,,,,Обустройство площадки хранения мусора,,"ГОСТ Р 56192-2014 
СП 255.1325800.2016",,,,,
,,DCB,,,,,Сбор мусора с территории,,"ГОСТ Р 56192-2014 
СП 255.1325800.2016",,,,,
,,DCC,,,,,Вывоз мусора с территории,,"ГОСТ Р 56192-2014 
СП 255.1325800.2016",,,,,
,,DCD,,,,,Подметание территории,,"ГОСТ Р 56192-2014 
СП 255.1325800.2016",,,НД 05 05 06,,Подметание улиц и уборка снега
,DD,,,,,,Благоустройство территории ОКС,,,По виду работ,,НД 05 05 07,"См. КТ ""Процессы строительства""",Деятельность по благоустройству ландшафта
,,DDA,,,,,Ограждение территории,,"СП 255.1325800.2016
Постановление Госстроя России от 27.09.2003 № 170",,,,,
,,DDB,,,,,Озеленение территории,,"СП 255.1325800.2016
Постановление Госстроя России от 27.09.2003 № 170",,,,,
,,,DDBA,,,,Посадка кустарника на территории,,"СП 255.1325800.2016
Постановление Госстроя России от 27.09.2003 № 170",,,,,
,,,DDBB,,,,Посев травы на территории,,"СП 255.1325800.2016
Постановление Госстроя России от 27.09.2003 № 170",,,,,
,,,DDBC,,,,Создание лесных насаждений на территории,,"СП 255.1325800.2016
Постановление Госстроя России от 27.09.2003 № 170",,,,,
,,,DDBD,,,,Уход за элементом озеленения на территории,,"СП 255.1325800.2016
Постановление Госстроя России от 27.09.2003 № 170",,,,,
,,DDC,,,,,Устройство малой архитектурной формы,,"СП 255.1325800.2016
Постановление Госстроя России от 27.09.2003 № 170",,,,,
,,DDD,,,,,Уход за малой архитектурной формой,,"СП 255.1325800.2016
Постановление Госстроя России от 27.09.2003 № 170",,,,,
,DE,,,,,,Выполнение мероприятий по защите ОКС от неблагоприятных природных воздействий,,,По виду работ,,,,
,,DEA,,,,,Выполнение защиты ОКС от снежных отложений,,"СП 255.1325800.2016
ТР ТС 014/2011
СП 34.13330.2021",,Устройство систем подогрева кровли,,,
,,DEB,,,,,Выполнение защиты ОКС от снежного заноса,,"СП 255.1325800.2016
ТР ТС 014/2011
СП 34.13330.2021",,,,,
,,DEC,,,,,Выполнение защиты ОКС от лавины,,"СП 255.1325800.2016
ТР ТС 014/2011
СП 34.13330.2021",,Устройство сеток и монтаж защитных конструкций,,,
,,DED,,,,,Выполнение защиты ОКС от селя (оползня),,"СП 255.1325800.2016
ТР ТС 014/2011
СП 34.13330.2021",,,,,
,,DEE,,,,,Выполнение очистки ОКС от снега,,"СП 255.1325800.2016
ТР ТС 014/2011
СП 34.13330.2021",,,,,
,,DEF,,,,,Сбор снега на территории ОКС,,"СП 255.1325800.2016
ТР ТС 014/2011
СП 34.13330.2021",,,,,
,,DEG,,,,,Вывоз снега с территории ОКС,,"СП 255.1325800.2016
ТР ТС 014/2011
СП 34.13330.2021",,,,,
,,DEH,,,,,Очистка наледи с территории ОКС,,"СП 255.1325800.2016
ТР ТС 014/2011
СП 34.13330.2021",,,,,
,,DEJ,,,,,Устранение скользкости на территории ОКС,,"СП 255.1325800.2016
ТР ТС 014/2011
СП 34.13330.2021",,,,,
,DF,,,,,,Защита прилегающих территорий,,СП 18.13330.2019,По виду работ,,,,
,,DFA,,,,,Защита прилегающих территорий от эрозии,,СП 18.13330.2019,,,,,
,,DFB,,,,,Защита прилегающих территорий от заболачивания подземных вод и открытых водоемов сточными водами и отходами предприятий,,СП 18.13330.2019,,,,,
,,DFC,,,,,Защита прилегающих территорий от засоления подземных вод и открытых водоемов сточными водами и отходами предприятий,,СП 18.13330.2019,,,,,
,,DFD,,,,,Защита прилегающих территорий от загрязнения подземных вод и открытых водоемов сточными водами и отходами предприятий,,СП 18.13330.2019,,,,,
E,,,,,,,Обеспечение ресурсами,,,По виду работ,,"НД 05 05 08
НД 05 05 09
НД 05 05 10
НД 05 05 11
НД 05 05 13
НД 05 05 16
НД 05 05 19
НД 05 05 20
НД 05 05 21
",,"Передача электроэнергии
Технологическое присоединение к распределительным электросетям
Распределение электроэнергии
Торговля электроэнергией
Торговля газообразным топливом, подаваемым по газораспределительным сетям
Распределение пара и горячей воды (тепловой энергии)
Торговля паром и горячей водой (тепловой энергией)
Забор, очистка и распределение воды
Забор, очистка и распределение воды
"
,EA,,,,,,Выполнение технических условий подключения ОКС к ресурсоснабжению,,,,,,,
,EB,,,,,,Согласование тарифа на поставляемый ресурс в ОКС,,,,,,,
,EC,,,,,,Заключение договора на поставку ресурса в ОКС,,,По виду ресурса,,,,
,,ECA,,,,,Заключение договора на водоснабжение,,,,,,"Синтезировано на основе 
СП 255.1325800.2016
Гражданский кодекс Российской Федерации (часть первая) от 30.11.1994 N 51-ФЗ
ГОСТ Р 56192-2014 ",
,,,,,,ECA010,Заключение договора на горячее водоснабжение,,,,,,"Синтезировано на основе 
СП 255.1325800.2016
Гражданский кодекс Российской Федерации (часть первая) от 30.11.1994 N 51-ФЗ
ГОСТ Р 56192-2014 ",
,,,,,,ECA020,Заключение договора на холодное водоснабжение,,,,,,"Синтезировано на основе 
СП 255.1325800.2016
Гражданский кодекс Российской Федерации (часть первая) от 30.11.1994 N 51-ФЗ
ГОСТ Р 56192-2014 ",
,,ECB,,,,,Заключение договора на теплоснабжение,,,,,,"Синтезировано на основе 
СП 255.1325800.2016
Гражданский кодекс Российской Федерации (часть первая) от 30.11.1994 N 51-ФЗ
ГОСТ Р 56192-2014 ",
,,ECC,,,,,Заключение договора на электроснабжение,,,,,,"Синтезировано на основе 
СП 255.1325800.2016
Гражданский кодекс Российской Федерации (часть первая) от 30.11.1994 N 51-ФЗ
ГОСТ Р 56192-2014 ",
,,ECD,,,,,Заключение договора на газоснабжение,,,,,,"Синтезировано на основе 
СП 255.1325800.2016
Гражданский кодекс Российской Федерации (часть первая) от 30.11.1994 N 51-ФЗ
ГОСТ Р 56192-2014 ",
,ED,,,,,,Учет потребления ресурса в ОКС,,,По этапу работ,,,,
,,EDA,,,,,Установка прибора учета,,,,,,"Синтезировано на основе 
СП 255.1325800.2016
ГОСТ Р 56192-2014 
Приказ Минэнерго России от 07.04.2010 № 149",
,,EDB,,,,,Замер параметра ресурса,,,,,,"Синтезировано на основе 
СП 255.1325800.2016
ГОСТ Р 56192-2014 
Приказ Минэнерго России от 07.04.2010 № 149",
,,EDC,,,,,Проверка прибора учета,,,,,,"Синтезировано на основе 
СП 255.1325800.2016
ГОСТ Р 56192-2014 
Приказ Минэнерго России от 07.04.2010 № 149",
,,EDD,,,,,Замена прибора учета,,,,,,"Синтезировано на основе 
СП 255.1325800.2016
ГОСТ Р 56192-2014 
Приказ Минэнерго России от 07.04.2010 № 149",
,EF,,,,,,Внесение изменений в договор на поставку ресурса в ОКС,,,,Актуализация реквизитов сторон договора,,,
F,,,,,,,Технологические процессы в промышленности,,,По виду процессов,,,,
,FA,,,,,,Химическая обработка твердого топлива,,Система идентификации электростанции (KKS) ,,,,,
,FB,,,,,,Химическая обработка газового топлива,,Система идентификации электростанции (KKS) ,,,,,
,FC,,,,,,Обработка и поставка ископаемых и возобновляемых источников энергии (включая удаление остатков),,ISO/TS 81346-10:2015,,,,,
,FD,,,,,,Производство тепла путем сжигания ископаемых и возобновляемых источников энергии и рекупация тепла из природных источников энергии,,ISO/TS 81346-10:2015,,,,,
,FE,,,,,,Разгрузка с судов,,Система идентификации электростанции (KKS) ,,,,,
,FF,,,,,,Разгрузка из вагонов и грузовых автомобилей,,Система идентификации электростанции (KKS) ,,,,,
,FG,,,,,,Снабжение и распределение веществ,,Система идентификации электростанции (KKS) ,По виду работ,,,,
,,,,,,FG010,Снабжение смазочными средами,,Система идентификации электростанции (KKS) ,,,,,
,,,,,,FG020,Снабжение уплотняющими средами,,Система идентификации электростанции (KKS) ,,,,,
,,,,,,FG030,Распределение и редукция газа,,Система идентификации электростанции (KKS) ,,,,,
,,,,,,FG040,Подача воздуха для горения,,Система идентификации электростанции (KKS) ,,,,,
,,,,,,FG050,"Промежуточное накопление угольной пыли, подача и распределение",,Система идентификации электростанции (KKS) ,,,,,
,,,,,,FG060,"Промежуточное накопление жидкого топлива, подача и распределение",,Система идентификации электростанции (KKS) ,,,,,
,FH,,,,,,Подача распыляющей среды,,Система идентификации электростанции (KKS) ,По виду среды,,,,
,,,,,,FH010,Подача распыляющей среды (пар),,Система идентификации электростанции (KKS) ,,,,,
,,,,,,FH020,Подача распыляющей среды (воздух),,Система идентификации электростанции (KKS) ,,,,,
,FJ,,,,,,Подача охлаждающей среды,,Система идентификации электростанции (KKS) ,По виду среды,,,,
,,,,,,FJ010,Подача охлаждающей среды (пар),,Система идентификации электростанции (KKS) ,,,,,
,FK,,,,,,Подача продувочной среды,,Система идентификации электростанции (KKS) ,По виду среды,,,,
,,,,,,FK010,Подача продувочной среды (пар) ,,Система идентификации электростанции (KKS) ,,,,,
,,,,,,FK020,Подача продувочной среды (воздух),,Система идентификации электростанции (KKS) ,,,,,
,FL,,,,,,Подача греющей среды,,Система идентификации электростанции (KKS) ,По виду среды,,,,
,,,,,,FL010,Подача греющей среды (пар),,Система идентификации электростанции (KKS) ,,,,,
,,,,,,FL020,Подача греющей среды (горячая вода),,Система идентификации электростанции (KKS) ,,,,,
,FM,,,,,,"Промежуточное накопление мазута, подача и распределение",,Система идентификации электростанции (KKS) ,,,,,
,FN,,,,,,"Ионный обмен, обратный осмос",,Система идентификации электростанции (KKS) ,,,,,
,FP,,,,,,Выпаривание,,Система идентификации электростанции (KKS) ,,,,,
,FR,,,,,,"Дегазация, осушка ",,Система идентификации электростанции (KKS) ,,,,,
,FS,,,,,,Подача химикатов,,Система идентификации электростанции (KKS) ,,,,,
,FT,,,,,,Отгрузка отходов,,Система идентификации электростанции (KKS) ,По виду отходов,,,,
,,,,,,FT010,Золоудаление,,Система идентификации электростанции (KKS) ,,,,,
,,,,,,FT020,Шлакоудаление,,Система идентификации электростанции (KKS) ,,,,,