Класс,Подкласс 1,Подкласс 2,Подкласс 3,Тип (%%),Наименование,Определение,Источник,Критерии определения подклассов,Управленческая группа процессов,Примеры,Примечания
A,,,,,Процесс инициирования,"Процесс формирования задания на проектирование, определения исходных данных при проектировании и ожидаемых результатов процесса проектирования для старта работ по проектированию","ГОСТ Р ИСО 21500-2014
ГОСТ Р 54871-2011
ГОСТ Р 54869-2011",По виду процессов,,,Сформулировано на основании результата анализа источников
,AA,,,,Разработка частного технического задания на проектирование,"Процесс разработки документа, оформленного в установленном порядке, содержащего цели, требования, основные исходные данные и порядок выполнения работ","ГОСТ Р 57193-2016
ГОСТ Р ИСО 9000-2015
ГОСТ Р ИСО 21504-2016
ГОСТ Р ИСО 21500-2014",По виду процессов,Инициирование,,Сформулировано на основании результата анализа источников
,,AAA,,,Анализ технического задания на проектирование в составе договора,"Деятельность, предпринимаемая для установления пригодности, адекватности, результативности технического задания на проектирование для достижения установленных целей","ГОСТ Р ИСО 21500-2014
ГОСТ Р ИСО 9001-2015
ГОСТ Р ИСО 10006-2019",,Инициирование,,Сформулировано на основании результата анализа источников
,,AAB,,,"Выборка требований, применимых к объекту проектирования","Процесс выявления требований технического задания, применимых к объекту проектирования","ГОСТ Р ИСО 9001-2015
ГОСТ Р ИСО 10005-2019
ГОСТ Р ИСО/МЭК ТО 16326-2002",,Инициирование,,Сформулировано на основании результата анализа источников
,,AAC,,,Формирование частного технического задания на проектирование,Процесс написания и оформления в установленном порядке частного технического задания на проектирование,"СП 86.13330.2014
ГОСТ Р 54869-2011",По виду процессов,Инициирование,,Сформулировано на основании результата анализа источников
,,,,AAC010,Определение необходимого уровня детализации ИМ,,"Стандарт
Госкорпорации «Росатом» СТО 95 12033-2018 ",,,,
,,AAD,,,Корректировка частного технического задания на проектирование,"Деятельность, предпринимаемая для изменения требований частного технического задания на проектирование объекта по результатам оценки исходных данных и ожидаемых результатов проектирования","ГОСТ Р ИСО/МЭК ТО 16326-2002
ГОСТ Р ИСО 9000-2015
ГОСТ Р ИСО 9001-2015
ГОСТ Р 54147-2010",,Инициирование,,Сформулировано на основании результата анализа источников
,,AAE,,,Утверждение частного технического задания на проектирование,Официальное удостоверение уполномоченного должностного лица о введении в действие частного технического задания,"ГОСТ Р 54147-2010
ГОСТ Р ИСО/МЭК ТО 16326-2002
ГОСТ Р 54869-2011
Постановление Правительства РФ от 16.02.2008 N 87",,Инициирование,,Сформулировано на основании результата анализа источников
,AB,,,,Определение исходных данных для проектирования,"Процесс определения исходных данных, которые будут применяться по отношению к процессу проектирования и результату (или результатам) процесса проектирования","ГОСТ Р ИСО 9001-2015
ГОСТ Р ИСО 10005-2019
ГОСТ Р ИСО 21500-2014",По виду процессов,Инициирование,,Сформулировано на основании результата анализа источников
,,ABA,,,Определение требований для проектирования,"Процесс определения требований, которые будут применяться по отношению к процессу проектирования и результату (или результатам) процесса проектирования","ГОСТ Р ИСО 9001-2015
ГОСТ Р ИСО/МЭК ТО 16326-2002",,Инициирование,,Сформулировано на основании результата анализа источников
,,,,ABA010,Определение требований Заказчика в составе частного технического задания,Процесс определения требований Заказчика в составе частного технического задания на проектирование,"ГОСТ Р ИСО 9001-2015
ГОСТ Р ИСО 21500-2014
ГОСТ Р 54869-2011",,Инициирование,,Сформулировано на основании результата анализа источников
,,,,ABA020,Определение требований нормативно-технической документации и нормативно-правовых актов,"Процесс определения требований нормативно-технической документации и нормативно-правовых актов, применимых к объекту проектирования","ГОСТ Р ИСО 9001-2015
ГОСТ Р 54869-2011",,Инициирование,,Сформулировано на основании результата анализа источников
,,,,ABA030,Определение требований заинтересованных сторон (за исключением Заказчика),"Процесс определения требований заинтересованных сторон (за исключением требований Заказчика), применимых к объекту проектирования","ГОСТ Р 57193-2016
ГОСТ Р 54869-2011
ГОСТ Р ИСО 21500-2014",,Инициирование,,Сформулировано на основании результата анализа источников
,,,,ABA040,"Определение требований, не заявленных Заказчиком и заинтересованными сторонами","Процесс определения требований, не определенных Заказчиком и заинтересованными сторонами, но необходимые для конкретного или предполагаемого использования, когда оно известно",ГОСТ Р ИСО 9001-2015,,Инициирование,"Определение интерфейсов и требований смежных объектов
Определение требований проектной организации
Определение требований субъектов Российской Федерации и/или органов местного самоуправления",Сформулировано на основании результата анализа источников
,,ABB,,,Анализ и оценка требований для проектирования,"Процесс определения того, являются ли собранные требования к объекту проектирования неясными, неполными, неоднозначными или противоречащими; процесс выявления взаимосвязи требований","ГОСТ Р ИСО 9001-2015
ГОСТ Р ИСО/МЭК ТО 16326-2002
ГОСТ Р ИСО 10005-2019",,Инициирование,,Сформулировано на основании результата анализа источников
,,,,ABB010,Анализ и оценка требований Заказчика в составе частного технического задания,Процесс анализа и оценки требований Заказчика в составе частного технического задания на проектирование,"ГОСТ Р ИСО 9001-2015
ГОСТ Р ИСО/МЭК ТО 16326-2002
ГОСТ Р 54869-2011
ГОСТ Р ИСО 10005-2019",,Инициирование,,Сформулировано на основании результата анализа источников
,,,,ABB020,Анализ и оценка требований нормативно-технической документации и нормативно-правовых актов,"Процесс анализа и оценки требований нормативно-технической документации и нормативно-правовых актов, применимых к объекту проектирования","ГОСТ Р ИСО 9001-2015
ГОСТ Р ИСО/МЭК ТО 16326-2002
ГОСТ Р 54869-2011
ГОСТ Р ИСО 10005-2019",,Инициирование,,Сформулировано на основании результата анализа источников
,,,,ABB030,Анализ и оценка требований заинтересованных сторон (за исключением Заказчика),"Процесс анализа и оценки требований заинтересованных сторон (за исключением Заказчика), применимых к объекту проектирования","ГОСТ Р ИСО 9001-2015
ГОСТ Р ИСО/МЭК ТО 16326-2002
ГОСТ Р 54869-2011
ГОСТ Р ИСО 10005-2019",,Инициирование,,Сформулировано на основании результата анализа источников
,,,,ABB040,"Анализ и оценка требований, не заявленных Заказчиком и заинтересованными сторонами","Процесс анализа и оценки требований, не заявленных Заказчиком и заинтересованными сторонами, но необходимых для конкретного или предполагаемого использования, когда оно известно","ГОСТ Р ИСО 9001-2015
ГОСТ Р ИСО/МЭК ТО 16326-2002",,Инициирование,"Анализ и оценка интерфейсов и требований смежных объектов
Анализ и оценка требований проектной организации
Анализ и оценка требований субъектов Российской Федерации и/или органов местного самоуправления",Сформулировано на основании результата анализа источников
,,ABC,,,Уточнение исходных данных для проектирования,"Деятельность, предпринимаемая для пояснения, разъяснения, конкретизации содержания (смысла) исходных данных для проектирования ","СП 122.13330.2012
ГОСТ Р ИСО/МЭК ТО 16326-2002",,Инициирование,,Сформулировано на основании результата анализа источников
,,,,ABC010,Уточнение требований для проектирования,"Деятельность, предпринимаемая для пояснения, разъяснения, конкретизации содержания (смысла) определенных формулировок требований для проектирования","СП 122.13330.2012
ГОСТ Р ИСО/МЭК ТО 16326-2002",,Инициирование,,Сформулировано на основании результата анализа источников
,,,,ABC020,Запрос и получение дополнительных исходных данных для проектирования,Процесс получения дополнительных исходных данных со стороны Заказчика по запросу в случае отсутствия требуемой информации по результатам анализа и уточнения исходных данных для проектирования,"ГОСТ Р 54870-2011
СП 86.13330.2014",,Инициирование,,Сформулировано на основании результата анализа источников
,,ABD,,,Разработка перечня требований для проектирования,"Разработка перечня, содержащего в полном объеме требования для проектирования",ГОСТ Р ИСО 9000-2015,,Инициирование,,Сформулировано на основании результата анализа источников
,,,,ABD010,Формирование перечня требований для проектирования,Процесс формирования и оформления в установленном порядке перечня требований для проектирования,"ГОСТ Р ИСО/МЭК ТО 16326-2002
ГОСТ Р 54869-2011
ГОСТ Р 54871-2011",,Инициирование,,Сформулировано на основании результата анализа источников
,,,,ABD020,Утверждение перечня требований для проектирования,Формальные одобрение и утверждение перечня требований для проектирования,"ГОСТ Р 54869-2011
ГОСТ Р ИСО/МЭК ТО 16326-2002",,Инициирование,,Сформулировано на основании результата анализа источников
,AC,,,,Определение ожидаемых результатов проектирования,"Процесс определения планируемых результатов проектирования. Результаты проектирования представляют собой технические решения, оформленные в виде проектной документации","ГОСТ Р ИСО 9001-2015
ГОСТ Р 54870-2011",По виду процессов,Инициирование,,Сформулировано на основании результата анализа источников
,,ACA,,,Прогнозирование ожидаемых результатов проектирования,Процесс разработки прогноза планируемых результатов проектирования,"ГОСТ Р ИСО 21500-2014
СП 86.13330.2014",,Инициирование,,Сформулировано на основании результата анализа источников
,,ACB,,,Оценка ожидаемых результатов проектирования в соответствии с частным техническим заданием,Процесс оценки планируемых результатов проектирования по результатам анализа исходных данных и в соответствии с частным техническим заданием,"ГОСТ Р ИСО 21500-2014
ГОСТ Р ИСО 9001-2015",,Инициирование,,Сформулировано на основании результата анализа источников
,,ACC,,,Уточнение/корректировка ожидаемых результатов проектирования,"Деятельность, предпринимаемая для пояснения, разъяснения, конкретизации и (при необходимости) корректировки планируемых результатов проектирования","ГОСТ Р ИСО/МЭК ТО 16326-2002
ГОСТ Р ИСО 9001-2015",,Инициирование,,Сформулировано на основании результата анализа источников
,,ACD,,,Согласование ожидаемых результатов проектирования в составе частного технического задания,Процесс проверки целесообразности и соответствия ожидаемых результатов проектирования требованиям частного технического задания,"ГОСТ Р 54869-2011
ГОСТ Р ИСО/МЭК ТО 16326-2002
ГОСТ Р 54870-2011",,Инициирование,,Сформулировано на основании результата анализа источников
,AD,,,,Разработка карты процессов проектирования,"Процесс схематизации процессов проектирования посредством наглядного представления всех шагов процесса, представления последовательности и взаимодействия подпроцессов проектирования","ГОСТ Р ИСО 9001-2015
ГОСТ Р 57193-2016",По виду процессов,Инициирование,,Сформулировано на основании результата анализа источников
,,ADA,,,Определение методов достижения ожидаемых результатов проектирования,Процесс определения путей и способов достижения ожидаемых результатов проектирования,"ГОСТ Р ИСО 21500-2014
ГОСТ Р ИСО 9000-2015
ГОСТ Р ИСО 9001-2015",,Инициирование,,Сформулировано на основании результата анализа источников
,,,,ADA010,Проектирование нового (первичного) объекта,"Процесс проектирования, не предусматривающий использование типового проекта или проекта-аналога (проектирование с ""нуля"")",,,Инициирование,,Сформулировано на основании результата анализа источников
,,,,ADA020,Проектирование по объекту-аналогу (адаптация),"Процесс проектирования, предусматривающий использование проекта-аналога и его последующее доведение до полного соответствия требованиям Заказчика путем проверки технических решений проекта-аналога на совместимость с существующими условиями строительства",,,Инициирование,,Сформулировано на основании результата анализа источников
,,,,ADA030,Проектирование по типовому объекту,"Процесс проектирования, предусматривающий использование типового проекта а и его последующее доведение до полного соответствия требованиям Заказчика",,,Инициирование,,Сформулировано на основании результата анализа источников
,,ADB,,,Определение перечня подпроцессов проектирования,Процесс определения перечня подпроцессов проектирования в соответствии с выбранным методом достижения ожидаемых результатов проектирования,ГОСТ Р ИСО 9001-2015,,Инициирование,,Сформулировано на основании результата анализа источников
,,ADC,,,Разработка схемы взаимодействия подпроцессов проектирования,"Процесс разработки схемы рабочего процесса (или блок-схемы), которая описывает поток материалов и информации и отображает взаимодействия подпроцессов.",ГОСТ Р ИСО 9001-2015,,Инициирование,,Сформулировано на основании результата анализа источников
,,ADD,,,Определение последовательности подпроцессов проектирования,Процесс определения предшественников и последователей подпроцессов для всех выявленных процессов проектирования объекта,"ГОСТ Р ИСО 9001-2015
ГОСТ Р ИСО 10006-2019
ГОСТ Р ИСО 21500-2014",,Инициирование,,Сформулировано на основании результата анализа источников
,,ADE,,,Формирование карты процессов проектирования,Процесс формирования и формализации схемы взаимодействия и последовательности подпроцессов проектирования,ГОСТ Р 57193-2016,,Инициирование,,Сформулировано на основании результата анализа источников
,,ADF,,,Утверждение карты процессов проектирования,Формальные одобрение и утверждение карты процессов проектирования,ГОСТ Р 57193-2016,,Инициирование,,Сформулировано на основании результата анализа источников
B,,,,,Процесс разработки проектных решений,Процесс преобразования всех требований для проектирования в проектные решения,"ГОСТ Р 57193-2016
ГОСТ Р ИСО 21500-2014
ГОСТ Р 54147-2010
ГОСТ Р ИСО 9000-2015",По виду процессов,,,Сформулировано на основании результата анализа источников
,BA,,,,Идентификация объекта проектирования,"Процесс унификации, категоризации и структуризации информации применительно к объекту проектирования","ГОСТ Р ИСО 21500-2014
СП 86.13330.2014
СП 59.13330.2016
ГОСТ Р ИСО 10005-2019",По виду процессов,Исполнение,,Сформулировано на основании результата анализа источников
,,BAA,,,Классификация объекта проектирования,Процесс организации или группировки по классам информации об объекте проектирования в соответствии с определенной системой или принципом,"ГОСТ Р 54870-2011
СП 35.13330.2011
СП 47.13330.2016",,Исполнение,,Сформулировано на основании результата анализа источников
,,,,BAA010,Классификация по назначению,Классификация зданий и сооружений по виду их назначения,Федеральный закон от 30.12.2009 N 384-ФЗ,,Исполнение,,Сформулировано на основании результата анализа источников
,,,,BAA020,Классификация по пожарной и взрывопожарной опасности,"Классификация зданий, сооружений и помещений по характеристике пожарной (взрывопожарной) опасности","СП 19.13330.2019
Постановление Правительства РФ от 16.02.2008 N 87",,Исполнение,,Сформулировано на основании результата анализа источников
,,,,BAA030,Классификация по уровню ответственности,Классификация зданий и сооружений по уровню их ответственности,Федеральный закон от 30.12.2009 N 384-ФЗ,,Исполнение,,Сформулировано на основании результата анализа источников
,,,,BAA040,Классификация по безопасности,"Классификация зданий, сооружений, систем и элементов по безопасности в зависимости от их назначения, влияния на безопасность и характеру выполняемых ими функций безопасности",НП-001-15,,Исполнение,,Сформулировано на основании результата анализа источников
,,,,BAA050,Классификация по сейсмостойкости,"Классификация зданий, сооружений, систем и элементов по сейсмостойкости в зависимости от допустимой вероятности превышения расчетной сейсмической нагрузки",СП 14.13330.2018,,Исполнение,,Сформулировано на основании результата анализа источников
,,BAB,,,Определение ограничений при проектировании,"Определение факторов, которые ограничивают возможности по разработке проектных решений","ГОСТ Р ИСО 21500-2014
Градостроительный кодекс Российской Федерации от 29.12.2004 N 190-ФЗ ",,Исполнение,,Сформулировано на основании результата анализа источников
,,,,BAB010,Определение пространственных ограничений,Определение ограничений проектируемого объекта при его размещении,СП 18.13330.2019,,Исполнение,,Сформулировано на основании результата анализа источников
,,,,BAB020,Определение массогабаритных ограничений,Определение ограничений по массогабаритным характеристикам проектируемого объекта,СП 18.13330.2019,,Исполнение,,Сформулировано на основании результата анализа источников
,,,,BAB030,Определение ограничений по материалам,Определение ограничений по материалам проектируемого объекта,"ГОСТ 27751-2014
ГОСТ 31937-2011",,Исполнение,,Сформулировано на основании результата анализа источников
,,,,BAB040,Определение технико-экономических ограничений,Определение ограничений по технико-экономическим показателям проектируемого объекта,СП 19.13330.2019,,Исполнение,,Сформулировано на основании результата анализа источников
,,,,BAB050,Определение ограничений со стороны условий окружающей среды,Определение ограничений проектируемого объекта по условиям окружающей среды,Градостроительный кодекс Российской Федерации от 29.12.2004 N 190-ФЗ,,Исполнение,,Сформулировано на основании результата анализа источников
,,BAC,,,Определение характеристик объекта проектирования,Определение отличительных свойств проектируемого объекта,"СП 50.13330.2012
ГОСТ 18105-2018
Градостроительный кодекс Российской Федерации от 29.12.2004 N 190-ФЗ",,Исполнение,,Сформулировано на основании результата анализа источников
,,,,BAC010,Определение пространственных характеристик,"Определение отличительных свойств проектируемого объекта, используемых при его размещении",СП 18.13330.2019,,Исполнение,,Сформулировано на основании результата анализа источников
,,,,BAC020,Определение массогабаритных характеристик,Определение отличительных свойств проектируемого объекта по допустимым максимальным и минимальным массогабаритным параметрам,СП 18.13330.2019,,Исполнение,,Сформулировано на основании результата анализа источников
,,,,BAC030,Определение характеристик материалов,Определение отличительных свойств проектируемого объекта по материалам,"ГОСТ 27751-2014
ГОСТ 31937-2011",,Исполнение,,Сформулировано на основании результата анализа источников
,,,,BAC040,Определение технико-экономических характеристик,"Определение отличительных свойств проектируемого объекта, используемых при расчете технико-экономического обоснования",СП 19.13330.2019,,Исполнение,,Сформулировано на основании результата анализа источников
,,,,BAC050,Определение расчетных характеристик,"Определение отличительных свойств проектируемого объекта, используемых при расчетах и анализах",ГОСТ 27751-2014,,Исполнение,,Сформулировано на основании результата анализа источников
,,BAD,,,Определение допущений при проектировании,"Определение факторов при проектировании, которые трудно идентифицировать, но считаются верными без привлечения доказательств","ГОСТ Р 54869-2011
ГОСТ Р 54870-2011
Постановление Правительства РФ от 16.02.2008 N 87",,Исполнение,,Сформулировано на основании результата анализа источников
,,,,BAD010,Определение расчетных допущений,"Определение особых расчетных параметров и функциональных требований, которые не оговариваются или допускаются в стандарте",ГОСТ 27751-2014,,Исполнение,,Сформулировано на основании результата анализа источников
,,,,BAD020,Определение пространственных допущений,"Определение особых параметров, которые допускается учитывать при размещении объекта",СП 18.13330.2019,,Исполнение,,Сформулировано на основании результата анализа источников
,,,,BAD030,Определение массогабаритных допущений,"Определение особых расчетных параметров, которые допускается учитывать при выборе массогабаритных характеристик",СП 18.13330.2019,,Исполнение,,Сформулировано на основании результата анализа источников
,,,,BAD040,Определение технико-экономических допущений,"Определение особых расчетных параметров, которые допускается учитывать при расчете технико-экономического обоснования",СП 19.13330.2019,,Исполнение,,Сформулировано на основании результата анализа источников
,,BAE,,,Детализация характеристик объекта проектирования,"Процесс дополнения характеристик проектируемого объекта, позволяющий более точно его идентифицировать",СП 47.13330.2016,,Исполнение,,Сформулировано на основании результата анализа источников
,,,,BAE010,Детализация характеристик объекта проектирования по итогам выполнения расчетных обоснований,"Процесс дополнения характеристик проектируемого объекта по итогам выполнения расчетных обоснований, позволяющий более точно его идентифицировать",СП 47.13330.2016,,Исполнение,,Сформулировано на основании результата анализа источников
,,,,BAE020,Детализация характеристик объекта проектирования по итогам разработки проектных решений в проекте,"Процесс дополнения характеристик проектируемого объекта по итогам разработки проектных решений в проекте, позволяющий более точно его идентифицировать",СП 47.13330.2016,,Исполнение,,Сформулировано на основании результата анализа источников
,,BAF,,,Уточнение характеристик объекта проектирования,"Процесс пояснения, разъяснения, конкретизации характеристик объекта проектирования","СП 47.13330.2016
СП 23.13330.2018",,Исполнение,,Сформулировано на основании результата анализа источников
,,,,BAF010,Уточнение характеристик объекта проектирования по итогам выполнения расчетных обоснований,"Процесс пояснения, разъяснения, конкретизации характеристик объекта проектирования по итогам выполнения расчетных обоснований","СП 47.13330.2016
СП 23.13330.2018",,Исполнение,,Сформулировано на основании результата анализа источников
,,,,BAF020,Уточнение характеристик объекта проектирования по итогам разработки проектных решений в проекте,"Процесс пояснения, разъяснения, конкретизации характеристик объекта проектирования по итогам разработки проектных решений в проекте","СП 47.13330.2016
СП 23.13330.2018",,Исполнение,,Сформулировано на основании результата анализа источников
,BB,,,,Разработка проектных решений,Процесс разработки проектных решений в соответствии с утвержденными требованиями,"ГОСТ Р ИСО/МЭК ТО 16326-2002
ГОСТ Р ИСО 9001-2015",По виду процессов,Исполнение,,Сформулировано на основании результата анализа источников
,,BBA,,,Разработка схемы планировочной организации земельного участка,Процесс разработки схемы планировочной организации земельного участка в соответствии с утвержденными требованиями,Постановление Правительства РФ от 16.02.2008 N 87,,Исполнение,,Сформулировано на основании результата анализа источников
,,BBB,,,Разработка архитектурных решений,Процесс разработки архитектурных решений в соответствии с утвержденными требованиями,Постановление Правительства РФ от 16.02.2008 N 87,,Исполнение,,Сформулировано на основании результата анализа источников
,,BBC,,,Разработка конструктивных и объемно-планировочных решений,Процесс разработки конструктивных и объемно-планировочных решений в соответствии с утвержденными требованиями,Постановление Правительства РФ от 16.02.2008 N 87,,Исполнение,,Сформулировано на основании результата анализа источников
,,BBD,,,Разработка проектных решений по системе электроснабжения,Процесс разработки проектных решений по системе электроснабжения в соответствии с утвержденными требованиями,Постановление Правительства РФ от 16.02.2008 N 87,,Исполнение,,Сформулировано на основании результата анализа источников
,,BBE,,,Разработка проектных решений по системе водоснабжения,Процесс разработки проектных решений по системе водоснабжения в соответствии с утвержденными требованиями,Постановление Правительства РФ от 16.02.2008 N 87,,Исполнение,,Сформулировано на основании результата анализа источников
,,BBF,,,Разработка проектных решений по системе водоотведения,Процесс разработки проектных решений по системе водоотведения в соответствии с утвержденными требованиями,Постановление Правительства РФ от 16.02.2008 N 87,,Исполнение,,Сформулировано на основании результата анализа источников
,,BBG,,,"Разработка проектных решений по отоплению, вентиляции и кондиционированию воздуха, тепловым сетям","Процесс разработки проектных решений по отоплению, вентиляции и кондиционированию воздуха, тепловым сетям в соответствии с утвержденными требованиями",Постановление Правительства РФ от 16.02.2008 N 87,,Исполнение,,Сформулировано на основании результата анализа источников
,,BBH,,,Разработка проектных решений по сетям связи,Процесс разработки проектных решений по сетям связи в соответствии с утвержденными требованиями,Постановление Правительства РФ от 16.02.2008 N 87,,Исполнение,,Сформулировано на основании результата анализа источников
,,BBJ,,,Разработка проектных решений по системе газоснабжения,Процесс разработки проектных решений по системе газоснабжения в соответствии с утвержденными требованиями,Постановление Правительства РФ от 16.02.2008 N 87,,Исполнение,,Сформулировано на основании результата анализа источников
,,BBK,,,Разработка технологических решений,Процесс разработки технологических решений в соответствии с утвержденными требованиями,Постановление Правительства РФ от 16.02.2008 N 87,,Исполнение,,Сформулировано на основании результата анализа источников
,,BBL,,,Разработка проектных решений по организации строительства,Процесс разработки проектных решений по организации строительства в соответствии с утвержденными требованиями,Постановление Правительства РФ от 16.02.2008 N 87,,Исполнение,,Сформулировано на основании результата анализа источников
,,BBM,,,Разработка проектных решений по организации работ по сносу или демонтажу объектов капитального строительства,Процесс разработки проектных решений по организации работ по сносу или демонтажу объектов капитального строительства в соответствии с утвержденными требованиями,Постановление Правительства РФ от 16.02.2008 N 87,,Исполнение,,Сформулировано на основании результата анализа источников
,,BBN,,,Разработка проектных решений по охране окружающей среды,Процесс разработки проектных решений по охране окружающей среды в соответствии с утвержденными требованиями,Постановление Правительства РФ от 16.02.2008 N 87,,Исполнение,,Сформулировано на основании результата анализа источников
,,BBP,,,Разработка проектных решений по обеспечению пожарной безопасности,Процесс разработки проектных решений по обеспечению пожарной безопасности в соответствии с утвержденными требованиями,Постановление Правительства РФ от 16.02.2008 N 87,,Исполнение,,Сформулировано на основании результата анализа источников
,,BBQ,,,Разработка проектных решений по обеспечению доступа инвалидов,Процесс разработки проектных решений по обеспечению доступа инвалидов в соответствии с утвержденными требованиями,Постановление Правительства РФ от 16.02.2008 N 87,,Исполнение,,Сформулировано на основании результата анализа источников
,,BBR,,,Разработка сметы на строительство объектов капитального строительства,Процесс разработки сметы на строительство объектов капитального строительства в соответствии с утвержденными требованиями,Постановление Правительства РФ от 16.02.2008 N 87,,Исполнение,,Сформулировано на основании результата анализа источников
,,BBS,,,"Разработка проектных решений в составе иной документации в случаях, предусмотренных федеральными законами","Процесс разработки проектных решений в составе иной документации в случаях, предусмотренных федеральными законами",Постановление Правительства РФ от 16.02.2008 N 87,,Исполнение,,Сформулировано на основании результата анализа источников
,BC,,,,Обоснование проектных решений,"Обоснование принятых проектных решений на основе расчетов, анализов, специальных научных исследований и моделирования процессов","Постановление Правительства РФ от 16.02.2008 N 87
СП 22.13330.2016",По виду процессов,Исполнение,,Сформулировано на основании результата анализа источников
,,BCA,,,Выполнение расчетов при разработке проектных решений,Обоснование и количественная оценка одного или большего количества параметров при разработке проектных решений,"Постановление Правительства РФ от 16.02.2008 N 87
СП 14.13330.2018
СП 34.13330.2012",,Исполнение,,Сформулировано на основании результата анализа источников
,,,,BCA010,Выполнение расчета нагрузок,Обоснование и количественная оценка расчетных параметров в виде нагрузок для выполнения последующих расчетных обоснований объекта,СП 31-110-2003,,Исполнение,,Сформулировано на основании результата анализа источников
,,,,BCA020,Выполнение расчета на прочность,"Обоснование и количественная оценка, осуществляемая с целью определения безопасной эксплуатации объекта в конкретных условиях и при конкретных нагрузках","Постановление Правительства РФ от 16.02.2008 N 87
СП 14.13330.2018",,Исполнение,,Сформулировано на основании результата анализа источников
,,,,BCA030,Выполнение расчета на устойчивость,"Обоснование и количественная оценка, осуществляемая с целью определения условий (обычно силовых), при достижении которых начинается переход от устойчивого положения равновесия к неустойчивому – недопустимому для дальнейшей эксплуатации объекта","Постановление Правительства РФ от 16.02.2008 N 87
СП 14.13330.2018",,Исполнение,,Сформулировано на основании результата анализа источников
,,,,BCA040,Выполнение гидравлического расчета,"Обоснование и количественная оценка, осуществляемая с целью определения основных конструктивных и геометрических характеристик водопропускного сооружения",ГОСТ 31937-2011,,Исполнение,,Сформулировано на основании результата анализа источников
,,,,BCA050,Выполнение расчета на сейсмическое воздействие,"Обоснование и количественная оценка, осуществляемая с целью определения способности объекта сохранять предусмотренные проектом функции после сейсмического воздействия",СП 14.13330.2018,,Исполнение,,Сформулировано на основании результата анализа источников
,,,,BCA060,Выполнение расчета освещенности,"Обоснование и количественная оценка, осуществляемая с целью подбора и эффективного размещения светильников и прожекторов, а также с целью расчета энергопотребления осветительной системы для освещаемого объекта",СП 52.13330.2016,,Исполнение,,Сформулировано на основании результата анализа источников
,,,,BCA070,Выполнение расчета тепловой мощности систем отопления и вентиляции,Обоснование и количественная оценка тепловой мощности систем отопления и вентиляции,СП 60.13330.2016,,Исполнение,,Сформулировано на основании результата анализа источников
,,,,BCA080,Выполнение расчета необходимого времени эвакуации,"Обоснование и количественная оценка времени, необходимого для эвакуации людей за пределы габаритов здания при пожаре",СП 1.13130.2020,,Исполнение,,Сформулировано на основании результата анализа источников
,,BCB,,,Выполнение анализов при разработке проектных решений,"Обоснование и оценка проектных решений с целью определение их пригодности, адекватности или результативности","ГОСТ Р ИСО 9001-2015
СП 22.13330.2016
СП 47.13330.2016",,Исполнение,,Сформулировано на основании результата анализа источников
,,,,BCB010,Выполнение вероятностного анализа безопасности,"Обоснование и количественная оценка безопасности, выполняемая для определения вероятностей реализации путей протекания и конечных состояний аварий на объекте","НП-018-05
ГОСТ Р ИСО 21500-2014",,Исполнение,,Сформулировано на основании результата анализа источников
,,,,BCB020,Выполнение анализа надежности,"Обоснование и количественная оценка, осуществляемая с целью определения показателей надежности объекта",,,Исполнение,,Сформулировано на основании результата анализа источников
,,,,BCB030,Выполнение анализа угроз,"Обоснование и количественная оценка, осуществляемая с целью определения негативного влияния угроз на объект проектирования",ГОСТ Р 54147-2010,,Исполнение,,Сформулировано на основании результата анализа источников
,,,,BCB040,Выполнение динамического анализа сейсмостойкости,"Обоснование и количественная оценка, осуществляемая с целью определения работы объекта под сейсмической нагрузкой",СП 14.13330.2018,,Исполнение,,Сформулировано на основании результата анализа источников
,,,,BCB050,Выполнение анализа пожарной опасности объекта,"Обоснование и количественная оценка, осуществляемая с целью определения возможности возникновения и распространение пожара",Федеральный закон от 04.06.2018 N 123-ФЗ,,Исполнение,,Сформулировано на основании результата анализа источников
,,BCC,,,Проведение исследований при разработке проектных решений,"Процесс изучения, эксперимента, концептуализации и проверки теории при разработке проектных решений","СП 47.13330.2016
СП 23.13330.2018
ГОСТ Р ИСО/МЭК ТО 16326-2002",,Исполнение,,Сформулировано на основании результата анализа источников
,,,,BCC010,Проведение научно-исследовательских работ,"Проведение комплекса теоретических и (или) экспериментальных исследований, проводимых с целью получения обоснованных исходных данных, изыскания принципов и путей создания (модернизации) объекта",,,Исполнение,,Сформулировано на основании результата анализа источников
,,,,BCC020,Проведение опытно-конструкторских работ,"Проведение комплекса работ по разработке конструкторской и технологической документации на опытный образец, изготовлению и испытаниям опытного (головного) образца (опытной партии), выполняемых для создания (модернизации) объекта",,,Исполнение,,Сформулировано на основании результата анализа источников
,,,,BCC030,Проведение научно-исследовательских и опытно-конструкторских работ,"Проведение научно-исследовательских, опытно-конструкторских и технологических работ, направленных на получение новых знаний и их практическое применение при создании нового объекта",,,Исполнение,,Сформулировано на основании результата анализа источников
,,,,BCC040,Научно-техническое сопровождение проектных работ,"Проведение комплекса мероприятий, включающего в себя научные, методические, контрольные, аналитические работы, выполняющиеся для обеспечения безопасности строительства и эксплуатации объекта и выполнения им всех предусмотренных проектом функций",,,Исполнение,,Сформулировано на основании результата анализа источников
,,,,BCC050,Проведение исследований по учету человеческого фактора при проектировании,Проведение исследований по анализу влияния человеческого фактора на процессы проектирования и проектные решения при их сопоставлении с процессами реализации проектных решений и процессами эксплуатации и вывода из эксплуатации,,,Исполнение,,Сформулировано на основании результата анализа источников
,,,,BCC060,Проведение экспериментальных исследований,"Процесс изучения объекта, основанный на целенаправленном воздействии на него искусственно созданных условий, позволяющий наблюдать, сравнивать и измерять его свойства, устанавливать их зависимость от внешних воздействий",,,Исполнение,,Сформулировано на основании результата анализа источников
,,,,BCC070,Бенчмаркинг при разработке проектных решений,Процесс применения лучших практик и результатов других проектов и организаций для совершенствования результатов процесса проектирования,ГОСТ Р 54147-2010,,Исполнение,,Сформулировано на основании результата анализа источников
,BD,,,,Изменение проектных решений,"Модификация проектных решений на основании внедренных изменений в проекте, результатов расчетных обоснований и улучшений","ГОСТ Р 54869-2011
ГОСТ Р ИСО 9001-2015
ГОСТ Р ИСО/МЭК ТО 16326-2002",По виду процессов,Исполнение,,Сформулировано на основании результата анализа источников
,,BDA,,,Оптимизация проектных решений,"Модификация проектных решений, направленная на снижение стоимости капитальных затрат, затрат на эксплуатацию, улучшение эффективности строительства и качества объекта","СП 42.13330.2016
СП 34.13330.2012
ГОСТ Р ИСО 10006-2019
ГОСТ Р ИСО 9000-2015",,Исполнение,,Сформулировано на основании результата анализа источников
,,BDB,,,Устранение отклонений проектных решений от требований по проекту,Устранение выявленных отклонений проектных решений от установленных требований к объекту,"ГОСТ Р ИСО 9001-2015
Градостроительный кодекс Российской Федерации от 29.12.2004 N 190-ФЗ
ГОСТ Р ИСО/МЭК ТО 16326-2002
СП 35.13330.2011",,Исполнение,,Сформулировано на основании результата анализа источников
,,BDC,,,Изменение проектных решений на основании внедренных изменений в проекте,Модификация проектных решений на основании внедренных изменений в проекте,"ГОСТ Р 54869-2011
ГОСТ Р ИСО 9001-2015",,Исполнение,,Сформулировано на основании результата анализа источников
,,BDD,,,Изменение проектных решений на основании результатов расчетных обоснований,Модификация проектных решений на основании результатов расчетных обоснований,"ГОСТ Р 54869-2011
ГОСТ Р ИСО 9001-2015",,Исполнение,,Сформулировано на основании результата анализа источников
,,BDE,,,Изменение проектных решений по итогам разработки проектных решений в проекте,Модификация проектных решений по итогам разработки проектных решений в проекте,"ГОСТ Р 54869-2011
ГОСТ Р ИСО 9001-2015",,Исполнение,,Сформулировано на основании результата анализа источников
,BE,,,,Взаимодействие при разработке проектных решений,Процесс взаимодействия участников процесса проектирования при разработке проектных решений,"ГОСТ Р ИСО 9000-2015
ГОСТ Р ИСО 9001-2015
ГОСТ Р ИСО 21500-2014",По виду процессов,Исполнение,,Сформулировано на основании результата анализа источников
,,BEA,,,Обмен проектными данными при разработке проектных решений,Процесс обмена данными между участниками процесса проектирования при разработке проектных решений,"ГОСТ Р ИСО 10005-2019
ГОСТ Р ИСО 9001-2015",,Исполнение,,Сформулировано на основании результата анализа источников
,,BEB,,,"Анализ, оценка и уточнение полученных исходных данных для проектирования","Процесс оценки, анализа, пояснения, разъяснения и конкретизации полученных исходных данных для проектирования","ГОСТ Р ИСО 9001-2015
ГОСТ Р ИСО/МЭК ТО 16326-2002
СП 122.13330.2012",,Исполнение,,Сформулировано на основании результата анализа источников
,,BEC,,,Утверждение полученных исходных данных для проектирования,Формальные одобрение и утверждение полученных исходных данных для проектирования,"ГОСТ Р 54147-2010
Постановление Правительства РФ от 16.02.2008 N 87
ГОСТ Р ИСО/МЭК ТО 16326-2002",,Исполнение,,Сформулировано на основании результата анализа источников
,,BED,,,Корректировка полученных исходных данных для проектирования,"Действие, предпринимаемое для устранения несоответствия, выявленного по результатам анализа, оценки и уточнения исходных данных для проектирования","ГОСТ Р ИСО 9000-2015
ГОСТ Р 54869-2011
ГОСТ Р ИСО 21500-2014",,Исполнение,,Сформулировано на основании результата анализа источников
,BF,,,,Документирование результатов разработки проектных решений ОКС производственного и непроизводственного назначения,Оформление результатов разработки проектных решений ОКС производственного и непроизводственного назначения,"ГОСТ Р ИСО/МЭК ТО 16326-2002
ГОСТ Р ИСО 21500-2014
ГОСТ Р ИСО 9000-2015
ГОСТ Р ИСО 10005-2019",По виду процессов,Исполнение,,Сформулировано на основании результата анализа источников
,,BFA,,,"Формирование Раздела 1 проектной документации, содержащего общие сведения о проекте",Оформление результатов проектирования в соответствии с требованиями к содержанию Раздела 1 проектной документации ОКС производственного и непроизводственного назначения,Постановление Правительства РФ от 16.02.2008 N 87,По виду процессов,Исполнение,,Сформулировано на основании результата анализа источников
,,,BFAA,,"Формирование текстовой части Раздела 1 проектной документации, содержащего общие сведения о проекте",Оформление результатов проектирования в соответствии с требованиями к содержанию текстовой части Раздела 1 проектной документации ОКС производственного и непроизводственного назначения,Постановление Правительства РФ от 16.02.2008 N 87,,Исполнение,"Описание решения о разработке проектной документации
Описание задания на проектирование
Представление градостроительного плана
Описание технических условий
Описание исходно-разрешительных документов
Описание сведений о назначении объекта проектирования",Сформулировано на основании результата анализа источников
,,BFB,,,"Формирование Раздела 2 проектной документации ""Схема планировочной организации земельного участка""",Оформление результатов проектирования в соответствии с требованиями к содержанию Раздела 2 проектной документации ОКС производственного и непроизводственного назначения,Постановление Правительства РФ от 16.02.2008 N 87,По виду процессов,Исполнение,,Сформулировано на основании результата анализа источников
,,,BFBA,,"Формирование текстовой части Раздела 2 проектной документации ""Схема планировочной организации земельного участка""",Оформление результатов проектирования в соответствии с требованиями к содержанию текстовой части Раздела 2 проектной документации ОКС производственного и непроизводственного назначения,Постановление Правительства РФ от 16.02.2008 N 87,,Исполнение,"Описание характеристик земельного участка
Обоснование границ ОКС
Описание решений по благоустройству территории
Обоснование схем транспортных коммуникаций",Сформулировано на основании результата анализа источников
,,,BFBB,,"Формирование графической части Раздела 2 проектной документации ""Схема планировочной организации земельного участка""",Оформление результатов проектирования в соответствии с требованиями к содержанию графической части Раздела 2 проектной документации ОКС производственного и непроизводственного назначения,Постановление Правительства РФ от 16.02.2008 N 87,,Исполнение,"Представление схемы планировочной организации земельного участка
Представление сводного плана сетей инженерно-технического обеспечения
Представление ситуационного плана размещения ОКС в границах земельного участка",Сформулировано на основании результата анализа источников
,,BFC,,,"Формирование Раздела 3 проектной документации ""Архитектурные решения""",Оформление результатов проектирования в соответствии с требованиями к содержанию Раздела 3 проектной документации ОКС производственного и непроизводственного назначения,Постановление Правительства РФ от 16.02.2008 N 87,По виду процессов,Исполнение,,Сформулировано на основании результата анализа источников
,,,BFCA,,"Формирование текстовой части Раздела 3 проектной документации ""Архитектурные решения""",Оформление результатов проектирования в соответствии с требованиями к содержанию текстовой части Раздела 3 проектной документации ОКС производственного и непроизводственного назначения,Постановление Правительства РФ от 16.02.2008 N 87,,Исполнение,"Описание и обоснование внешнего и внутреннего вида ОКС
Обоснование принятых объемно-пространственных и архитектурно-художественных решений
Описание архитектурно-строительных мероприятий
Описание решений по декоративно-художественной и цветовой отделке интерьеров",Сформулировано на основании результата анализа источников
,,,BFCB,,"Формирование графической части Раздела 3 проектной документации ""Архитектурные решения""",Оформление результатов проектирования в соответствии с требованиями к содержанию графической части Раздела 3 проектной документации ОКС производственного и непроизводственного назначения,Постановление Правительства РФ от 16.02.2008 N 87,,Исполнение,"Отображение фасадов
Представление поэтажных планов зданий и сооружений с приведением экспликации помещений",Сформулировано на основании результата анализа источников
,,BFD,,,"Формирование Раздела 4 проектной документации ""Конструктивные и объемно-планировочные решения""",Оформление результатов проектирования в соответствии с требованиями к содержанию Раздела 4 проектной документации ОКС производственного и непроизводственного назначения,Постановление Правительства РФ от 16.02.2008 N 87,По виду процессов,Исполнение,,Сформулировано на основании результата анализа источников
,,,BFDA,,"Формирование текстовой части Раздела 4 проектной документации ""Конструктивные и объемно-планировочные решения""",Оформление результатов проектирования в соответствии с требованиями к содержанию текстовой части Раздела 4 проектной документации ОКС производственного и непроизводственного назначения,Постановление Правительства РФ от 16.02.2008 N 87,,Исполнение,"Описание и обоснование конструктивных решений зданий и сооружений
Описание и обоснование принятых объемно-планировочных решений зданий и сооружений ОКС
Обоснование проектных решений и мероприятий",Сформулировано на основании результата анализа источников
,,,BFDB,,"Формирование графической части Раздела 4 проектной документации ""Конструктивные и объемно-планировочные решения""",Оформление результатов проектирования в соответствии с требованиями к содержанию графической части Раздела 4 проектной документации ОКС производственного и непроизводственного назначения,Постановление Правительства РФ от 16.02.2008 N 87,,Исполнение,"Представление поэтажных планов зданий и сооружений с указанием размеров и экспликации помещений
Представление чертежей характерных разрезов зданий и сооружений
Представление схем каркасов и узлов строительных конструкций
Представление планов перекрытий, покрытий, кровли",Сформулировано на основании результата анализа источников
,,BFE,,,"Формирование проектной документации ""Системы электроснабжения"" в составе Раздела 5","Оформление результатов проектирования в соответствии с требованиями к содержанию подраздела ""Системы электроснабжения"" в составе Раздела 5 проектной документации ОКС производственного и непроизводственного назначения",Постановление Правительства РФ от 16.02.2008 N 87,По виду процессов,Исполнение,,Сформулировано на основании результата анализа источников
,,,BFEA,,"Формирование текстовой части проектной документации ""Системы электроснабжения"" в составе Раздела 5","Оформление результатов проектирования в соответствии с требованиями к содержанию текстовой части подраздела ""Системы электроснабжения"" в составе Раздела 5 проектной документации ОКС производственного и непроизводственного назначения",Постановление Правительства РФ от 16.02.2008 N 87,,Исполнение,"Обоснование принятой схемы электроснабжения
Описание мероприятий по заземлению (занулению) и молниезащите
Описание проектных решений по системе электроснабжения
Описание проектных решений по системам электроосвещения
Обоснования проектных решений по системе электроснабжения",Сформулировано на основании результата анализа источников
,,,BFEB,,"Формирование графической части проектной документации ""Системы электроснабжения"" в составе Раздела 5","Оформление результатов проектирования в соответствии с требованиями к содержанию графической части подраздела ""Системы электроснабжения"" в составе Раздела 5 проектной документации ОКС производственного и непроизводственного назначения",Постановление Правительства РФ от 16.02.2008 N 87,,Исполнение,"Представление принципиальной схемы электроснабжения электроприемников
Представление принципиальной схемы сети освещения
Представление схемы заземления и молниезащиты
Представление схемы размещения электрооборудования",Сформулировано на основании результата анализа источников
,,BFF,,,"Формирование проектной документации ""Система водоснабжения"" в составе Раздела 5","Оформление результатов проектирования в соответствии с требованиями к содержанию подраздела ""Система водоснабжения"" в составе Раздела 5 проектной документации ОКС производственного и непроизводственного назначения",Постановление Правительства РФ от 16.02.2008 N 87,По виду процессов,Исполнение,,Сформулировано на основании результата анализа источников
,,,BFFA,,"Формирование текстовой части проектной документации ""Система водоснабжения"" в составе Раздела 5","Оформление результатов проектирования в соответствии с требованиями к содержанию текстовой части подраздела ""Система водоснабжения"" в составе Раздела 5 проектной документации ОКС производственного и непроизводственного назначения",Постановление Правительства РФ от 16.02.2008 N 87,,Исполнение,"Описание сведений о существующих и проектируемых источниках водоснабжения
Описание и характеристика системы водоснабжения
Описание мероприятий по учету водопотребления и резервированию воды",Сформулировано на основании результата анализа источников
,,,BFFB,,"Формирование графической части проектной документации ""Система водоснабжения"" в составе Раздела 5","Оформление результатов проектирования в соответствии с требованиями к содержанию графической части подраздела ""Система водоснабжения"" в составе Раздела 5 проектной документации ОКС производственного и непроизводственного назначения",Постановление Правительства РФ от 16.02.2008 N 87,,Исполнение,"Представление принципиальных схем систем водоснабжения ОКС
Представление плана сетей водоснабжения",Сформулировано на основании результата анализа источников
,,BFG,,,"Формирование проектной документации ""Система водоотведения"" в составе Раздела 5","Оформление результатов проектирования в соответствии с требованиями к содержанию подраздела ""Система водоотведения"" в составе Раздела 5 проектной документации ОКС производственного и непроизводственного назначения",Постановление Правительства РФ от 16.02.2008 N 87,По виду процессов,Исполнение,,Сформулировано на основании результата анализа источников
,,,BFGA,,"Формирование текстовой части проектной документации ""Система водоотведения"" в составе Раздела 5","Оформление результатов проектирования в соответствии с требованиями к содержанию текстовой части подраздела ""Система водоотведения"" в составе Раздела 5 проектной документации ОКС производственного и непроизводственного назначения",Постановление Правительства РФ от 16.02.2008 N 87,,Исполнение,"Описание сведений о существующих и проектируемых системах канализации
Обоснование принятых проектных решений по системе водоотведения",Сформулировано на основании результата анализа источников
,,,BFGB,,"Формирование графической части проектной документации ""Система водоотведения"" в составе Раздела 5","Оформление результатов проектирования в соответствии с требованиями к содержанию графической части подраздела ""Система водоотведения"" в составе Раздела 5 проектной документации ОКС производственного и непроизводственного назначения",Постановление Правительства РФ от 16.02.2008 N 87,,Исполнение,"Представление принципиальных схемы систем канализации и водоотведения
Представление плана сетей водоотведения",Сформулировано на основании результата анализа источников
,,BFH,,,"Формирование проектной документации ""Отопление, вентиляция и кондиционирование воздуха, тепловые сети"" в составе Раздела 5","Оформление результатов проектирования в соответствии с требованиями к содержанию подраздела ""Отопление, вентиляция и кондиционирование воздуха, тепловые сети"" в составе Раздела 5 проектной документации ОКС производственного и непроизводственного назначения",Постановление Правительства РФ от 16.02.2008 N 87,По виду процессов,Исполнение,,Сформулировано на основании результата анализа источников
,,,BFHA,,"Формирование текстовой части ""Отопление, вентиляция и кондиционирование воздуха, тепловые сети"" в составе Раздела 5","Оформление результатов проектирования в соответствии с требованиями к содержанию текстовой части подраздела ""Отопление, вентиляция и кондиционирование воздуха, тепловые сети"" в составе Раздела 5 проектной документации ОКС производственного и непроизводственного назначения",Постановление Правительства РФ от 16.02.2008 N 87,,Исполнение,"Описание сведений об источниках теплоснабжения
Описание и обоснование способов прокладки и конструктивных решений
Обоснование принятых систем и принципиальных решений по отоплению, вентиляции и кондиционированию воздуха помещений",Сформулировано на основании результата анализа источников
,,,BFHB,,"Формирование графической части ""Отопление, вентиляция и кондиционирование воздуха, тепловые сети"" в составе Раздела 5","Оформление результатов проектирования в соответствии с требованиями к содержанию графической части подраздела ""Отопление, вентиляция и кондиционирование воздуха, тепловые сети"" в составе Раздела 5 проектной документации ОКС производственного и непроизводственного назначения",Постановление Правительства РФ от 16.02.2008 N 87,,Исполнение,"Представление принципиальных схем систем отопления, вентиляции и кондиционирования воздуха
Представление плана сетей теплоснабжения",Сформулировано на основании результата анализа источников
,,BFJ,,,"Формирование проектной документации ""Сети связи"" в составе Раздела 5","Оформление результатов проектирования в соответствии с требованиями к содержанию подраздела ""Сети связи"" в составе Раздела 5 проектной документации ОКС производственного и непроизводственного назначения",Постановление Правительства РФ от 16.02.2008 N 87,По виду процессов,Исполнение,,Сформулировано на основании результата анализа источников
,,,BFJA,,"Формирование текстовой части ""Сети связи"" в составе Раздела 5","Оформление результатов проектирования в соответствии с требованиями к содержанию текстовой части подраздела ""Сети связи"" в составе Раздела 5 проектной документации ОКС производственного и непроизводственного назначения",Постановление Правительства РФ от 16.02.2008 N 87,,Исполнение,"Описание характеристик проектируемых сооружений и линий связи
Обоснование способа, с помощью которого устанавливаются соединения сетей связи
Описание технических решений по защите информации
Описание системы внутренней связи, часофикации, радиофикации, телевидения",Сформулировано на основании результата анализа источников
,,,BFJB,,"Формирование графической части ""Сети связи"" в составе Раздела 5","Оформление результатов проектирования в соответствии с требованиями к содержанию графической части подраздела ""Сети связи"" в составе Раздела 5 проектной документации ОКС производственного и непроизводственного назначения",Постановление Правительства РФ от 16.02.2008 N 87,,Исполнение,"Представление принципиальных схем сетей связи, локальных вычислительных сетей
Представление планов размещения оконечного оборудования
Представление планов сетей связи",Сформулировано на основании результата анализа источников
,,BFK,,,"Формирование проектной документации ""Система газоснабжения"" в составе Раздела 5","Оформление результатов проектирования в соответствии с требованиями к содержанию подраздела ""Система газоснабжения"" в составе Раздела 5 проектной документации ОКС производственного и непроизводственного назначения",Постановление Правительства РФ от 16.02.2008 N 87,По виду процессов,Исполнение,,Сформулировано на основании результата анализа источников
,,,BFKA,,"Формирование текстовой части ""Система газоснабжения"" в составе Раздела 5","Оформление результатов проектирования в соответствии с требованиями к содержанию текстовой части подраздела ""Система газоснабжения"" в составе Раздела 5 проектной документации ОКС производственного и непроизводственного назначения",Постановление Правительства РФ от 16.02.2008 N 87,,Исполнение,"Приведение расчетных (проектных) данных о потребности ОКС в газе
Описание технических решений по обеспечению учета и контроля расхода газа
Обоснование выбора маршрута прохождения газопровода",Сформулировано на основании результата анализа источников
,,,BFKB,,"Формирование графической части ""Система газоснабжения"" в составе Раздела 5","Оформление результатов проектирования в соответствии с требованиями к содержанию графической части подраздела ""Система газоснабжения"" в составе Раздела 5 проектной документации ОКС производственного и непроизводственного назначения",Постановление Правительства РФ от 16.02.2008 N 87,,Исполнение,"Представление схемы маршрута прохождения газопровода
Представление плана расположения производственных объектов и газоиспользующего оборудования
Представление плана сетей газоснабжения",Сформулировано на основании результата анализа источников
,,BFL,,,"Формирование проектной документации ""Технологические решения"" в составе Раздела 5","Оформление результатов проектирования в соответствии с требованиями к содержанию подраздела ""Технологические решения"" в составе Раздела 5 проектной документации ОКС производственного и непроизводственного назначения",Постановление Правительства РФ от 16.02.2008 N 87,По виду процессов,Исполнение,,Сформулировано на основании результата анализа источников
,,,BFLA,,"Формирование текстовой части ""Технологические решения"" в составе Раздела 5","Оформление результатов проектирования в соответствии с требованиями к содержанию текстовой части подраздела ""Технологические решения"" в составе Раздела 5 проектной документации ОКС производственного и непроизводственного назначения",Постановление Правительства РФ от 16.02.2008 N 87,,Исполнение,"Описание сведений о производственной программе и номенклатуре продукции, характеристиках принятой технологической схемы производства
Обоснование потребности в основных видах ресурсов для технологических нужд
Описание автоматизированных систем, используемых в производственном процессе
Описание и обоснование проектных решений, направленных на соблюдение требований технологических регламентов",Сформулировано на основании результата анализа источников
,,,BFLB,,"Формирование графической части ""Технологические решения"" в составе Раздела 5","Оформление результатов проектирования в соответствии с требованиями к содержанию графической части подраздела ""Технологические решения"" в составе Раздела 5 проектной документации ОКС производственного и непроизводственного назначения",Постановление Правительства РФ от 16.02.2008 N 87,,Исполнение,"Представление принципиальных схем технологических процессов
Представление технологических планировок по корпусам с указанием мест размещения основного технологического оборудования
Представление схемы расположения технических средств и устройств, предусмотренных проектными решениями",Сформулировано на основании результата анализа источников
,,BFM,,,"Формирование Раздела 6 проектной документации ""Проект организации строительства""",Оформление результатов проектирования в соответствии с требованиями к содержанию Раздела 6 проектной документации ОКС производственного и непроизводственного назначения,Постановление Правительства РФ от 16.02.2008 N 87,По виду процессов,Исполнение,,Сформулировано на основании результата анализа источников
,,,BFMA,,"Формирование текстовой части Раздела 6 проектной документации ""Проект организации строительства""",Оформление результатов проектирования в соответствии с требованиями к содержанию текстовой части Раздела 6 проектной документации ОКС производственного и непроизводственного назначения,Постановление Правительства РФ от 16.02.2008 N 87,По виду процессов,Исполнение,"Описание характеристики района по месту расположения ОКС
Описание особенностей проведения работ в условиях действующего предприятия
Обоснование принятой организационно-технологической схемы
Описание проектных решений и мероприятий по охране окружающей среды в период строительства",Сформулировано на основании результата анализа источников
,,,BFMB,,"Формирование графической части Раздела 6 проектной документации ""Проект организации строительства""",Оформление результатов проектирования в соответствии с требованиями к содержанию графической части Раздела 6 проектной документации ОКС производственного и непроизводственного назначения,Постановление Правительства РФ от 16.02.2008 N 87,По виду процессов,Исполнение,"Представление календарного плана строительства, включая подготовительный период
Представление строительного генерального плана подготовительного периода строительства",Сформулировано на основании результата анализа источников
,,BFN,,,"Формирование Раздела 7 проектной документации ""Проект организации работ по сносу или демонтажу ОКС""",Оформление результатов проектирования в соответствии с требованиями к содержанию Раздела 7 проектной документации ОКС производственного и непроизводственного назначения,Постановление Правительства РФ от 16.02.2008 N 87,По виду процессов,Исполнение,,Сформулировано на основании результата анализа источников
,,,BFNA,,"Формирование текстовой части Раздела 7 проектной документации ""Проект организации работ по сносу или демонтажу ОКС""",Оформление результатов проектирования в соответствии с требованиями к содержанию текстовой части Раздела 7 проектной документации ОКС производственного и непроизводственного назначения,Постановление Правительства РФ от 16.02.2008 N 87,,Исполнение,"Описание основания для разработки проекта организации работ по сносу или демонтажу зданий
Формирование перечня зданий, строений и сооружений ОКС, подлежащих сносу
Описание и обоснование принятого метода сноса",Сформулировано на основании результата анализа источников
,,,BFNB,,"Формирование графической части Раздела 7 проектной документации ""Проект организации работ по сносу или демонтажу ОКС""",Оформление результатов проектирования в соответствии с требованиями к содержанию графической части Раздела 7 проектной документации ОКС производственного и непроизводственного назначения,Постановление Правительства РФ от 16.02.2008 N 87,,Исполнение,"Представление плана земельного участка и прилегающих территорий с указанием места размещения сносимого объекта
Представление чертежей защитных устройств инженерной инфраструктуры и подземных коммуникаций
Представление технологических карт-схем последовательности сноса",Сформулировано на основании результата анализа источников
,,BFP,,,"Формирование Раздела 8 проектной документации ""Перечень мероприятий по охране окружающей среды""",Оформление результатов проектирования в соответствии с требованиями к содержанию Раздела 8 проектной документации ОКС производственного и непроизводственного назначения,Постановление Правительства РФ от 16.02.2008 N 87,По виду процессов,Исполнение,,Сформулировано на основании результата анализа источников
,,,BFPA,,"Формирование текстовой части Раздела 8 проектной документации ""Перечень мероприятий по охране окружающей среды""",Оформление результатов проектирования в соответствии с требованиями к содержанию текстовой части Раздела 8 проектной документации ОКС производственного и непроизводственного назначения,Постановление Правительства РФ от 16.02.2008 N 87,,Исполнение,"Представление результатов оценки воздействия ОКС на окружающую среду
Описание мероприятий по предотвращению и снижению возможного негативного воздействия намечаемой хозяйственной деятельности на окружающую среду",Сформулировано на основании результата анализа источников
,,,BFPB,,"Формирование графической части Раздела 8 проектной документации ""Перечень мероприятий по охране окружающей среды""",Оформление результатов проектирования в соответствии с требованиями к содержанию графической части Раздела 8 проектной документации ОКС производственного и непроизводственного назначения,Постановление Правительства РФ от 16.02.2008 N 87,,Исполнение,"Представление ситуационного плана района строительства с указанием на нем границ земельного участка
Представление карт-схем и сводных таблиц с результатами расчетов загрязнения атмосферы",Сформулировано на основании результата анализа источников
,,BFQ,,,"Формирование Раздела 9 проектной документации ""Мероприятия по обеспечению пожарной безопасности""",Оформление результатов проектирования в соответствии с требованиями к содержанию Раздела 9 проектной документации ОКС производственного и непроизводственного назначения,Постановление Правительства РФ от 16.02.2008 N 87,По виду процессов,Исполнение,,Сформулировано на основании результата анализа источников
,,,BFQA,,"Формирование текстовой части Раздела 9 проектной документации ""Мероприятия по обеспечению пожарной безопасности""",Оформление результатов проектирования в соответствии с требованиями к содержанию текстовой части Раздела 9 проектной документации ОКС производственного и непроизводственного назначения,Постановление Правительства РФ от 16.02.2008 N 87,,Исполнение,"Описание системы обеспечения пожарной безопасности ОКС
Обоснование противопожарных расстояний между зданиями, сооружениями и наружными установками
Описание и обоснование проектных решений по обеспечению безопасности людей при возникновении пожара",Сформулировано на основании результата анализа источников
,,,BFQB,,"Формирование графической части Раздела 9 проектной документации ""Мероприятия по обеспечению пожарной безопасности""",Оформление результатов проектирования в соответствии с требованиями к содержанию графической части Раздела 9 проектной документации ОКС производственного и непроизводственного назначения,Постановление Правительства РФ от 16.02.2008 N 87,,Исполнение,"Представление ситуационного плана организации земельного участка
Представление схемы эвакуации людей и материальных средств из зданий
Представление структурных схем технических систем противопожарной защиты",Сформулировано на основании результата анализа источников
,,BFR,,,"Формирование Раздела 10 проектной документации ""Мероприятия по обеспечению доступа инвалидов""",Оформление результатов проектирования в соответствии с требованиями к содержанию Раздела 10 проектной документации ОКС производственного и непроизводственного назначения,Постановление Правительства РФ от 16.02.2008 N 87,По виду процессов,Исполнение,,Сформулировано на основании результата анализа источников
,,,BFRA,,"Формирование текстовой части Раздела 10 проектной документации ""Мероприятия по обеспечению доступа инвалидов""",Оформление результатов проектирования в соответствии с требованиями к содержанию текстовой части Раздела 10 проектной документации ОКС производственного и непроизводственного назначения,Постановление Правительства РФ от 16.02.2008 N 87,,Исполнение,"Описание мероприятий по обеспечению доступа инвалидов к объектам
Обоснование принятых конструктивных, объемно-планировочных и иных технических решений, обеспечивающих безопасное перемещение инвалидов на объектах",Сформулировано на основании результата анализа источников
,,,BFRB,,"Формирование графической части Раздела 10 проектной документации ""Мероприятия по обеспечению доступа инвалидов""",Оформление результатов проектирования в соответствии с требованиями к содержанию графической части Раздела 10 проектной документации ОКС производственного и непроизводственного назначения,Постановление Правительства РФ от 16.02.2008 N 87,,Исполнение,"Представление схемы планировочной организации земельного участка
Представление поэтажных планов зданий ОКС с указанием путей перемещения инвалидов",Сформулировано на основании результата анализа источников
,,BFS,,,"Формирование Раздела 11 проектной документации ""Смета на строительство объектов капитального строительства""",Оформление результатов проектирования в соответствии с требованиями к содержанию Раздела 11 проектной документации ОКС производственного и непроизводственного назначения,Постановление Правительства РФ от 16.02.2008 N 87,По виду процессов,Исполнение,,Сформулировано на основании результата анализа источников
,,,BFSA,,"Формирование текстовой части Раздела 11 проектной документации ""Смета на строительство объектов капитального строительства""",Оформление результатов проектирования в соответствии с требованиями к содержанию текстовой части Раздела 11 проектной документации ОКС производственного и непроизводственного назначения,Постановление Правительства РФ от 16.02.2008 N 87,,Исполнение,"Описание сведений о месте расположения ОКС
Обоснование особенностей определения сметной стоимости строительных работ для ОКС
Приведение сводки затрат, сводного сметного расчета стоимости строительства, объектных и локальных сметных расчетов, сметных расчетов на отдельные виды затрат",Сформулировано на основании результата анализа источников
,,BFT,,,"Формирование Раздела 12 проектной документации ""Иная документация в случаях, предусмотренных федеральными законами""",Оформление результатов проектирования в соответствии с требованиями к содержанию Раздела 12 проектной документации ОКС производственного и непроизводственного назначения,Постановление Правительства РФ от 16.02.2008 N 87,По виду процессов,Исполнение,,Сформулировано на основании результата анализа источников
,,,BFTA,,"Формирование текстовой части Раздела 12 проектной документации ""Иная документация в случаях, предусмотренных федеральными законами""",Оформление результатов проектирования в соответствии с требованиями к содержанию текстовой части Раздела 12 проектной документации ОКС производственного и непроизводственного назначения,Постановление Правительства РФ от 16.02.2008 N 87,,Исполнение,"Описание обоснования инвестиций (ОБИН)
Описание мероприятий по гражданской обороне
Описание мероприятий по предупреждению чрезвычайных ситуаций природного и техногенного характера для объектов использования атомной энергии",Сформулировано на основании результата анализа источников
,,,BFTB,,"Формирование графической части Раздела 12 проектной документации ""Иная документация в случаях, предусмотренных федеральными законами""",Оформление результатов проектирования в соответствии с требованиями к содержанию графической части Раздела 12 проектной документации ОКС производственного и непроизводственного назначения,Постановление Правительства РФ от 16.02.2008 N 87,,Исполнение,,Сформулировано на основании результата анализа источников
,BG,,,,Документирование результатов разработки проектных решений линейных ОКС,Оформление результатов разработки проектных решений линейных ОКС,"ГОСТ Р ИСО/МЭК ТО 16326-2002
ГОСТ Р ИСО 21500-2014
ГОСТ Р ИСО 9000-2015
ГОСТ Р ИСО 10005-2019",По виду процессов,Исполнение,,Сформулировано на основании результата анализа источников
,,BGA,,,"Формирование Раздела 1 проектной документации линейного объекта, содержащего общие сведения о проекте",Оформление результатов проектирования в соответствии с требованиями к содержанию Раздела 1 проектной документации линейных ОКС,Постановление Правительства РФ от 16.02.2008 N 87,По виду процессов,Исполнение,,Сформулировано на основании результата анализа источников
,,,BGAA,,"Формирование текстовой части Раздела 1 проектной документации линейного объекта, содержащего общие сведения о проекте",Оформление результатов проектирования в соответствии с требованиями к содержанию текстовой части Раздела 1 проектной документации линейных ОКС,Постановление Правительства РФ от 16.02.2008 N 87,,Исполнение,"Описание исходных данных и условий для подготовки проектной документации на линейный объект
Описание сведений о климатической, географической и инженерно-геологической характеристике района
Описание сведений о линейном объекте с указанием наименования, назначения и месторасположения
Представление технико-экономической характеристики",Сформулировано на основании результата анализа источников
,,BGB,,,"Формирование Раздела 2 проектной документации линейного объекта ""Проект полосы отвода""",Оформление результатов проектирования в соответствии с требованиями к содержанию Раздела 2 проектной документации линейных ОКС,Постановление Правительства РФ от 16.02.2008 N 87,По виду процессов,Исполнение,,Сформулировано на основании результата анализа источников
,,,BGBA,,"Формирование текстовой части Раздела 2 проектной документации линейного объекта ""Проект полосы отвода""",Оформление результатов проектирования в соответствии с требованиями к содержанию текстовой части Раздела 2 проектной документации линейных ОКС,Постановление Правительства РФ от 16.02.2008 N 87,,Исполнение,"Описание характеристики трассы линейного объекта
Представление расчета размеров земельных участков
Описание решений по организации рельефа трассы и инженерной подготовке территории
Обоснование необходимости размещения объекта и его инфраструктуры",Сформулировано на основании результата анализа источников
,,,BGBB,,"Формирование графической части Раздела 2 проектной документации линейного объекта ""Проект полосы отвода""",Оформление результатов проектирования в соответствии с требованиями к содержанию графической части Раздела 2 проектной документации линейных ОКС,Постановление Правительства РФ от 16.02.2008 N 87,,Исполнение,"Представление топографической карты-схемы
Представление плана и продольного профиля трассы с инженерно-геологическим разрезом
Представление плана трассы с указанием участков воздушных линий связи",Сформулировано на основании результата анализа источников
,,BGC,,,"Формирование Раздела 3 проектной документации ""Технологические и конструктивные решения линейного объекта. Искусственные сооружения""",Оформление результатов проектирования в соответствии с требованиями к содержанию Раздела 3 проектной документации линейных ОКС,Постановление Правительства РФ от 16.02.2008 N 87,По виду процессов,Исполнение,,Сформулировано на основании результата анализа источников
,,,BGCA,,"Формирование текстовой части Раздела 3 проектной документации ""Технологические и конструктивные решения линейного объекта. Искусственные сооружения""",Оформление результатов проектирования в соответствии с требованиями к содержанию текстовой части Раздела 3 проектной документации линейных ОКС,Постановление Правительства РФ от 16.02.2008 N 87,,Исполнение,"Описание сведений о топографических, инженерно-геологических, гидрогеологических, метеорологических и климатических условиях участка
Описание сведений об особых природно-климатических условиях земельного участка, предоставляемого для размещения линейного объекта
Описание сведений о проектной мощности линейного объекта
Описание характеристик технологического оборудования и устройств линейного объекта
Описание мероприятий по энергосбережению
Обоснование количества и типов оборудования
Описание мероприятий, обеспечивающих соблюдение требований по охране труда в процессе эксплуатации линейного объекта",Сформулировано на основании результата анализа источников
,,,BGCB,,"Формирование графической части Раздела 3 проектной документации ""Технологические и конструктивные решения линейного объекта. Искусственные сооружения""",Оформление результатов проектирования в соответствии с требованиями к содержанию графической части Раздела 3 проектной документации линейных ОКС,Постановление Правительства РФ от 16.02.2008 N 87,,Исполнение,"Представление чертежей конструктивных решений несущих конструкций и отдельных элементов опор
Представление чертежей основных элементов искусственных сооружений, конструкций
Представление принципиальной схемы электроснабжения
Представление принципиальных схем систем канализации и водоотведения",Сформулировано на основании результата анализа источников
,,BGD,,,"Формирование Раздела 4 проектной документации ""Здания, строения и сооружения, входящие в инфраструктуру линейного объекта""",Оформление результатов проектирования в соответствии с требованиями к содержанию Раздела 4 проектной документации линейных ОКС,Постановление Правительства РФ от 16.02.2008 N 87,По виду процессов,Исполнение,,Сформулировано на основании результата анализа источников
,,,BGDA,,"Формирование текстовой части Раздела 4 проектной документации ""Здания, строения и сооружения, входящие в инфраструктуру линейного объекта""",Оформление результатов проектирования в соответствии с требованиями к содержанию текстовой части Раздела 4 проектной документации линейных ОКС,Постановление Правительства РФ от 16.02.2008 N 87,,Исполнение,"Формирование перечня зданий, строений и сооружений, проектируемых в составе линейного объекта
Описание сведений о строительстве новых, реконструкции существующих ОКС производственного и непроизводственного назначения, обеспечивающих функционирование линейного объекта
Описание сведений о проектной документации, применяемой при проектировании зданий и сооружений, проектируемых в составе линейного объекта",Сформулировано на основании результата анализа источников
,,,BGDB,,"Формирование графической части Раздела 4 проектной документации ""Здания, строения и сооружения, входящие в инфраструктуру линейного объекта""",Оформление результатов проектирования в соответствии с требованиями к содержанию графической части Раздела 4 проектной документации линейных ОКС,Постановление Правительства РФ от 16.02.2008 N 87,,Исполнение,"Представление схемы линейного объекта с обозначением мест расположения зданий, строений и сооружений, проектируемых в составе линейного объекта и обеспечивающих его функционирование",Сформулировано на основании результата анализа источников
,,BGE,,,"Формирование Раздела 5 проектной документации линейного объекта ""Проект организации строительства""",Оформление результатов проектирования в соответствии с требованиями к содержанию Раздела 5 проектной документации линейных ОКС,Постановление Правительства РФ от 16.02.2008 N 87,По виду процессов,Исполнение,,Сформулировано на основании результата анализа источников
,,,BGEA,,"Формирование текстовой части Раздела 5 проектной документации линейного объекта ""Проект организации строительства""",Оформление результатов проектирования в соответствии с требованиями к содержанию текстовой части Раздела 5 проектной документации линейных ОКС,Постановление Правительства РФ от 16.02.2008 N 87,,Исполнение,"Описание сведений о размерах земельных участков, временно отводимых на период строительства
Описание сведений о местах размещения баз материально-технического обеспечения, производственных организаций и объектов энергетического обеспечения
Обоснование организационно-технологической схемы
Формирование перечня основных видов строительных и монтажных работ",Сформулировано на основании результата анализа источников
,,,BGEB,,"Формирование графической части Раздела 5 проектной документации линейного объекта ""Проект организации строительства""",Оформление результатов проектирования в соответствии с требованиями к содержанию графической части Раздела 5 проектной документации линейных ОКС,Постановление Правительства РФ от 16.02.2008 N 87,,Исполнение,"Представление ситуационного плана (карты-схемы) района с указанием плана трассы и пунктов ее начала и окончания
Представление плана полосы отвода с указанием существующих в полосе отвода, возводимых и подлежащих сносу зданий, строений и сооружений
Представление организационно-технологической схемы",Сформулировано на основании результата анализа источников
,,BGF,,,"Формирование Раздела 6 проектной документации линейного объекта ""Проект организации работ по сносу (демонтажу) линейного объекта""",Оформление результатов проектирования в соответствии с требованиями к содержанию Раздела 6 проектной документации линейных ОКС,Постановление Правительства РФ от 16.02.2008 N 87,По виду процессов,Исполнение,,Сформулировано на основании результата анализа источников
,,,BGFA,,"Формирование текстовой части Раздела 6 проектной документации линейного объекта ""Проект организации работ по сносу (демонтажу) линейного объекта""",Оформление результатов проектирования в соответствии с требованиями к содержанию текстовой части Раздела 6 проектной документации линейных ОКС,Постановление Правительства РФ от 16.02.2008 N 87,,Исполнение,"Описание и обоснование принятого метода сноса (демонтажа)
Описание проектных решений по устройству временных инженерных сетей на период строительства линейного объекта
Основание для разработки проекта организации работ по сносу или демонтажу зданий, строений и сооружений
Формирование перечня зданий, строений и сооружений объектов капитального строительства, подлежащих сносу (демонтажу)",Сформулировано на основании результата анализа источников
,,,BGFB,,"Формирование графической части Раздела 6 проектной документации линейного объекта ""Проект организации работ по сносу (демонтажу) линейного объекта""",Оформление результатов проектирования в соответствии с требованиями к содержанию графической части Раздела 6 проектной документации линейных ОКС,Постановление Правительства РФ от 16.02.2008 N 87,,Исполнение,"Представление плана земельного участка и прилегающих территорий с указанием места размещения сносимого объекта
Представление чертежей защитных устройств инженерной инфраструктуры и подземных коммуникаций
Представление технологических карт-схем последовательности сноса (демонтажа) строительных конструкций и оборудования",Сформулировано на основании результата анализа источников
,,BGG,,,"Формирование Раздела 7 проектной документации ""Мероприятия по охране окружающей среды""",Оформление результатов проектирования в соответствии с требованиями к содержанию Раздела 7 проектной документации линейных ОКС,Постановление Правительства РФ от 16.02.2008 N 87,По виду процессов,Исполнение,,Сформулировано на основании результата анализа источников
,,,BGGA,,"Формирование текстовой части Раздела 7 проектной документации ""Мероприятия по охране окружающей среды""",Оформление результатов проектирования в соответствии с требованиями к содержанию текстовой части Раздела 7 проектной документации линейных ОКС,Постановление Правительства РФ от 16.02.2008 N 87,,Исполнение,"Приведение результатов оценки воздействия на окружающую среду
Формирование перечня мероприятий по предотвращению и (или) снижению возможного негативного воздействия намечаемой хозяйственной деятельности на окружающую среду
Формирование перечня и расчета затрат на реализацию природоохранных мероприятий и компенсационных выплат",Сформулировано на основании результата анализа источников
,,,BGGB,,"Формирование графической части Раздела 7 проектной документации ""Мероприятия по охране окружающей среды""",Оформление результатов проектирования в соответствии с требованиями к содержанию графической части Раздела 7 проектной документации линейных ОКС,Постановление Правительства РФ от 16.02.2008 N 87,,Исполнение,"Представление карты-схемы с указанием размещения линейного объекта и границ зон с особыми условиями использования территории
Представление карты-схемы границ зон экологического риска и возможного загрязнения окружающей природной среды вследствие аварии на линейном объекте",Сформулировано на основании результата анализа источников
,,BGH,,,"Формирование Раздела 8 проектной документации линейного объекта ""Мероприятия по обеспечению пожарной безопасности""",Оформление результатов проектирования в соответствии с требованиями к содержанию Раздела 8 проектной документации линейных ОКС,Постановление Правительства РФ от 16.02.2008 N 87,По виду процессов,Исполнение,,Сформулировано на основании результата анализа источников
,,,BGHA,,"Формирование текстовой части Раздела 8 проектной документации линейного объекта ""Мероприятия по обеспечению пожарной безопасности""",Оформление результатов проектирования в соответствии с требованиями к содержанию текстовой части Раздела 8 проектной документации линейных ОКС,Постановление Правительства РФ от 16.02.2008 N 87,,Исполнение,"Описание системы обеспечения пожарной безопасности линейного объекта
Описание характеристики пожарной опасности технологических процессов
Описание и обоснование проектных решений, обеспечивающих пожарную безопасность линейного объекта",Сформулировано на основании результата анализа источников
,,,BGHB,,"Формирование графической части Раздела 8 проектной документации линейного объекта ""Мероприятия по обеспечению пожарной безопасности""",Оформление результатов проектирования в соответствии с требованиями к содержанию графической части Раздела 8 проектной документации линейных ОКС,Постановление Правительства РФ от 16.02.2008 N 87,,Исполнение,"Представление ситуационного плана организации земельного участка, предоставленного для размещения линейного объекта
Представление структурных схем технических систем (средств) противопожарной защиты",Сформулировано на основании результата анализа источников
,,BGJ,,,"Формирование Раздела 9 проектной документации линейного объекта ""Смета на строительство""",Оформление результатов проектирования в соответствии с требованиями к содержанию Раздела 9 проектной документации линейных ОКС,Постановление Правительства РФ от 16.02.2008 N 87,По виду процессов,Исполнение,,Сформулировано на основании результата анализа источников
,,,BGJA,,"Формирование текстовой части Раздела 9 проектной документации линейного объекта ""Смета на строительство""",Оформление результатов проектирования в соответствии с требованиями к содержанию текстовой части Раздела 9 проектной документации линейных ОКС,Постановление Правительства РФ от 16.02.2008 N 87,,Исполнение,"Описание сведений о месте расположения линейного объекта
Обоснование особенностей определения сметной стоимости строительных работ
Приведение сводки затрат, сводного сметного расчета стоимости строительства, объектных и локальных сметных расчетов, сметных расчетов на отдельные виды затрат",Сформулировано на основании результата анализа источников
,,BGK,,,"Формирование Раздела 10 проектной документации линейного объекта ""Иная документация в случаях, предусмотренных федеральными законами""",Оформление результатов проектирования в соответствии с требованиями к содержанию Раздела 10 проектной документации линейных ОКС,Постановление Правительства РФ от 16.02.2008 N 87,По виду процессов,Исполнение,,Сформулировано на основании результата анализа источников
,,,BGKA,,"Формирование текстовой части Раздела 10 проектной документации линейного объекта ""Иная документация в случаях, предусмотренных федеральными законами""",Оформление результатов проектирования в соответствии с требованиями к содержанию текстовой части Раздела 10 проектной документации линейных ОКС,Постановление Правительства РФ от 16.02.2008 N 87,,Исполнение,Описание обоснования инвестиций (ОБИН) для линейного объекта,Сформулировано на основании результата анализа источников
,,,BGKB,,"Формирование графической части Раздела 10 проектной документации линейного объекта ""Иная документация в случаях, предусмотренных федеральными законами""",Оформление результатов проектирования в соответствии с требованиями к содержанию графической части Раздела 10 проектной документации линейных ОКС,Постановление Правительства РФ от 16.02.2008 N 87,,Исполнение,,Сформулировано на основании результата анализа источников
,BH,,,,Разработка рабочей документации,,,,Исполнение,,
,BJ,,,,Разработка материалов ОБИН,,,,Исполнение,,
,BK,,,,Формирование информационной модели объекта капитального строительства ,,ГОСТ Р ИСО 22263–2017 ,,Исполнение,,
C,,,,,Процесс проверки проектных решений,"Действия всех видов верификации и валидации проектных решений, в том числе выбранные методы и регистрация полученных результатов проверки","ГОСТ Р ИСО 10005-2019
Постановление Правительства РФ от 05.03.2007 N 145
СП 35.13330.2011
СП 86.13330.2014",По виду процессов,,,Сформулировано на основании результата анализа источников
,CA,,,,Проверка и оценка проектных решений,"Процесс оценки соответствия установленным требованиям посредством проведения наблюдения или экспертизы, которое сопровождается, при необходимости, выполнением расчетов, измерений, испытаний","ГОСТ Р ИСО 9001-2015
ГОСТ Р ИСО 10005-2019
ГОСТ Р ИСО/МЭК ТО 16326-2002
ГОСТ Р 54869-2011",По виду процессов,Контроль,,Сформулировано на основании результата анализа источников
,,CAA,,,Верификация результатов проектирования,"Подтверждение результатов проектирования посредством предоставления объективных свидетельств того, что установленные требования к объекту проектирования учтены","СП 24.13330.2011
ГОСТ Р ИСО 9001-2015
ГОСТ Р ИСО 9000-2015
ГОСТ Р 54147-2010",По виду процессов,Контроль,,Сформулировано на основании результата анализа источников
,,,,CAA010,Проведение анализа проектной документации перед ее выпуском,"Деятельность, предпринимаемая для установления пригодности и адекватности проектной документации перед ее выпуском",,,Контроль,,Сформулировано на основании результата анализа источников
,,,,CAA020,Сравнение нового проектного решения с соответствующим апробированным проектом,Процесс сопоставления нового проектного решения с соответствующим апробированным проектом с целью выявления несоответствий,,,Контроль,,Сформулировано на основании результата анализа источников
,,,,CAA030,Проведение альтернативных расчетов,"Проведение расчетов, представляемых одновременно с основными расчетами, но содержащее отличающиеся от основного заданные условия",,,Контроль,,Сформулировано на основании результата анализа источников
,,CAB,,,Валидация результатов проектирования,"Подтверждение результатов проектирования посредством предоставления объективных свидетельств того, что установленные требования к объекту проектирования выполнены в полном объеме","ГОСТ Р 57193-2016
ГОСТ Р 54147-2010
ГОСТ Р ИСО 9000-2015
ГОСТ Р ИСО 9001-2015",По виду процессов,Контроль,,Сформулировано на основании результата анализа источников
,,,,CAB010,Осуществление авторского надзора,"Совокупность действий, осуществляемых визуально и документально и направленных на определение соответствия решений и действий, осуществляемых подрядчиком в процессе возведения объекта строительства, принятым в рабочем проекте строительства решениям","Градостроительный кодекс Российской Федерации от 29.12.2004 N 190-ФЗ
Федеральный закон от 30.12.2009 N 384-ФЗ
СП 119.13330.2017",,Контроль,,Сформулировано на основании результата анализа источников
,,,,CAB020,Осуществление государственного строительного надзора,"Осуществление надзора за строительством, проводимый органом исполнительной власти субъекта РФ, с целью проверки соответствия выполнения работ и применяемых строительных материалов в процессе строительства требованиям технических регламентов, проектной (рабочей) документации и нормативной документации",Градостроительный кодекс Российской Федерации от 29.12.2004 N 190-ФЗ,,Контроль,,Сформулировано на основании результата анализа источников
,,,,CAB030,Экспертиза проектных решений,"Оценка соответствия проектной документации всем требованиям технических регламентов, включая экологические, санитарно-эпидемиологические требованиям, требованиям радиационной, ядерной, промышленной, пожарной и другой безопасности, а также требованиям государственной охраны предметов культурного наследия",Постановление Правительства РФ от 05.03.2007 N 145,,Контроль,"Государственная экспертиза проектных решений
Негосударственная экспертиза проектных решений
Проверка достоверности определения сметной стоимости",Сформулировано на основании результата анализа источников
,,,,CAB040,Общественное обсуждение проектных решений,"Комплекс мероприятий, направленный на информирование общественности о результатах рассмотрения и анализа проектных решений с целью выявления общественного мнения, учета предложений и замечаний",Градостроительный кодекс Российской Федерации от 29.12.2004 N 190-ФЗ,,Контроль,,Сформулировано на основании результата анализа источников
,,,,CAB050,Публичное слушание проектных решений,"Процесс проведения публичных слушаний проектных решений для обеспечения учета требований и потребностей заинтересованных сторон, включая жителей муниципального образования",Градостроительный кодекс Российской Федерации от 29.12.2004 N 190-ФЗ,,Контроль,,Сформулировано на основании результата анализа источников
,,,,CAB060,Проведение квалификационных испытаний объекта проектирования,"Демонстрация способности удовлетворять всем требованиям, установленным для объекта",,,Контроль,,Сформулировано на основании результата анализа источников
,,,,CAB070,Проведение проектных приемочных испытаний,"Проведение испытаний, позволяющих подтвердить, что испытываемый объект соответствует установленным требованиям",,,Контроль,,Сформулировано на основании результата анализа источников
,,,,CAB080,Проверка информационной модели объекта капитального строительства,,ГОСТ Р ИСО 22263–2017 ,,Контроль,,
,,,,CAB090,Разбор несоответствий и дефектов в информационной модели объекта капитального строительства,,ГОСТ Р ИСО 22263–2017 ,,Контроль,,
,CB,,,,Документирование результатов проверки проектных решений,Фиксация результатов проверки проектных решений на носителе по установленным правилам,"ГОСТ Р 54869-2011
ГОСТ Р ИСО/МЭК ТО 16326-2002
ГОСТ Р ИСО 21500-2014",По виду процессов,Контроль,,Сформулировано на основании результата анализа источников
,,CBA,,,Формирование заключений о проверке проектных решений,Фиксация результатов проверки проектных решений в виде заключений,"Постановление Правительства РФ от 05.03.2007 N 145
Градостроительный кодекс Российской Федерации от 29.12.2004 N 190-ФЗ",,Контроль,Формирование заключения государственной экспертизы,Сформулировано на основании результата анализа источников
,,CBB,,,Формирование протоколов проверки проектных решений,Фиксация результатов проверки проектных решений в виде протоколов,"Градостроительный кодекс Российской Федерации от 29.12.2004 N 190-ФЗ
ГОСТ Р 10.0.05-2019/ИСО 12006-2:2015",,Контроль,Составление протокола публичного слушания,Сформулировано на основании результата анализа источников
,,CBC,,,Формирование отчетов о проверке проектных решений,Фиксация результатов проверки проектных решений в виде отчетов,"ГОСТ Р 57193-2016
ЕСККАЭ.1
ГОСТ Р ИСО 21504-2016",,Контроль,Составление отчета о проверке проектной документации,Сформулировано на основании результата анализа источников
,CC,,,,Согласование результатов проектирования,Процесс проверки целесообразности и соответствия результатов проектирования утвержденным требованиям к объекту и процессам проектирования,"СП 42.13330.2016
СП 86.13330.2014
Постановление Правительства РФ от 16.02.2008 N 87
ГОСТ Р ИСО 21500-2014",По виду процессов,Контроль,,Сформулировано на основании результата анализа источников
,,CCA,,,Согласование проектных решений,Процесс проверки целесообразности и соответствия проектных решений утвержденным требованиям к объекту и процессам проектирования,"ГОСТ Р ИСО/МЭК ТО 16326-2002
ГОСТ Р ИСО 21500-2014",,Контроль,,Сформулировано на основании результата анализа источников
,,CCB,,,Согласование изменений проектных решений,Процесс проверки целесообразности и соответствия изменений проектных решений утвержденным требованиям к объекту и процессам проектирования,ГОСТ Р ИСО 21500-2014,,Контроль,,Сформулировано на основании результата анализа источников
D,,,,,Процесс завершения,Процесс закрытия всех действий для формального завершения проектных работ,"ГОСТ Р ИСО/МЭК ТО 16326-2002
ГОСТ Р ИСО 21500-2014
ГОСТ Р ИСО 10006-2019
ГОСТ Р 54869-2011",По виду процессов,,,Сформулировано на основании результата анализа источников
,DA,,,,Утверждение документации,,,,Завершение,,
,DB,,,,Выпуск документации,,,По виду процессов,Завершение,,
,,DBA,,,Печать документации,,,,Завершение,,
,,DBB,,,Запись результатов проектирования и документации на материальные носители,Процесс фиксации результатов проектирования и документации для сохранения на материальных носителях,ГОСТ Р ИСО 9000-2015,,Завершение,,Сформулировано на основании результата анализа источников
,,DBC,,,Фиксация результатов проектирования и документации в информационных системах,Процесс фиксации результатов проектирования и документации для сохранения в информационных системах,"ГОСТ Р 54871-2011
СП 23.13330.2018",,Завершение,,Сформулировано на основании результата анализа источников
,,,,DBC010,Фиксация результатов проектирования и документации в информационной системе организации,Процесс фиксации результатов проектирования и документации для сохранения в информационной системе организации,,,Завершение,,Сформулировано на основании результата анализа источников
,,,,DBC020,Фиксация результатов проектирования и документации в государственной информационной системе,Процесс фиксации результатов проектирования и документации для сохранения в государственной информационной системе,,,Завершение,,Сформулировано на основании результата анализа источников
,,DBD,,,Сдача результатов проектирования и документации в архив,"Процесс передачи результатов проектирования и документации в учреждение или структурное подразделение организации, осуществляющие хранение, комплектование, учет и использование архивных документов","ГОСТ Р ИСО/МЭК ТО 16326-2002
ГОСТ Р ИСО 21500-2014",,Завершение,,Сформулировано на основании результата анализа источников